ISO-10303-21;
HEADER;
/* Generated by software containing ST-Developer
 * from STEP Tools, Inc. (www.steptools.com) 
 */
/* OPTION: using custom renumber hook */

FILE_DESCRIPTION(
/* description */ ('STEP AP242 Edition 2',
'CAx-IF Rec.Pracs.---Representation and Presentation of Product Manufa
cturing Information (PMI)---4.0---2014-10-13',
'CAx-IF Rec.Pracs.---3D Tessellated Geometry---0.4---2014-09-14','2;1',
'CAx-IF Rec.Pracs.---User Defined Attributes---1.5---2016-08-15'),
/* implementation_level */ '2;1');

FILE_NAME(
/* name */ '6a5b416f4db7cf1288f03fdb',
/* time_stamp */ '2026-07-18T09:03:45Z',
/* author */ (''),
/* organization */ (''),
/* preprocessor_version */ 'ST-DEVELOPER v20',
/* originating_system */ 'ONSHAPE BY PTC INC, 1.218',
/* authorisation */ '  ');

FILE_SCHEMA (('AP242_MANAGED_MODEL_BASED_3D_ENGINEERING_MIM_LF { 1 0 10303 442 3 1 4 }'));
ENDSEC;

DATA;
#10=COLOUR_RGB('',0.376470588235294,0.647058823529412,0.980392156862745);
#11=CONTEXT_DEPENDENT_SHAPE_REPRESENTATION(#19,#5150);
#12=CONTEXT_DEPENDENT_SHAPE_REPRESENTATION(#20,#5152);
#13=CONTEXT_DEPENDENT_SHAPE_REPRESENTATION(#21,#5154);
#14=CONTEXT_DEPENDENT_SHAPE_REPRESENTATION(#22,#5156);
#15=NEXT_ASSEMBLY_USAGE_OCCURRENCE('NAUO1','motor_housing',
'motor_housing',#5157,#5158,'');
#16=NEXT_ASSEMBLY_USAGE_OCCURRENCE('NAUO2','mid_ring','mid_ring',#5157,
#5159,'');
#17=NEXT_ASSEMBLY_USAGE_OCCURRENCE('NAUO3','lower_ring','lower_ring',#5157,
#5160,'');
#18=NEXT_ASSEMBLY_USAGE_OCCURRENCE('NAUO4','upper_ring','upper_ring',#5157,
#5161,'');
#19=(
REPRESENTATION_RELATIONSHIP(' ',' ',#2750,#2749)
REPRESENTATION_RELATIONSHIP_WITH_TRANSFORMATION(#23)
SHAPE_REPRESENTATION_RELATIONSHIP()
);
#20=(
REPRESENTATION_RELATIONSHIP(' ',' ',#2751,#2749)
REPRESENTATION_RELATIONSHIP_WITH_TRANSFORMATION(#24)
SHAPE_REPRESENTATION_RELATIONSHIP()
);
#21=(
REPRESENTATION_RELATIONSHIP(' ',' ',#2752,#2749)
REPRESENTATION_RELATIONSHIP_WITH_TRANSFORMATION(#25)
SHAPE_REPRESENTATION_RELATIONSHIP()
);
#22=(
REPRESENTATION_RELATIONSHIP(' ',' ',#2753,#2749)
REPRESENTATION_RELATIONSHIP_WITH_TRANSFORMATION(#26)
SHAPE_REPRESENTATION_RELATIONSHIP()
);
#23=ITEM_DEFINED_TRANSFORMATION(' ',' ',#2754,#2903);
#24=ITEM_DEFINED_TRANSFORMATION(' ',' ',#2754,#2912);
#25=ITEM_DEFINED_TRANSFORMATION(' ',' ',#2754,#2921);
#26=ITEM_DEFINED_TRANSFORMATION(' ',' ',#2754,#2930);
#27=SHAPE_REPRESENTATION_RELATIONSHIP('','',#2750,#31);
#28=SHAPE_REPRESENTATION_RELATIONSHIP('','',#2751,#32);
#29=SHAPE_REPRESENTATION_RELATIONSHIP('','',#2752,#33);
#30=SHAPE_REPRESENTATION_RELATIONSHIP('','',#2753,#34);
#31=ADVANCED_BREP_SHAPE_REPRESENTATION('',(#2740),#5136);
#32=ADVANCED_BREP_SHAPE_REPRESENTATION('',(#2741),#5137);
#33=ADVANCED_BREP_SHAPE_REPRESENTATION('',(#2742),#5138);
#34=ADVANCED_BREP_SHAPE_REPRESENTATION('',(#2743),#5139);
#35=ELLIPSE('',#2824,0.00403689818881913,0.003);
#36=ELLIPSE('',#2825,0.00403689818881913,0.003);
#37=ELLIPSE('',#2832,0.00403689818881913,0.003);
#38=ELLIPSE('',#2833,0.00403689818881913,0.003);
#39=ELLIPSE('',#2840,0.00403689818881913,0.003);
#40=ELLIPSE('',#2841,0.00403689818881913,0.003);
#41=ELLIPSE('',#2848,0.00403689818881913,0.003);
#42=ELLIPSE('',#2849,0.00403689818881913,0.003);
#43=ELLIPSE('',#2850,0.00424264068711928,0.003);
#44=ELLIPSE('',#2851,0.00424264068711928,0.003);
#45=ELLIPSE('',#2852,0.00424264068711928,0.003);
#46=ELLIPSE('',#2853,0.00424264068711928,0.003);
#47=ELLIPSE('',#2854,0.00424264068711928,0.003);
#48=ELLIPSE('',#2855,0.00424264068711928,0.003);
#49=ELLIPSE('',#2856,0.00424264068711928,0.003);
#50=ELLIPSE('',#2857,0.00424264068711928,0.003);
#51=ELLIPSE('',#2858,0.00424264068711928,0.003);
#52=ELLIPSE('',#2859,0.00424264068711928,0.003);
#53=ELLIPSE('',#2860,0.00424264068711928,0.003);
#54=ELLIPSE('',#2861,0.00424264068711928,0.003);
#55=ELLIPSE('',#2862,0.00424264068711928,0.003);
#56=ELLIPSE('',#2863,0.00424264068711928,0.003);
#57=ELLIPSE('',#2864,0.00424264068711928,0.003);
#58=ELLIPSE('',#2865,0.00424264068711928,0.003);
#59=ELLIPSE('',#2866,0.00212132034355965,0.0015);
#60=ELLIPSE('',#2867,0.00212132034355965,0.0015);
#61=ELLIPSE('',#2873,0.00212132034355965,0.0015);
#62=ELLIPSE('',#2874,0.00212132034355965,0.0015);
#63=ELLIPSE('',#2875,0.00212132034355965,0.0015);
#64=ELLIPSE('',#2878,0.00212132034355965,0.0015);
#65=ELLIPSE('',#2882,0.00212132034355965,0.0015);
#66=ELLIPSE('',#2883,0.00212132034355965,0.0015);
#67=ELLIPSE('',#2884,0.00212132034355965,0.0015);
#68=ELLIPSE('',#2885,0.00212132034355965,0.0015);
#69=ELLIPSE('',#2891,0.00212132034355965,0.0015);
#70=ELLIPSE('',#2892,0.00212132034355965,0.0015);
#71=ELLIPSE('',#2893,0.00212132034355965,0.0015);
#72=ELLIPSE('',#2894,0.00212132034355965,0.0015);
#73=ELLIPSE('',#2901,0.00212132034355965,0.0015);
#74=ELLIPSE('',#2902,0.00212132034355965,0.0015);
#75=B_SPLINE_SURFACE_WITH_KNOTS('',1,1,((#3810,#3811),(#3812,#3813)),
 .PLANE_SURF.,.F.,.F.,.F.,(2,2),(2,2),(0.0427315991146133,0.954561694782075),
(0.0419418409000891,0.956121153583821),.PIECEWISE_BEZIER_KNOTS.);
#76=B_SPLINE_SURFACE_WITH_KNOTS('',1,1,((#3844,#3845),(#3846,#3847)),
 .PLANE_SURF.,.F.,.F.,.F.,(2,2),(2,2),(0.0427315991146132,0.954561694782074),
(0.0438788464161791,0.958058159099911),.PIECEWISE_BEZIER_KNOTS.);
#77=B_SPLINE_SURFACE_WITH_KNOTS('',1,1,((#3848,#3849),(#3850,#3851)),
 .PLANE_SURF.,.F.,.F.,.F.,(2,2),(2,2),(0.,1.),(0.,1.),.UNSPECIFIED.);
#78=B_SPLINE_SURFACE_WITH_KNOTS('',1,1,((#3869,#3870),(#3871,#3872)),
 .PLANE_SURF.,.F.,.F.,.F.,(2,2),(2,2),(0.,1.),(0.,1.),.UNSPECIFIED.);
#79=B_SPLINE_SURFACE_WITH_KNOTS('',1,1,((#3890,#3891),(#3892,#3893)),
 .PLANE_SURF.,.F.,.F.,.F.,(2,2),(2,2),(0.,1.),(0.,1.),.UNSPECIFIED.);
#80=B_SPLINE_SURFACE_WITH_KNOTS('',1,1,((#3896,#3897),(#3898,#3899)),
 .PLANE_SURF.,.F.,.F.,.F.,(2,2),(2,2),(0.,1.),(0.,1.),.UNSPECIFIED.);
#81=B_SPLINE_SURFACE_WITH_KNOTS('',1,1,((#3900,#3901),(#3902,#3903)),
 .PLANE_SURF.,.F.,.F.,.F.,(2,2),(2,2),(0.,1.),(0.,1.),.UNSPECIFIED.);
#82=B_SPLINE_SURFACE_WITH_KNOTS('',1,1,((#3905,#3906),(#3907,#3908)),
 .PLANE_SURF.,.F.,.F.,.F.,(2,2),(2,2),(0.,1.),(0.,1.),.UNSPECIFIED.);
#83=B_SPLINE_SURFACE_WITH_KNOTS('',1,1,((#3910,#3911),(#3912,#3913)),
 .PLANE_SURF.,.F.,.F.,.F.,(2,2),(2,2),(0.,1.),(0.,1.),.UNSPECIFIED.);
#84=B_SPLINE_SURFACE_WITH_KNOTS('',1,1,((#3927,#3928),(#3929,#3930)),
 .PLANE_SURF.,.F.,.F.,.F.,(2,2),(2,2),(0.,1.),(0.,1.),.UNSPECIFIED.);
#85=B_SPLINE_SURFACE_WITH_KNOTS('',1,1,((#3944,#3945),(#3946,#3947)),
 .PLANE_SURF.,.F.,.F.,.F.,(2,2),(2,2),(0.,1.),(0.,1.),.UNSPECIFIED.);
#86=B_SPLINE_SURFACE_WITH_KNOTS('',1,1,((#3950,#3951),(#3952,#3953)),
 .PLANE_SURF.,.F.,.F.,.F.,(2,2),(2,2),(0.,1.),(0.,1.),.UNSPECIFIED.);
#87=B_SPLINE_SURFACE_WITH_KNOTS('',1,1,((#3964,#3965),(#3966,#3967)),
 .PLANE_SURF.,.F.,.F.,.F.,(2,2),(2,2),(0.,1.),(0.,1.),.UNSPECIFIED.);
#88=B_SPLINE_SURFACE_WITH_KNOTS('',1,1,((#3973,#3974),(#3975,#3976)),
 .PLANE_SURF.,.F.,.F.,.F.,(2,2),(2,2),(0.,1.),(0.,1.),.UNSPECIFIED.);
#89=B_SPLINE_SURFACE_WITH_KNOTS('',1,1,((#3982,#3983),(#3984,#3985)),
 .PLANE_SURF.,.F.,.F.,.F.,(2,2),(2,2),(0.,1.),(0.,1.),.UNSPECIFIED.);
#90=B_SPLINE_SURFACE_WITH_KNOTS('',1,1,((#3988,#3989),(#3990,#3991)),
 .PLANE_SURF.,.F.,.F.,.F.,(2,2),(2,2),(0.,1.),(0.,1.),.UNSPECIFIED.);
#91=B_SPLINE_SURFACE_WITH_KNOTS('',1,1,((#3992,#3993),(#3994,#3995)),
 .PLANE_SURF.,.F.,.F.,.F.,(2,2),(2,2),(0.,1.),(0.,1.),.UNSPECIFIED.);
#92=B_SPLINE_SURFACE_WITH_KNOTS('',1,1,((#4013,#4014),(#4015,#4016)),
 .PLANE_SURF.,.F.,.F.,.F.,(2,2),(2,2),(0.,1.),(0.,1.),.UNSPECIFIED.);
#93=B_SPLINE_SURFACE_WITH_KNOTS('',1,1,((#4034,#4035),(#4036,#4037)),
 .PLANE_SURF.,.F.,.F.,.F.,(2,2),(2,2),(0.,1.),(0.,1.),.UNSPECIFIED.);
#94=B_SPLINE_SURFACE_WITH_KNOTS('',1,1,((#4040,#4041),(#4042,#4043)),
 .PLANE_SURF.,.F.,.F.,.F.,(2,2),(2,2),(0.,1.),(0.,1.),.UNSPECIFIED.);
#95=B_SPLINE_SURFACE_WITH_KNOTS('',1,1,((#4044,#4045),(#4046,#4047)),
 .PLANE_SURF.,.F.,.F.,.F.,(2,2),(2,2),(0.,1.),(0.,1.),.UNSPECIFIED.);
#96=B_SPLINE_SURFACE_WITH_KNOTS('',1,1,((#4049,#4050),(#4051,#4052)),
 .PLANE_SURF.,.F.,.F.,.F.,(2,2),(2,2),(0.,1.),(0.,1.),.UNSPECIFIED.);
#97=B_SPLINE_SURFACE_WITH_KNOTS('',1,1,((#4054,#4055),(#4056,#4057)),
 .PLANE_SURF.,.F.,.F.,.F.,(2,2),(2,2),(0.,1.),(0.,1.),.UNSPECIFIED.);
#98=B_SPLINE_SURFACE_WITH_KNOTS('',1,1,((#4071,#4072),(#4073,#4074)),
 .PLANE_SURF.,.F.,.F.,.F.,(2,2),(2,2),(0.,1.),(0.,1.),.UNSPECIFIED.);
#99=B_SPLINE_SURFACE_WITH_KNOTS('',1,1,((#4088,#4089),(#4090,#4091)),
 .PLANE_SURF.,.F.,.F.,.F.,(2,2),(2,2),(0.,1.),(0.,1.),.UNSPECIFIED.);
#100=B_SPLINE_SURFACE_WITH_KNOTS('',1,1,((#4094,#4095),(#4096,#4097)),
 .PLANE_SURF.,.F.,.F.,.F.,(2,2),(2,2),(0.,1.),(0.,1.),.UNSPECIFIED.);
#101=B_SPLINE_SURFACE_WITH_KNOTS('',1,1,((#4108,#4109),(#4110,#4111)),
 .PLANE_SURF.,.F.,.F.,.F.,(2,2),(2,2),(0.,1.),(0.,1.),.UNSPECIFIED.);
#102=B_SPLINE_SURFACE_WITH_KNOTS('',1,1,((#4117,#4118),(#4119,#4120)),
 .PLANE_SURF.,.F.,.F.,.F.,(2,2),(2,2),(0.,1.),(0.,1.),.UNSPECIFIED.);
#103=B_SPLINE_SURFACE_WITH_KNOTS('',1,1,((#4126,#4127),(#4128,#4129)),
 .PLANE_SURF.,.F.,.F.,.F.,(2,2),(2,2),(0.,1.),(0.,1.),.UNSPECIFIED.);
#104=B_SPLINE_SURFACE_WITH_KNOTS('',1,1,((#4132,#4133),(#4134,#4135)),
 .PLANE_SURF.,.F.,.F.,.F.,(2,2),(2,2),(0.,1.),(0.,1.),.UNSPECIFIED.);
#105=B_SPLINE_SURFACE_WITH_KNOTS('',1,1,((#4136,#4137),(#4138,#4139)),
 .PLANE_SURF.,.F.,.F.,.F.,(2,2),(2,2),(0.,1.),(0.,1.),.UNSPECIFIED.);
#106=B_SPLINE_SURFACE_WITH_KNOTS('',1,1,((#4157,#4158),(#4159,#4160)),
 .PLANE_SURF.,.F.,.F.,.F.,(2,2),(2,2),(0.,1.),(0.,1.),.UNSPECIFIED.);
#107=B_SPLINE_SURFACE_WITH_KNOTS('',1,1,((#4178,#4179),(#4180,#4181)),
 .PLANE_SURF.,.F.,.F.,.F.,(2,2),(2,2),(0.,1.),(0.,1.),.UNSPECIFIED.);
#108=B_SPLINE_SURFACE_WITH_KNOTS('',1,1,((#4184,#4185),(#4186,#4187)),
 .PLANE_SURF.,.F.,.F.,.F.,(2,2),(2,2),(0.,1.),(0.,1.),.UNSPECIFIED.);
#109=B_SPLINE_SURFACE_WITH_KNOTS('',1,1,((#4188,#4189),(#4190,#4191)),
 .PLANE_SURF.,.F.,.F.,.F.,(2,2),(2,2),(0.,1.),(0.,1.),.UNSPECIFIED.);
#110=B_SPLINE_SURFACE_WITH_KNOTS('',1,1,((#4193,#4194),(#4195,#4196)),
 .PLANE_SURF.,.F.,.F.,.F.,(2,2),(2,2),(0.,1.),(0.,1.),.UNSPECIFIED.);
#111=B_SPLINE_SURFACE_WITH_KNOTS('',1,1,((#4198,#4199),(#4200,#4201)),
 .PLANE_SURF.,.F.,.F.,.F.,(2,2),(2,2),(0.,1.),(0.,1.),.UNSPECIFIED.);
#112=B_SPLINE_SURFACE_WITH_KNOTS('',1,1,((#4215,#4216),(#4217,#4218)),
 .PLANE_SURF.,.F.,.F.,.F.,(2,2),(2,2),(0.,1.),(0.,1.),.UNSPECIFIED.);
#113=B_SPLINE_SURFACE_WITH_KNOTS('',1,1,((#4232,#4233),(#4234,#4235)),
 .PLANE_SURF.,.F.,.F.,.F.,(2,2),(2,2),(0.,1.),(0.,1.),.UNSPECIFIED.);
#114=B_SPLINE_SURFACE_WITH_KNOTS('',1,1,((#4238,#4239),(#4240,#4241)),
 .PLANE_SURF.,.F.,.F.,.F.,(2,2),(2,2),(0.,1.),(0.,1.),.UNSPECIFIED.);
#115=B_SPLINE_SURFACE_WITH_KNOTS('',1,1,((#4252,#4253),(#4254,#4255)),
 .PLANE_SURF.,.F.,.F.,.F.,(2,2),(2,2),(0.,1.),(0.,1.),.UNSPECIFIED.);
#116=B_SPLINE_SURFACE_WITH_KNOTS('',1,1,((#4261,#4262),(#4263,#4264)),
 .PLANE_SURF.,.F.,.F.,.F.,(2,2),(2,2),(0.,1.),(0.,1.),.UNSPECIFIED.);
#117=B_SPLINE_SURFACE_WITH_KNOTS('',1,1,((#4270,#4271),(#4272,#4273)),
 .PLANE_SURF.,.F.,.F.,.F.,(2,2),(2,2),(0.,1.),(0.,1.),.UNSPECIFIED.);
#118=B_SPLINE_SURFACE_WITH_KNOTS('',1,1,((#4276,#4277),(#4278,#4279)),
 .PLANE_SURF.,.F.,.F.,.F.,(2,2),(2,2),(0.,1.),(0.,1.),.UNSPECIFIED.);
#119=B_SPLINE_SURFACE_WITH_KNOTS('',1,1,((#4280,#4281),(#4282,#4283)),
 .PLANE_SURF.,.F.,.F.,.F.,(2,2),(2,2),(0.,1.),(0.,1.),.UNSPECIFIED.);
#120=B_SPLINE_SURFACE_WITH_KNOTS('',1,1,((#4301,#4302),(#4303,#4304)),
 .PLANE_SURF.,.F.,.F.,.F.,(2,2),(2,2),(0.,1.),(0.,1.),.UNSPECIFIED.);
#121=B_SPLINE_SURFACE_WITH_KNOTS('',1,1,((#4322,#4323),(#4324,#4325)),
 .PLANE_SURF.,.F.,.F.,.F.,(2,2),(2,2),(0.,1.),(0.,1.),.UNSPECIFIED.);
#122=B_SPLINE_SURFACE_WITH_KNOTS('',1,1,((#4328,#4329),(#4330,#4331)),
 .PLANE_SURF.,.F.,.F.,.F.,(2,2),(2,2),(0.,1.),(0.,1.),.UNSPECIFIED.);
#123=B_SPLINE_SURFACE_WITH_KNOTS('',1,1,((#4332,#4333),(#4334,#4335)),
 .PLANE_SURF.,.F.,.F.,.F.,(2,2),(2,2),(0.,1.),(0.,1.),.UNSPECIFIED.);
#124=B_SPLINE_SURFACE_WITH_KNOTS('',1,1,((#4337,#4338),(#4339,#4340)),
 .PLANE_SURF.,.F.,.F.,.F.,(2,2),(2,2),(0.,1.),(0.,1.),.UNSPECIFIED.);
#125=B_SPLINE_SURFACE_WITH_KNOTS('',1,1,((#4342,#4343),(#4344,#4345)),
 .PLANE_SURF.,.F.,.F.,.F.,(2,2),(2,2),(0.,1.),(0.,1.),.UNSPECIFIED.);
#126=B_SPLINE_SURFACE_WITH_KNOTS('',1,1,((#4359,#4360),(#4361,#4362)),
 .PLANE_SURF.,.F.,.F.,.F.,(2,2),(2,2),(0.,1.),(0.,1.),.UNSPECIFIED.);
#127=B_SPLINE_SURFACE_WITH_KNOTS('',1,1,((#4376,#4377),(#4378,#4379)),
 .PLANE_SURF.,.F.,.F.,.F.,(2,2),(2,2),(0.,1.),(0.,1.),.UNSPECIFIED.);
#128=B_SPLINE_SURFACE_WITH_KNOTS('',1,1,((#4382,#4383),(#4384,#4385)),
 .PLANE_SURF.,.F.,.F.,.F.,(2,2),(2,2),(0.,1.),(0.,1.),.UNSPECIFIED.);
#129=B_SPLINE_SURFACE_WITH_KNOTS('',1,1,((#4396,#4397),(#4398,#4399)),
 .PLANE_SURF.,.F.,.F.,.F.,(2,2),(2,2),(0.,1.),(0.,1.),.UNSPECIFIED.);
#130=B_SPLINE_SURFACE_WITH_KNOTS('',1,1,((#4405,#4406),(#4407,#4408)),
 .PLANE_SURF.,.F.,.F.,.F.,(2,2),(2,2),(0.,1.),(0.,1.),.UNSPECIFIED.);
#131=B_SPLINE_SURFACE_WITH_KNOTS('',1,1,((#4414,#4415),(#4416,#4417)),
 .PLANE_SURF.,.F.,.F.,.F.,(2,2),(2,2),(0.,1.),(0.,1.),.UNSPECIFIED.);
#132=B_SPLINE_SURFACE_WITH_KNOTS('',1,1,((#4420,#4421),(#4422,#4423)),
 .PLANE_SURF.,.F.,.F.,.F.,(2,2),(2,2),(0.,1.),(0.,1.),.UNSPECIFIED.);
#133=B_SPLINE_SURFACE_WITH_KNOTS('',1,1,((#4424,#4425),(#4426,#4427)),
 .PLANE_SURF.,.F.,.F.,.F.,(2,2),(2,2),(0.,1.),(0.,1.),.UNSPECIFIED.);
#134=B_SPLINE_SURFACE_WITH_KNOTS('',1,1,((#4428,#4429),(#4430,#4431)),
 .PLANE_SURF.,.F.,.F.,.F.,(2,2),(2,2),(0.,1.),(0.,1.),.UNSPECIFIED.);
#135=B_SPLINE_SURFACE_WITH_KNOTS('',1,1,((#4432,#4433),(#4434,#4435)),
 .PLANE_SURF.,.F.,.F.,.F.,(2,2),(2,2),(0.,1.),(0.,1.),.UNSPECIFIED.);
#136=B_SPLINE_SURFACE_WITH_KNOTS('',1,1,((#4436,#4437),(#4438,#4439)),
 .PLANE_SURF.,.F.,.F.,.F.,(2,2),(2,2),(0.,1.),(0.,1.),.UNSPECIFIED.);
#137=B_SPLINE_SURFACE_WITH_KNOTS('',1,1,((#4440,#4441),(#4442,#4443)),
 .PLANE_SURF.,.F.,.F.,.F.,(2,2),(2,2),(0.,1.),(0.,1.),.UNSPECIFIED.);
#138=B_SPLINE_SURFACE_WITH_KNOTS('',1,1,((#4444,#4445),(#4446,#4447)),
 .PLANE_SURF.,.F.,.F.,.F.,(2,2),(2,2),(0.,1.),(0.,1.),.UNSPECIFIED.);
#139=B_SPLINE_SURFACE_WITH_KNOTS('',1,1,((#4448,#4449),(#4450,#4451)),
 .PLANE_SURF.,.F.,.F.,.F.,(2,2),(2,2),(0.,1.),(0.,1.),.UNSPECIFIED.);
#140=B_SPLINE_SURFACE_WITH_KNOTS('',1,1,((#4452,#4453),(#4454,#4455)),
 .PLANE_SURF.,.F.,.F.,.F.,(2,2),(2,2),(0.,1.),(0.,1.),.UNSPECIFIED.);
#141=B_SPLINE_SURFACE_WITH_KNOTS('',1,1,((#4975,#4976),(#4977,#4978)),
 .PLANE_SURF.,.F.,.F.,.F.,(2,2),(2,2),(0.0427315991146131,0.954561694782074),
(0.0419418409000891,0.956121153583821),.PIECEWISE_BEZIER_KNOTS.);
#142=B_SPLINE_SURFACE_WITH_KNOTS('',1,1,((#4990,#4991),(#4992,#4993)),
 .PLANE_SURF.,.F.,.F.,.F.,(2,2),(2,2),(0.0454383052179255,0.957268400885387),
(0.0419418409000891,0.956121153583821),.PIECEWISE_BEZIER_KNOTS.);
#143=B_SPLINE_SURFACE_WITH_KNOTS('',1,1,((#5040,#5041),(#5042,#5043)),
 .PLANE_SURF.,.F.,.F.,.F.,(2,2),(2,2),(0.0427315991146131,0.954561694782074),
(0.0419418409000891,0.956121153583821),.PIECEWISE_BEZIER_KNOTS.);
#144=B_SPLINE_SURFACE_WITH_KNOTS('',1,1,((#5055,#5056),(#5057,#5058)),
 .PLANE_SURF.,.F.,.F.,.F.,(2,2),(2,2),(0.0454383052179255,0.957268400885387),
(0.0419418409000891,0.956121153583821),.PIECEWISE_BEZIER_KNOTS.);
#145=B_SPLINE_SURFACE_WITH_KNOTS('',1,1,((#5115,#5116),(#5117,#5118)),
 .PLANE_SURF.,.F.,.F.,.F.,(2,2),(2,2),(0.0427315991146131,0.954561694782074),
(0.0419418409000891,0.956121153583821),.PIECEWISE_BEZIER_KNOTS.);
#146=B_SPLINE_SURFACE_WITH_KNOTS('',1,1,((#5129,#5130),(#5131,#5132)),
 .PLANE_SURF.,.F.,.F.,.F.,(2,2),(2,2),(0.0454383052179255,0.957268400885387),
(0.0419418409000891,0.956121153583821),.PIECEWISE_BEZIER_KNOTS.);
#147=LINE('',#3520,#355);
#148=LINE('',#3525,#356);
#149=LINE('',#3528,#357);
#150=LINE('',#3533,#358);
#151=LINE('',#3536,#359);
#152=LINE('',#3541,#360);
#153=LINE('',#3552,#361);
#154=LINE('',#3566,#362);
#155=LINE('',#3580,#363);
#156=LINE('',#3595,#364);
#157=LINE('',#3608,#365);
#158=LINE('',#3621,#366);
#159=LINE('',#3634,#367);
#160=LINE('',#3647,#368);
#161=LINE('',#3662,#369);
#162=LINE('',#3675,#370);
#163=LINE('',#3680,#371);
#164=LINE('',#3691,#372);
#165=LINE('',#3696,#373);
#166=LINE('',#3707,#374);
#167=LINE('',#3712,#375);
#168=LINE('',#3723,#376);
#169=LINE('',#3728,#377);
#170=LINE('',#3739,#378);
#171=LINE('',#3744,#379);
#172=LINE('',#3755,#380);
#173=LINE('',#3760,#381);
#174=LINE('',#3771,#382);
#175=LINE('',#3776,#383);
#176=LINE('',#3789,#384);
#177=LINE('',#3794,#385);
#178=LINE('',#3805,#386);
#179=LINE('',#3852,#387);
#180=LINE('',#3857,#388);
#181=LINE('',#3859,#389);
#182=LINE('',#3860,#390);
#183=LINE('',#3862,#391);
#184=LINE('',#3866,#392);
#185=LINE('',#3868,#393);
#186=LINE('',#3873,#394);
#187=LINE('',#3878,#395);
#188=LINE('',#3880,#396);
#189=LINE('',#3882,#397);
#190=LINE('',#3886,#398);
#191=LINE('',#3888,#399);
#192=LINE('',#3889,#400);
#193=LINE('',#3894,#401);
#194=LINE('',#3895,#402);
#195=LINE('',#3904,#403);
#196=LINE('',#3909,#404);
#197=LINE('',#3917,#405);
#198=LINE('',#3919,#406);
#199=LINE('',#3921,#407);
#200=LINE('',#3923,#408);
#201=LINE('',#3924,#409);
#202=LINE('',#3926,#410);
#203=LINE('',#3931,#411);
#204=LINE('',#3934,#412);
#205=LINE('',#3938,#413);
#206=LINE('',#3940,#414);
#207=LINE('',#3941,#415);
#208=LINE('',#3943,#416);
#209=LINE('',#3948,#417);
#210=LINE('',#3949,#418);
#211=LINE('',#3956,#419);
#212=LINE('',#3959,#420);
#213=LINE('',#3961,#421);
#214=LINE('',#3963,#422);
#215=LINE('',#3968,#423);
#216=LINE('',#3971,#424);
#217=LINE('',#3972,#425);
#218=LINE('',#3977,#426);
#219=LINE('',#3980,#427);
#220=LINE('',#3981,#428);
#221=LINE('',#3986,#429);
#222=LINE('',#3987,#430);
#223=LINE('',#3996,#431);
#224=LINE('',#4001,#432);
#225=LINE('',#4003,#433);
#226=LINE('',#4005,#434);
#227=LINE('',#4009,#435);
#228=LINE('',#4011,#436);
#229=LINE('',#4012,#437);
#230=LINE('',#4017,#438);
#231=LINE('',#4022,#439);
#232=LINE('',#4024,#440);
#233=LINE('',#4025,#441);
#234=LINE('',#4027,#442);
#235=LINE('',#4031,#443);
#236=LINE('',#4033,#444);
#237=LINE('',#4038,#445);
#238=LINE('',#4039,#446);
#239=LINE('',#4048,#447);
#240=LINE('',#4053,#448);
#241=LINE('',#4061,#449);
#242=LINE('',#4063,#450);
#243=LINE('',#4065,#451);
#244=LINE('',#4067,#452);
#245=LINE('',#4068,#453);
#246=LINE('',#4070,#454);
#247=LINE('',#4075,#455);
#248=LINE('',#4078,#456);
#249=LINE('',#4082,#457);
#250=LINE('',#4084,#458);
#251=LINE('',#4085,#459);
#252=LINE('',#4087,#460);
#253=LINE('',#4092,#461);
#254=LINE('',#4093,#462);
#255=LINE('',#4100,#463);
#256=LINE('',#4103,#464);
#257=LINE('',#4105,#465);
#258=LINE('',#4107,#466);
#259=LINE('',#4112,#467);
#260=LINE('',#4115,#468);
#261=LINE('',#4116,#469);
#262=LINE('',#4121,#470);
#263=LINE('',#4124,#471);
#264=LINE('',#4125,#472);
#265=LINE('',#4130,#473);
#266=LINE('',#4131,#474);
#267=LINE('',#4140,#475);
#268=LINE('',#4145,#476);
#269=LINE('',#4147,#477);
#270=LINE('',#4149,#478);
#271=LINE('',#4153,#479);
#272=LINE('',#4155,#480);
#273=LINE('',#4156,#481);
#274=LINE('',#4161,#482);
#275=LINE('',#4166,#483);
#276=LINE('',#4168,#484);
#277=LINE('',#4169,#485);
#278=LINE('',#4171,#486);
#279=LINE('',#4175,#487);
#280=LINE('',#4177,#488);
#281=LINE('',#4182,#489);
#282=LINE('',#4183,#490);
#283=LINE('',#4192,#491);
#284=LINE('',#4197,#492);
#285=LINE('',#4205,#493);
#286=LINE('',#4207,#494);
#287=LINE('',#4209,#495);
#288=LINE('',#4211,#496);
#289=LINE('',#4212,#497);
#290=LINE('',#4214,#498);
#291=LINE('',#4219,#499);
#292=LINE('',#4222,#500);
#293=LINE('',#4226,#501);
#294=LINE('',#4228,#502);
#295=LINE('',#4229,#503);
#296=LINE('',#4231,#504);
#297=LINE('',#4236,#505);
#298=LINE('',#4237,#506);
#299=LINE('',#4244,#507);
#300=LINE('',#4247,#508);
#301=LINE('',#4249,#509);
#302=LINE('',#4251,#510);
#303=LINE('',#4256,#511);
#304=LINE('',#4259,#512);
#305=LINE('',#4260,#513);
#306=LINE('',#4265,#514);
#307=LINE('',#4268,#515);
#308=LINE('',#4269,#516);
#309=LINE('',#4274,#517);
#310=LINE('',#4275,#518);
#311=LINE('',#4284,#519);
#312=LINE('',#4289,#520);
#313=LINE('',#4291,#521);
#314=LINE('',#4293,#522);
#315=LINE('',#4297,#523);
#316=LINE('',#4299,#524);
#317=LINE('',#4300,#525);
#318=LINE('',#4305,#526);
#319=LINE('',#4310,#527);
#320=LINE('',#4312,#528);
#321=LINE('',#4313,#529);
#322=LINE('',#4315,#530);
#323=LINE('',#4319,#531);
#324=LINE('',#4321,#532);
#325=LINE('',#4326,#533);
#326=LINE('',#4327,#534);
#327=LINE('',#4336,#535);
#328=LINE('',#4341,#536);
#329=LINE('',#4349,#537);
#330=LINE('',#4351,#538);
#331=LINE('',#4353,#539);
#332=LINE('',#4355,#540);
#333=LINE('',#4356,#541);
#334=LINE('',#4358,#542);
#335=LINE('',#4363,#543);
#336=LINE('',#4366,#544);
#337=LINE('',#4370,#545);
#338=LINE('',#4372,#546);
#339=LINE('',#4373,#547);
#340=LINE('',#4375,#548);
#341=LINE('',#4380,#549);
#342=LINE('',#4381,#550);
#343=LINE('',#4388,#551);
#344=LINE('',#4391,#552);
#345=LINE('',#4393,#553);
#346=LINE('',#4395,#554);
#347=LINE('',#4400,#555);
#348=LINE('',#4403,#556);
#349=LINE('',#4404,#557);
#350=LINE('',#4409,#558);
#351=LINE('',#4412,#559);
#352=LINE('',#4413,#560);
#353=LINE('',#4418,#561);
#354=LINE('',#4419,#562);
#355=VECTOR('',#2937,1.);
#356=VECTOR('',#2940,1.);
#357=VECTOR('',#2943,1.);
#358=VECTOR('',#2946,1.);
#359=VECTOR('',#2949,1.);
#360=VECTOR('',#2952,1.);
#361=VECTOR('',#2959,1.);
#362=VECTOR('',#2966,1.);
#363=VECTOR('',#2969,1.);
#364=VECTOR('',#2976,1.);
#365=VECTOR('',#2981,1.);
#366=VECTOR('',#2986,1.);
#367=VECTOR('',#2991,1.);
#368=VECTOR('',#2996,1.);
#369=VECTOR('',#3003,1.);
#370=VECTOR('',#3008,1.);
#371=VECTOR('',#3011,1.);
#372=VECTOR('',#3014,1.);
#373=VECTOR('',#3017,1.);
#374=VECTOR('',#3020,1.);
#375=VECTOR('',#3023,1.);
#376=VECTOR('',#3026,1.);
#377=VECTOR('',#3029,1.);
#378=VECTOR('',#3032,1.);
#379=VECTOR('',#3035,1.);
#380=VECTOR('',#3038,1.);
#381=VECTOR('',#3041,1.);
#382=VECTOR('',#3044,1.);
#383=VECTOR('',#3047,1.);
#384=VECTOR('',#3052,1.);
#385=VECTOR('',#3055,1.);
#386=VECTOR('',#3058,1.);
#387=VECTOR('',#3091,1.);
#388=VECTOR('',#3094,1.);
#389=VECTOR('',#3095,1.);
#390=VECTOR('',#3096,1.);
#391=VECTOR('',#3097,1.);
#392=VECTOR('',#3100,1.);
#393=VECTOR('',#3101,1.);
#394=VECTOR('',#3102,1.);
#395=VECTOR('',#3105,1.);
#396=VECTOR('',#3106,1.);
#397=VECTOR('',#3107,1.);
#398=VECTOR('',#3110,1.);
#399=VECTOR('',#3111,1.);
#400=VECTOR('',#3112,1.);
#401=VECTOR('',#3113,1.);
#402=VECTOR('',#3114,1.);
#403=VECTOR('',#3115,1.);
#404=VECTOR('',#3116,1.);
#405=VECTOR('',#3119,1.);
#406=VECTOR('',#3120,1.);
#407=VECTOR('',#3121,1.);
#408=VECTOR('',#3122,1.);
#409=VECTOR('',#3123,1.);
#410=VECTOR('',#3124,1.);
#411=VECTOR('',#3125,1.);
#412=VECTOR('',#3126,1.);
#413=VECTOR('',#3129,1.);
#414=VECTOR('',#3130,1.);
#415=VECTOR('',#3131,1.);
#416=VECTOR('',#3132,1.);
#417=VECTOR('',#3133,1.);
#418=VECTOR('',#3134,1.);
#419=VECTOR('',#3137,1.);
#420=VECTOR('',#3140,1.);
#421=VECTOR('',#3141,1.);
#422=VECTOR('',#3142,1.);
#423=VECTOR('',#3143,1.);
#424=VECTOR('',#3144,1.);
#425=VECTOR('',#3145,1.);
#426=VECTOR('',#3146,1.);
#427=VECTOR('',#3147,1.);
#428=VECTOR('',#3148,1.);
#429=VECTOR('',#3149,1.);
#430=VECTOR('',#3150,1.);
#431=VECTOR('',#3151,1.);
#432=VECTOR('',#3154,1.);
#433=VECTOR('',#3155,1.);
#434=VECTOR('',#3156,1.);
#435=VECTOR('',#3159,1.);
#436=VECTOR('',#3160,1.);
#437=VECTOR('',#3161,1.);
#438=VECTOR('',#3162,1.);
#439=VECTOR('',#3165,1.);
#440=VECTOR('',#3166,1.);
#441=VECTOR('',#3167,1.);
#442=VECTOR('',#3168,1.);
#443=VECTOR('',#3171,1.);
#444=VECTOR('',#3172,1.);
#445=VECTOR('',#3173,1.);
#446=VECTOR('',#3174,1.);
#447=VECTOR('',#3175,1.);
#448=VECTOR('',#3176,1.);
#449=VECTOR('',#3179,1.);
#450=VECTOR('',#3180,1.);
#451=VECTOR('',#3181,1.);
#452=VECTOR('',#3182,1.);
#453=VECTOR('',#3183,1.);
#454=VECTOR('',#3184,1.);
#455=VECTOR('',#3185,1.);
#456=VECTOR('',#3186,1.);
#457=VECTOR('',#3189,1.);
#458=VECTOR('',#3190,1.);
#459=VECTOR('',#3191,1.);
#460=VECTOR('',#3192,1.);
#461=VECTOR('',#3193,1.);
#462=VECTOR('',#3194,1.);
#463=VECTOR('',#3197,1.);
#464=VECTOR('',#3200,1.);
#465=VECTOR('',#3201,1.);
#466=VECTOR('',#3202,1.);
#467=VECTOR('',#3203,1.);
#468=VECTOR('',#3204,1.);
#469=VECTOR('',#3205,1.);
#470=VECTOR('',#3206,1.);
#471=VECTOR('',#3207,1.);
#472=VECTOR('',#3208,1.);
#473=VECTOR('',#3209,1.);
#474=VECTOR('',#3210,1.);
#475=VECTOR('',#3211,1.);
#476=VECTOR('',#3214,1.);
#477=VECTOR('',#3215,1.);
#478=VECTOR('',#3216,1.);
#479=VECTOR('',#3219,1.);
#480=VECTOR('',#3220,1.);
#481=VECTOR('',#3221,1.);
#482=VECTOR('',#3222,1.);
#483=VECTOR('',#3225,1.);
#484=VECTOR('',#3226,1.);
#485=VECTOR('',#3227,1.);
#486=VECTOR('',#3228,1.);
#487=VECTOR('',#3231,1.);
#488=VECTOR('',#3232,1.);
#489=VECTOR('',#3233,1.);
#490=VECTOR('',#3234,1.);
#491=VECTOR('',#3235,1.);
#492=VECTOR('',#3236,1.);
#493=VECTOR('',#3239,1.);
#494=VECTOR('',#3240,1.);
#495=VECTOR('',#3241,1.);
#496=VECTOR('',#3242,1.);
#497=VECTOR('',#3243,1.);
#498=VECTOR('',#3244,1.);
#499=VECTOR('',#3245,1.);
#500=VECTOR('',#3246,1.);
#501=VECTOR('',#3249,1.);
#502=VECTOR('',#3250,1.);
#503=VECTOR('',#3251,1.);
#504=VECTOR('',#3252,1.);
#505=VECTOR('',#3253,1.);
#506=VECTOR('',#3254,1.);
#507=VECTOR('',#3257,1.);
#508=VECTOR('',#3260,1.);
#509=VECTOR('',#3261,1.);
#510=VECTOR('',#3262,1.);
#511=VECTOR('',#3263,1.);
#512=VECTOR('',#3264,1.);
#513=VECTOR('',#3265,1.);
#514=VECTOR('',#3266,1.);
#515=VECTOR('',#3267,1.);
#516=VECTOR('',#3268,1.);
#517=VECTOR('',#3269,1.);
#518=VECTOR('',#3270,1.);
#519=VECTOR('',#3271,1.);
#520=VECTOR('',#3274,1.);
#521=VECTOR('',#3275,1.);
#522=VECTOR('',#3276,1.);
#523=VECTOR('',#3279,1.);
#524=VECTOR('',#3280,1.);
#525=VECTOR('',#3281,1.);
#526=VECTOR('',#3282,1.);
#527=VECTOR('',#3285,1.);
#528=VECTOR('',#3286,1.);
#529=VECTOR('',#3287,1.);
#530=VECTOR('',#3288,1.);
#531=VECTOR('',#3291,1.);
#532=VECTOR('',#3292,1.);
#533=VECTOR('',#3293,1.);
#534=VECTOR('',#3294,1.);
#535=VECTOR('',#3295,1.);
#536=VECTOR('',#3296,1.);
#537=VECTOR('',#3299,1.);
#538=VECTOR('',#3300,1.);
#539=VECTOR('',#3301,1.);
#540=VECTOR('',#3302,1.);
#541=VECTOR('',#3303,1.);
#542=VECTOR('',#3304,1.);
#543=VECTOR('',#3305,1.);
#544=VECTOR('',#3306,1.);
#545=VECTOR('',#3309,1.);
#546=VECTOR('',#3310,1.);
#547=VECTOR('',#3311,1.);
#548=VECTOR('',#3312,1.);
#549=VECTOR('',#3313,1.);
#550=VECTOR('',#3314,1.);
#551=VECTOR('',#3317,1.);
#552=VECTOR('',#3320,1.);
#553=VECTOR('',#3321,1.);
#554=VECTOR('',#3322,1.);
#555=VECTOR('',#3323,1.);
#556=VECTOR('',#3324,1.);
#557=VECTOR('',#3325,1.);
#558=VECTOR('',#3326,1.);
#559=VECTOR('',#3327,1.);
#560=VECTOR('',#3328,1.);
#561=VECTOR('',#3329,1.);
#562=VECTOR('',#3330,1.);
#563=(
BOUNDED_CURVE()
B_SPLINE_CURVE(1,(#3505,#3506),.UNSPECIFIED.,.F.,.F.)
B_SPLINE_CURVE_WITH_KNOTS((2,2),(0.,1.),.PIECEWISE_BEZIER_KNOTS.)
CURVE()
GEOMETRIC_REPRESENTATION_ITEM()
RATIONAL_B_SPLINE_CURVE((1.,1.))
REPRESENTATION_ITEM('')
);
#564=(
BOUNDED_CURVE()
B_SPLINE_CURVE(1,(#3510,#3511),.UNSPECIFIED.,.F.,.F.)
B_SPLINE_CURVE_WITH_KNOTS((2,2),(0.,1.),.PIECEWISE_BEZIER_KNOTS.)
CURVE()
GEOMETRIC_REPRESENTATION_ITEM()
RATIONAL_B_SPLINE_CURVE((1.,1.))
REPRESENTATION_ITEM('')
);
#565=(
BOUNDED_CURVE()
B_SPLINE_CURVE(1,(#3547,#3548),.UNSPECIFIED.,.F.,.F.)
B_SPLINE_CURVE_WITH_KNOTS((2,2),(0.,1.),.PIECEWISE_BEZIER_KNOTS.)
CURVE()
GEOMETRIC_REPRESENTATION_ITEM()
RATIONAL_B_SPLINE_CURVE((1.,1.))
REPRESENTATION_ITEM('')
);
#566=(
BOUNDED_CURVE()
B_SPLINE_CURVE(1,(#3556,#3557),.UNSPECIFIED.,.F.,.F.)
B_SPLINE_CURVE_WITH_KNOTS((2,2),(0.,1.),.PIECEWISE_BEZIER_KNOTS.)
CURVE()
GEOMETRIC_REPRESENTATION_ITEM()
RATIONAL_B_SPLINE_CURVE((1.,1.))
REPRESENTATION_ITEM('')
);
#567=(
BOUNDED_CURVE()
B_SPLINE_CURVE(1,(#3561,#3562),.UNSPECIFIED.,.F.,.F.)
B_SPLINE_CURVE_WITH_KNOTS((2,2),(0.,1.),.PIECEWISE_BEZIER_KNOTS.)
CURVE()
GEOMETRIC_REPRESENTATION_ITEM()
RATIONAL_B_SPLINE_CURVE((1.,1.))
REPRESENTATION_ITEM('')
);
#568=(
BOUNDED_CURVE()
B_SPLINE_CURVE(1,(#3570,#3571),.UNSPECIFIED.,.F.,.F.)
B_SPLINE_CURVE_WITH_KNOTS((2,2),(0.,1.),.PIECEWISE_BEZIER_KNOTS.)
CURVE()
GEOMETRIC_REPRESENTATION_ITEM()
RATIONAL_B_SPLINE_CURVE((1.,1.))
REPRESENTATION_ITEM('')
);
#569=(
BOUNDED_CURVE()
B_SPLINE_CURVE(1,(#4950,#4951),.UNSPECIFIED.,.F.,.F.)
B_SPLINE_CURVE_WITH_KNOTS((2,2),(0.,1.),.PIECEWISE_BEZIER_KNOTS.)
CURVE()
GEOMETRIC_REPRESENTATION_ITEM()
RATIONAL_B_SPLINE_CURVE((1.,1.))
REPRESENTATION_ITEM('')
);
#570=(
BOUNDED_CURVE()
B_SPLINE_CURVE(1,(#4955,#4956),.UNSPECIFIED.,.F.,.F.)
B_SPLINE_CURVE_WITH_KNOTS((2,2),(0.,1.),.PIECEWISE_BEZIER_KNOTS.)
CURVE()
GEOMETRIC_REPRESENTATION_ITEM()
RATIONAL_B_SPLINE_CURVE((1.,1.))
REPRESENTATION_ITEM('')
);
#571=(
BOUNDED_CURVE()
B_SPLINE_CURVE(1,(#4968,#4969),.UNSPECIFIED.,.F.,.F.)
B_SPLINE_CURVE_WITH_KNOTS((2,2),(0.,1.),.PIECEWISE_BEZIER_KNOTS.)
CURVE()
GEOMETRIC_REPRESENTATION_ITEM()
RATIONAL_B_SPLINE_CURVE((1.,1.))
REPRESENTATION_ITEM('')
);
#572=(
BOUNDED_CURVE()
B_SPLINE_CURVE(1,(#4973,#4974),.UNSPECIFIED.,.F.,.F.)
B_SPLINE_CURVE_WITH_KNOTS((2,2),(0.,1.),.PIECEWISE_BEZIER_KNOTS.)
CURVE()
GEOMETRIC_REPRESENTATION_ITEM()
RATIONAL_B_SPLINE_CURVE((1.,1.))
REPRESENTATION_ITEM('')
);
#573=(
BOUNDED_CURVE()
B_SPLINE_CURVE(1,(#5015,#5016),.UNSPECIFIED.,.F.,.F.)
B_SPLINE_CURVE_WITH_KNOTS((2,2),(0.,1.),.PIECEWISE_BEZIER_KNOTS.)
CURVE()
GEOMETRIC_REPRESENTATION_ITEM()
RATIONAL_B_SPLINE_CURVE((1.,1.))
REPRESENTATION_ITEM('')
);
#574=(
BOUNDED_CURVE()
B_SPLINE_CURVE(1,(#5020,#5021),.UNSPECIFIED.,.F.,.F.)
B_SPLINE_CURVE_WITH_KNOTS((2,2),(0.,1.),.PIECEWISE_BEZIER_KNOTS.)
CURVE()
GEOMETRIC_REPRESENTATION_ITEM()
RATIONAL_B_SPLINE_CURVE((1.,1.))
REPRESENTATION_ITEM('')
);
#575=(
BOUNDED_CURVE()
B_SPLINE_CURVE(1,(#5033,#5034),.UNSPECIFIED.,.F.,.F.)
B_SPLINE_CURVE_WITH_KNOTS((2,2),(0.,1.),.PIECEWISE_BEZIER_KNOTS.)
CURVE()
GEOMETRIC_REPRESENTATION_ITEM()
RATIONAL_B_SPLINE_CURVE((1.,1.))
REPRESENTATION_ITEM('')
);
#576=(
BOUNDED_CURVE()
B_SPLINE_CURVE(1,(#5038,#5039),.UNSPECIFIED.,.F.,.F.)
B_SPLINE_CURVE_WITH_KNOTS((2,2),(0.,1.),.PIECEWISE_BEZIER_KNOTS.)
CURVE()
GEOMETRIC_REPRESENTATION_ITEM()
RATIONAL_B_SPLINE_CURVE((1.,1.))
REPRESENTATION_ITEM('')
);
#577=(
BOUNDED_CURVE()
B_SPLINE_CURVE(1,(#5080,#5081),.UNSPECIFIED.,.F.,.F.)
B_SPLINE_CURVE_WITH_KNOTS((2,2),(0.,1.),.PIECEWISE_BEZIER_KNOTS.)
CURVE()
GEOMETRIC_REPRESENTATION_ITEM()
RATIONAL_B_SPLINE_CURVE((1.,1.))
REPRESENTATION_ITEM('')
);
#578=(
BOUNDED_CURVE()
B_SPLINE_CURVE(1,(#5085,#5086),.UNSPECIFIED.,.F.,.F.)
B_SPLINE_CURVE_WITH_KNOTS((2,2),(0.,1.),.PIECEWISE_BEZIER_KNOTS.)
CURVE()
GEOMETRIC_REPRESENTATION_ITEM()
RATIONAL_B_SPLINE_CURVE((1.,1.))
REPRESENTATION_ITEM('')
);
#579=(
BOUNDED_CURVE()
B_SPLINE_CURVE(1,(#5098,#5099),.UNSPECIFIED.,.F.,.F.)
B_SPLINE_CURVE_WITH_KNOTS((2,2),(0.,1.),.PIECEWISE_BEZIER_KNOTS.)
CURVE()
GEOMETRIC_REPRESENTATION_ITEM()
RATIONAL_B_SPLINE_CURVE((1.,1.))
REPRESENTATION_ITEM('')
);
#580=(
BOUNDED_CURVE()
B_SPLINE_CURVE(1,(#5103,#5104),.UNSPECIFIED.,.F.,.F.)
B_SPLINE_CURVE_WITH_KNOTS((2,2),(0.,1.),.PIECEWISE_BEZIER_KNOTS.)
CURVE()
GEOMETRIC_REPRESENTATION_ITEM()
RATIONAL_B_SPLINE_CURVE((1.,1.))
REPRESENTATION_ITEM('')
);
#581=ORIENTED_EDGE('',*,*,#1377,.T.);
#582=ORIENTED_EDGE('',*,*,#1378,.T.);
#583=ORIENTED_EDGE('',*,*,#1379,.T.);
#584=ORIENTED_EDGE('',*,*,#1380,.F.);
#585=ORIENTED_EDGE('',*,*,#1381,.T.);
#586=ORIENTED_EDGE('',*,*,#1382,.F.);
#587=ORIENTED_EDGE('',*,*,#1383,.T.);
#588=ORIENTED_EDGE('',*,*,#1384,.F.);
#589=ORIENTED_EDGE('',*,*,#1385,.T.);
#590=ORIENTED_EDGE('',*,*,#1386,.T.);
#591=ORIENTED_EDGE('',*,*,#1387,.T.);
#592=ORIENTED_EDGE('',*,*,#1388,.T.);
#593=ORIENTED_EDGE('',*,*,#1389,.T.);
#594=ORIENTED_EDGE('',*,*,#1390,.F.);
#595=ORIENTED_EDGE('',*,*,#1391,.T.);
#596=ORIENTED_EDGE('',*,*,#1392,.F.);
#597=ORIENTED_EDGE('',*,*,#1393,.T.);
#598=ORIENTED_EDGE('',*,*,#1394,.T.);
#599=ORIENTED_EDGE('',*,*,#1395,.T.);
#600=ORIENTED_EDGE('',*,*,#1396,.T.);
#601=ORIENTED_EDGE('',*,*,#1397,.T.);
#602=ORIENTED_EDGE('',*,*,#1398,.T.);
#603=ORIENTED_EDGE('',*,*,#1399,.T.);
#604=ORIENTED_EDGE('',*,*,#1400,.F.);
#605=ORIENTED_EDGE('',*,*,#1401,.T.);
#606=ORIENTED_EDGE('',*,*,#1402,.T.);
#607=ORIENTED_EDGE('',*,*,#1403,.T.);
#608=ORIENTED_EDGE('',*,*,#1404,.F.);
#609=ORIENTED_EDGE('',*,*,#1405,.F.);
#610=ORIENTED_EDGE('',*,*,#1406,.T.);
#611=ORIENTED_EDGE('',*,*,#1407,.T.);
#612=ORIENTED_EDGE('',*,*,#1391,.F.);
#613=ORIENTED_EDGE('',*,*,#1408,.T.);
#614=ORIENTED_EDGE('',*,*,#1409,.F.);
#615=ORIENTED_EDGE('',*,*,#1410,.T.);
#616=ORIENTED_EDGE('',*,*,#1389,.F.);
#617=ORIENTED_EDGE('',*,*,#1411,.T.);
#618=ORIENTED_EDGE('',*,*,#1412,.F.);
#619=ORIENTED_EDGE('',*,*,#1413,.T.);
#620=ORIENTED_EDGE('',*,*,#1387,.F.);
#621=ORIENTED_EDGE('',*,*,#1414,.T.);
#622=ORIENTED_EDGE('',*,*,#1415,.F.);
#623=ORIENTED_EDGE('',*,*,#1416,.T.);
#624=ORIENTED_EDGE('',*,*,#1385,.F.);
#625=ORIENTED_EDGE('',*,*,#1417,.T.);
#626=ORIENTED_EDGE('',*,*,#1418,.F.);
#627=ORIENTED_EDGE('',*,*,#1419,.T.);
#628=ORIENTED_EDGE('',*,*,#1383,.F.);
#629=ORIENTED_EDGE('',*,*,#1420,.T.);
#630=ORIENTED_EDGE('',*,*,#1421,.F.);
#631=ORIENTED_EDGE('',*,*,#1422,.T.);
#632=ORIENTED_EDGE('',*,*,#1423,.T.);
#633=ORIENTED_EDGE('',*,*,#1381,.F.);
#634=ORIENTED_EDGE('',*,*,#1424,.T.);
#635=ORIENTED_EDGE('',*,*,#1425,.F.);
#636=ORIENTED_EDGE('',*,*,#1426,.T.);
#637=ORIENTED_EDGE('',*,*,#1402,.F.);
#638=ORIENTED_EDGE('',*,*,#1427,.T.);
#639=ORIENTED_EDGE('',*,*,#1428,.F.);
#640=ORIENTED_EDGE('',*,*,#1429,.T.);
#641=ORIENTED_EDGE('',*,*,#1430,.F.);
#642=ORIENTED_EDGE('',*,*,#1431,.T.);
#643=ORIENTED_EDGE('',*,*,#1432,.F.);
#644=ORIENTED_EDGE('',*,*,#1433,.T.);
#645=ORIENTED_EDGE('',*,*,#1434,.F.);
#646=ORIENTED_EDGE('',*,*,#1435,.T.);
#647=ORIENTED_EDGE('',*,*,#1436,.F.);
#648=ORIENTED_EDGE('',*,*,#1437,.T.);
#649=ORIENTED_EDGE('',*,*,#1438,.F.);
#650=ORIENTED_EDGE('',*,*,#1439,.T.);
#651=ORIENTED_EDGE('',*,*,#1440,.F.);
#652=ORIENTED_EDGE('',*,*,#1441,.T.);
#653=ORIENTED_EDGE('',*,*,#1442,.F.);
#654=ORIENTED_EDGE('',*,*,#1443,.T.);
#655=ORIENTED_EDGE('',*,*,#1444,.F.);
#656=ORIENTED_EDGE('',*,*,#1445,.T.);
#657=ORIENTED_EDGE('',*,*,#1446,.F.);
#658=ORIENTED_EDGE('',*,*,#1447,.T.);
#659=ORIENTED_EDGE('',*,*,#1448,.F.);
#660=ORIENTED_EDGE('',*,*,#1449,.T.);
#661=ORIENTED_EDGE('',*,*,#1450,.F.);
#662=ORIENTED_EDGE('',*,*,#1451,.T.);
#663=ORIENTED_EDGE('',*,*,#1452,.F.);
#664=ORIENTED_EDGE('',*,*,#1453,.T.);
#665=ORIENTED_EDGE('',*,*,#1454,.F.);
#666=ORIENTED_EDGE('',*,*,#1455,.T.);
#667=ORIENTED_EDGE('',*,*,#1456,.T.);
#668=ORIENTED_EDGE('',*,*,#1457,.F.);
#669=ORIENTED_EDGE('',*,*,#1458,.T.);
#670=ORIENTED_EDGE('',*,*,#1459,.F.);
#671=ORIENTED_EDGE('',*,*,#1460,.T.);
#672=ORIENTED_EDGE('',*,*,#1461,.F.);
#673=ORIENTED_EDGE('',*,*,#1462,.T.);
#674=ORIENTED_EDGE('',*,*,#1396,.F.);
#675=ORIENTED_EDGE('',*,*,#1463,.T.);
#676=ORIENTED_EDGE('',*,*,#1393,.F.);
#677=ORIENTED_EDGE('',*,*,#1464,.F.);
#678=ORIENTED_EDGE('',*,*,#1377,.F.);
#679=ORIENTED_EDGE('',*,*,#1465,.F.);
#680=ORIENTED_EDGE('',*,*,#1378,.F.);
#681=ORIENTED_EDGE('',*,*,#1465,.T.);
#682=ORIENTED_EDGE('',*,*,#1380,.T.);
#683=ORIENTED_EDGE('',*,*,#1466,.T.);
#684=ORIENTED_EDGE('',*,*,#1394,.F.);
#685=ORIENTED_EDGE('',*,*,#1464,.T.);
#686=ORIENTED_EDGE('',*,*,#1404,.T.);
#687=ORIENTED_EDGE('',*,*,#1467,.T.);
#688=ORIENTED_EDGE('',*,*,#1430,.T.);
#689=ORIENTED_EDGE('',*,*,#1468,.T.);
#690=ORIENTED_EDGE('',*,*,#1400,.T.);
#691=ORIENTED_EDGE('',*,*,#1469,.T.);
#692=ORIENTED_EDGE('',*,*,#1398,.F.);
#693=ORIENTED_EDGE('',*,*,#1470,.T.);
#694=ORIENTED_EDGE('',*,*,#1459,.T.);
#695=ORIENTED_EDGE('',*,*,#1471,.T.);
#696=ORIENTED_EDGE('',*,*,#1438,.T.);
#697=ORIENTED_EDGE('',*,*,#1472,.F.);
#698=ORIENTED_EDGE('',*,*,#1434,.T.);
#699=ORIENTED_EDGE('',*,*,#1473,.F.);
#700=ORIENTED_EDGE('',*,*,#1446,.T.);
#701=ORIENTED_EDGE('',*,*,#1474,.T.);
#702=ORIENTED_EDGE('',*,*,#1442,.T.);
#703=ORIENTED_EDGE('',*,*,#1475,.T.);
#704=ORIENTED_EDGE('',*,*,#1454,.T.);
#705=ORIENTED_EDGE('',*,*,#1476,.F.);
#706=ORIENTED_EDGE('',*,*,#1450,.T.);
#707=ORIENTED_EDGE('',*,*,#1477,.F.);
#708=ORIENTED_EDGE('',*,*,#1466,.F.);
#709=ORIENTED_EDGE('',*,*,#1379,.F.);
#710=ORIENTED_EDGE('',*,*,#1469,.F.);
#711=ORIENTED_EDGE('',*,*,#1399,.F.);
#712=ORIENTED_EDGE('',*,*,#1478,.T.);
#713=ORIENTED_EDGE('',*,*,#1479,.T.);
#714=ORIENTED_EDGE('',*,*,#1480,.F.);
#715=ORIENTED_EDGE('',*,*,#1481,.F.);
#716=ORIENTED_EDGE('',*,*,#1457,.T.);
#717=ORIENTED_EDGE('',*,*,#1482,.F.);
#718=ORIENTED_EDGE('',*,*,#1483,.F.);
#719=ORIENTED_EDGE('',*,*,#1484,.T.);
#720=ORIENTED_EDGE('',*,*,#1485,.T.);
#721=ORIENTED_EDGE('',*,*,#1486,.T.);
#722=ORIENTED_EDGE('',*,*,#1487,.T.);
#723=ORIENTED_EDGE('',*,*,#1488,.T.);
#724=ORIENTED_EDGE('',*,*,#1489,.T.);
#725=ORIENTED_EDGE('',*,*,#1490,.T.);
#726=ORIENTED_EDGE('',*,*,#1491,.T.);
#727=ORIENTED_EDGE('',*,*,#1492,.T.);
#728=ORIENTED_EDGE('',*,*,#1493,.T.);
#729=ORIENTED_EDGE('',*,*,#1494,.T.);
#730=ORIENTED_EDGE('',*,*,#1461,.T.);
#731=ORIENTED_EDGE('',*,*,#1495,.T.);
#732=ORIENTED_EDGE('',*,*,#1480,.T.);
#733=ORIENTED_EDGE('',*,*,#1496,.T.);
#734=ORIENTED_EDGE('',*,*,#1487,.F.);
#735=ORIENTED_EDGE('',*,*,#1497,.F.);
#736=ORIENTED_EDGE('',*,*,#1471,.F.);
#737=ORIENTED_EDGE('',*,*,#1458,.F.);
#738=ORIENTED_EDGE('',*,*,#1481,.T.);
#739=ORIENTED_EDGE('',*,*,#1497,.T.);
#740=ORIENTED_EDGE('',*,*,#1495,.F.);
#741=ORIENTED_EDGE('',*,*,#1463,.F.);
#742=ORIENTED_EDGE('',*,*,#1395,.F.);
#743=ORIENTED_EDGE('',*,*,#1397,.F.);
#744=ORIENTED_EDGE('',*,*,#1462,.F.);
#745=ORIENTED_EDGE('',*,*,#1494,.F.);
#746=ORIENTED_EDGE('',*,*,#1498,.F.);
#747=ORIENTED_EDGE('',*,*,#1482,.T.);
#748=ORIENTED_EDGE('',*,*,#1460,.F.);
#749=ORIENTED_EDGE('',*,*,#1470,.F.);
#750=ORIENTED_EDGE('',*,*,#1493,.F.);
#751=ORIENTED_EDGE('',*,*,#1499,.T.);
#752=ORIENTED_EDGE('',*,*,#1483,.T.);
#753=ORIENTED_EDGE('',*,*,#1498,.T.);
#754=ORIENTED_EDGE('',*,*,#1500,.T.);
#755=ORIENTED_EDGE('',*,*,#1501,.T.);
#756=ORIENTED_EDGE('',*,*,#1502,.T.);
#757=ORIENTED_EDGE('',*,*,#1503,.T.);
#758=ORIENTED_EDGE('',*,*,#1504,.T.);
#759=ORIENTED_EDGE('',*,*,#1452,.T.);
#760=ORIENTED_EDGE('',*,*,#1505,.T.);
#761=ORIENTED_EDGE('',*,*,#1506,.T.);
#762=ORIENTED_EDGE('',*,*,#1507,.F.);
#763=ORIENTED_EDGE('',*,*,#1508,.T.);
#764=ORIENTED_EDGE('',*,*,#1509,.T.);
#765=ORIENTED_EDGE('',*,*,#1510,.F.);
#766=ORIENTED_EDGE('',*,*,#1511,.F.);
#767=ORIENTED_EDGE('',*,*,#1448,.T.);
#768=ORIENTED_EDGE('',*,*,#1512,.F.);
#769=ORIENTED_EDGE('',*,*,#1513,.T.);
#770=ORIENTED_EDGE('',*,*,#1510,.T.);
#771=ORIENTED_EDGE('',*,*,#1514,.T.);
#772=ORIENTED_EDGE('',*,*,#1506,.F.);
#773=ORIENTED_EDGE('',*,*,#1515,.T.);
#774=ORIENTED_EDGE('',*,*,#1502,.F.);
#775=ORIENTED_EDGE('',*,*,#1516,.T.);
#776=ORIENTED_EDGE('',*,*,#1517,.T.);
#777=ORIENTED_EDGE('',*,*,#1518,.T.);
#778=ORIENTED_EDGE('',*,*,#1507,.T.);
#779=ORIENTED_EDGE('',*,*,#1519,.T.);
#780=ORIENTED_EDGE('',*,*,#1520,.F.);
#781=ORIENTED_EDGE('',*,*,#1521,.T.);
#782=ORIENTED_EDGE('',*,*,#1522,.F.);
#783=ORIENTED_EDGE('',*,*,#1523,.T.);
#784=ORIENTED_EDGE('',*,*,#1520,.T.);
#785=ORIENTED_EDGE('',*,*,#1524,.T.);
#786=ORIENTED_EDGE('',*,*,#1525,.F.);
#787=ORIENTED_EDGE('',*,*,#1526,.T.);
#788=ORIENTED_EDGE('',*,*,#1522,.T.);
#789=ORIENTED_EDGE('',*,*,#1527,.T.);
#790=ORIENTED_EDGE('',*,*,#1512,.T.);
#791=ORIENTED_EDGE('',*,*,#1451,.F.);
#792=ORIENTED_EDGE('',*,*,#1476,.T.);
#793=ORIENTED_EDGE('',*,*,#1453,.F.);
#794=ORIENTED_EDGE('',*,*,#1504,.F.);
#795=ORIENTED_EDGE('',*,*,#1528,.T.);
#796=ORIENTED_EDGE('',*,*,#1525,.T.);
#797=ORIENTED_EDGE('',*,*,#1529,.T.);
#798=ORIENTED_EDGE('',*,*,#1505,.F.);
#799=ORIENTED_EDGE('',*,*,#1456,.F.);
#800=ORIENTED_EDGE('',*,*,#1455,.F.);
#801=ORIENTED_EDGE('',*,*,#1477,.T.);
#802=ORIENTED_EDGE('',*,*,#1449,.F.);
#803=ORIENTED_EDGE('',*,*,#1511,.T.);
#804=ORIENTED_EDGE('',*,*,#1515,.F.);
#805=ORIENTED_EDGE('',*,*,#1530,.F.);
#806=ORIENTED_EDGE('',*,*,#1531,.T.);
#807=ORIENTED_EDGE('',*,*,#1532,.T.);
#808=ORIENTED_EDGE('',*,*,#1533,.T.);
#809=ORIENTED_EDGE('',*,*,#1534,.T.);
#810=ORIENTED_EDGE('',*,*,#1535,.T.);
#811=ORIENTED_EDGE('',*,*,#1536,.F.);
#812=ORIENTED_EDGE('',*,*,#1537,.F.);
#813=ORIENTED_EDGE('',*,*,#1440,.T.);
#814=ORIENTED_EDGE('',*,*,#1538,.F.);
#815=ORIENTED_EDGE('',*,*,#1539,.T.);
#816=ORIENTED_EDGE('',*,*,#1540,.T.);
#817=ORIENTED_EDGE('',*,*,#1541,.T.);
#818=ORIENTED_EDGE('',*,*,#1542,.T.);
#819=ORIENTED_EDGE('',*,*,#1444,.T.);
#820=ORIENTED_EDGE('',*,*,#1543,.T.);
#821=ORIENTED_EDGE('',*,*,#1544,.T.);
#822=ORIENTED_EDGE('',*,*,#1545,.T.);
#823=ORIENTED_EDGE('',*,*,#1546,.T.);
#824=ORIENTED_EDGE('',*,*,#1547,.T.);
#825=ORIENTED_EDGE('',*,*,#1536,.T.);
#826=ORIENTED_EDGE('',*,*,#1548,.T.);
#827=ORIENTED_EDGE('',*,*,#1544,.F.);
#828=ORIENTED_EDGE('',*,*,#1549,.F.);
#829=ORIENTED_EDGE('',*,*,#1475,.F.);
#830=ORIENTED_EDGE('',*,*,#1441,.F.);
#831=ORIENTED_EDGE('',*,*,#1537,.T.);
#832=ORIENTED_EDGE('',*,*,#1549,.T.);
#833=ORIENTED_EDGE('',*,*,#1543,.F.);
#834=ORIENTED_EDGE('',*,*,#1447,.F.);
#835=ORIENTED_EDGE('',*,*,#1474,.F.);
#836=ORIENTED_EDGE('',*,*,#1445,.F.);
#837=ORIENTED_EDGE('',*,*,#1542,.F.);
#838=ORIENTED_EDGE('',*,*,#1550,.F.);
#839=ORIENTED_EDGE('',*,*,#1538,.T.);
#840=ORIENTED_EDGE('',*,*,#1443,.F.);
#841=ORIENTED_EDGE('',*,*,#1541,.F.);
#842=ORIENTED_EDGE('',*,*,#1551,.T.);
#843=ORIENTED_EDGE('',*,*,#1530,.T.);
#844=ORIENTED_EDGE('',*,*,#1550,.T.);
#845=ORIENTED_EDGE('',*,*,#1552,.T.);
#846=ORIENTED_EDGE('',*,*,#1553,.T.);
#847=ORIENTED_EDGE('',*,*,#1554,.T.);
#848=ORIENTED_EDGE('',*,*,#1555,.T.);
#849=ORIENTED_EDGE('',*,*,#1556,.T.);
#850=ORIENTED_EDGE('',*,*,#1436,.T.);
#851=ORIENTED_EDGE('',*,*,#1557,.T.);
#852=ORIENTED_EDGE('',*,*,#1558,.T.);
#853=ORIENTED_EDGE('',*,*,#1559,.F.);
#854=ORIENTED_EDGE('',*,*,#1560,.T.);
#855=ORIENTED_EDGE('',*,*,#1561,.T.);
#856=ORIENTED_EDGE('',*,*,#1562,.F.);
#857=ORIENTED_EDGE('',*,*,#1563,.F.);
#858=ORIENTED_EDGE('',*,*,#1432,.T.);
#859=ORIENTED_EDGE('',*,*,#1564,.F.);
#860=ORIENTED_EDGE('',*,*,#1565,.T.);
#861=ORIENTED_EDGE('',*,*,#1562,.T.);
#862=ORIENTED_EDGE('',*,*,#1566,.T.);
#863=ORIENTED_EDGE('',*,*,#1558,.F.);
#864=ORIENTED_EDGE('',*,*,#1567,.T.);
#865=ORIENTED_EDGE('',*,*,#1554,.F.);
#866=ORIENTED_EDGE('',*,*,#1568,.T.);
#867=ORIENTED_EDGE('',*,*,#1569,.T.);
#868=ORIENTED_EDGE('',*,*,#1570,.T.);
#869=ORIENTED_EDGE('',*,*,#1559,.T.);
#870=ORIENTED_EDGE('',*,*,#1571,.T.);
#871=ORIENTED_EDGE('',*,*,#1572,.F.);
#872=ORIENTED_EDGE('',*,*,#1573,.T.);
#873=ORIENTED_EDGE('',*,*,#1574,.F.);
#874=ORIENTED_EDGE('',*,*,#1575,.T.);
#875=ORIENTED_EDGE('',*,*,#1572,.T.);
#876=ORIENTED_EDGE('',*,*,#1576,.T.);
#877=ORIENTED_EDGE('',*,*,#1577,.F.);
#878=ORIENTED_EDGE('',*,*,#1578,.T.);
#879=ORIENTED_EDGE('',*,*,#1574,.T.);
#880=ORIENTED_EDGE('',*,*,#1579,.T.);
#881=ORIENTED_EDGE('',*,*,#1564,.T.);
#882=ORIENTED_EDGE('',*,*,#1435,.F.);
#883=ORIENTED_EDGE('',*,*,#1472,.T.);
#884=ORIENTED_EDGE('',*,*,#1437,.F.);
#885=ORIENTED_EDGE('',*,*,#1556,.F.);
#886=ORIENTED_EDGE('',*,*,#1580,.T.);
#887=ORIENTED_EDGE('',*,*,#1577,.T.);
#888=ORIENTED_EDGE('',*,*,#1581,.T.);
#889=ORIENTED_EDGE('',*,*,#1557,.F.);
#890=ORIENTED_EDGE('',*,*,#1439,.F.);
#891=ORIENTED_EDGE('',*,*,#1473,.T.);
#892=ORIENTED_EDGE('',*,*,#1433,.F.);
#893=ORIENTED_EDGE('',*,*,#1563,.T.);
#894=ORIENTED_EDGE('',*,*,#1567,.F.);
#895=ORIENTED_EDGE('',*,*,#1582,.F.);
#896=ORIENTED_EDGE('',*,*,#1583,.T.);
#897=ORIENTED_EDGE('',*,*,#1584,.T.);
#898=ORIENTED_EDGE('',*,*,#1585,.T.);
#899=ORIENTED_EDGE('',*,*,#1586,.T.);
#900=ORIENTED_EDGE('',*,*,#1587,.T.);
#901=ORIENTED_EDGE('',*,*,#1588,.F.);
#902=ORIENTED_EDGE('',*,*,#1589,.F.);
#903=ORIENTED_EDGE('',*,*,#1425,.T.);
#904=ORIENTED_EDGE('',*,*,#1590,.F.);
#905=ORIENTED_EDGE('',*,*,#1591,.T.);
#906=ORIENTED_EDGE('',*,*,#1592,.T.);
#907=ORIENTED_EDGE('',*,*,#1593,.T.);
#908=ORIENTED_EDGE('',*,*,#1594,.T.);
#909=ORIENTED_EDGE('',*,*,#1428,.T.);
#910=ORIENTED_EDGE('',*,*,#1595,.T.);
#911=ORIENTED_EDGE('',*,*,#1596,.T.);
#912=ORIENTED_EDGE('',*,*,#1597,.T.);
#913=ORIENTED_EDGE('',*,*,#1598,.T.);
#914=ORIENTED_EDGE('',*,*,#1599,.T.);
#915=ORIENTED_EDGE('',*,*,#1588,.T.);
#916=ORIENTED_EDGE('',*,*,#1600,.T.);
#917=ORIENTED_EDGE('',*,*,#1596,.F.);
#918=ORIENTED_EDGE('',*,*,#1601,.F.);
#919=ORIENTED_EDGE('',*,*,#1403,.F.);
#920=ORIENTED_EDGE('',*,*,#1426,.F.);
#921=ORIENTED_EDGE('',*,*,#1589,.T.);
#922=ORIENTED_EDGE('',*,*,#1601,.T.);
#923=ORIENTED_EDGE('',*,*,#1595,.F.);
#924=ORIENTED_EDGE('',*,*,#1431,.F.);
#925=ORIENTED_EDGE('',*,*,#1467,.F.);
#926=ORIENTED_EDGE('',*,*,#1468,.F.);
#927=ORIENTED_EDGE('',*,*,#1429,.F.);
#928=ORIENTED_EDGE('',*,*,#1594,.F.);
#929=ORIENTED_EDGE('',*,*,#1602,.F.);
#930=ORIENTED_EDGE('',*,*,#1590,.T.);
#931=ORIENTED_EDGE('',*,*,#1427,.F.);
#932=ORIENTED_EDGE('',*,*,#1401,.F.);
#933=ORIENTED_EDGE('',*,*,#1593,.F.);
#934=ORIENTED_EDGE('',*,*,#1603,.T.);
#935=ORIENTED_EDGE('',*,*,#1582,.T.);
#936=ORIENTED_EDGE('',*,*,#1602,.T.);
#937=ORIENTED_EDGE('',*,*,#1604,.T.);
#938=ORIENTED_EDGE('',*,*,#1605,.T.);
#939=ORIENTED_EDGE('',*,*,#1606,.T.);
#940=ORIENTED_EDGE('',*,*,#1607,.T.);
#941=ORIENTED_EDGE('',*,*,#1608,.T.);
#942=ORIENTED_EDGE('',*,*,#1421,.T.);
#943=ORIENTED_EDGE('',*,*,#1609,.T.);
#944=ORIENTED_EDGE('',*,*,#1610,.T.);
#945=ORIENTED_EDGE('',*,*,#1611,.F.);
#946=ORIENTED_EDGE('',*,*,#1612,.T.);
#947=ORIENTED_EDGE('',*,*,#1613,.T.);
#948=ORIENTED_EDGE('',*,*,#1614,.F.);
#949=ORIENTED_EDGE('',*,*,#1615,.F.);
#950=ORIENTED_EDGE('',*,*,#1418,.T.);
#951=ORIENTED_EDGE('',*,*,#1616,.F.);
#952=ORIENTED_EDGE('',*,*,#1617,.T.);
#953=ORIENTED_EDGE('',*,*,#1614,.T.);
#954=ORIENTED_EDGE('',*,*,#1618,.T.);
#955=ORIENTED_EDGE('',*,*,#1610,.F.);
#956=ORIENTED_EDGE('',*,*,#1619,.T.);
#957=ORIENTED_EDGE('',*,*,#1606,.F.);
#958=ORIENTED_EDGE('',*,*,#1620,.T.);
#959=ORIENTED_EDGE('',*,*,#1621,.T.);
#960=ORIENTED_EDGE('',*,*,#1622,.T.);
#961=ORIENTED_EDGE('',*,*,#1611,.T.);
#962=ORIENTED_EDGE('',*,*,#1623,.T.);
#963=ORIENTED_EDGE('',*,*,#1624,.F.);
#964=ORIENTED_EDGE('',*,*,#1625,.T.);
#965=ORIENTED_EDGE('',*,*,#1626,.F.);
#966=ORIENTED_EDGE('',*,*,#1627,.T.);
#967=ORIENTED_EDGE('',*,*,#1624,.T.);
#968=ORIENTED_EDGE('',*,*,#1628,.T.);
#969=ORIENTED_EDGE('',*,*,#1629,.F.);
#970=ORIENTED_EDGE('',*,*,#1630,.T.);
#971=ORIENTED_EDGE('',*,*,#1626,.T.);
#972=ORIENTED_EDGE('',*,*,#1631,.T.);
#973=ORIENTED_EDGE('',*,*,#1616,.T.);
#974=ORIENTED_EDGE('',*,*,#1420,.F.);
#975=ORIENTED_EDGE('',*,*,#1382,.T.);
#976=ORIENTED_EDGE('',*,*,#1423,.F.);
#977=ORIENTED_EDGE('',*,*,#1422,.F.);
#978=ORIENTED_EDGE('',*,*,#1608,.F.);
#979=ORIENTED_EDGE('',*,*,#1632,.T.);
#980=ORIENTED_EDGE('',*,*,#1629,.T.);
#981=ORIENTED_EDGE('',*,*,#1633,.T.);
#982=ORIENTED_EDGE('',*,*,#1609,.F.);
#983=ORIENTED_EDGE('',*,*,#1424,.F.);
#984=ORIENTED_EDGE('',*,*,#1384,.T.);
#985=ORIENTED_EDGE('',*,*,#1419,.F.);
#986=ORIENTED_EDGE('',*,*,#1615,.T.);
#987=ORIENTED_EDGE('',*,*,#1619,.F.);
#988=ORIENTED_EDGE('',*,*,#1634,.F.);
#989=ORIENTED_EDGE('',*,*,#1635,.T.);
#990=ORIENTED_EDGE('',*,*,#1636,.T.);
#991=ORIENTED_EDGE('',*,*,#1637,.T.);
#992=ORIENTED_EDGE('',*,*,#1638,.T.);
#993=ORIENTED_EDGE('',*,*,#1639,.T.);
#994=ORIENTED_EDGE('',*,*,#1640,.F.);
#995=ORIENTED_EDGE('',*,*,#1641,.F.);
#996=ORIENTED_EDGE('',*,*,#1412,.T.);
#997=ORIENTED_EDGE('',*,*,#1642,.F.);
#998=ORIENTED_EDGE('',*,*,#1643,.T.);
#999=ORIENTED_EDGE('',*,*,#1644,.T.);
#1000=ORIENTED_EDGE('',*,*,#1645,.T.);
#1001=ORIENTED_EDGE('',*,*,#1646,.T.);
#1002=ORIENTED_EDGE('',*,*,#1415,.T.);
#1003=ORIENTED_EDGE('',*,*,#1647,.T.);
#1004=ORIENTED_EDGE('',*,*,#1648,.T.);
#1005=ORIENTED_EDGE('',*,*,#1649,.T.);
#1006=ORIENTED_EDGE('',*,*,#1650,.T.);
#1007=ORIENTED_EDGE('',*,*,#1651,.T.);
#1008=ORIENTED_EDGE('',*,*,#1640,.T.);
#1009=ORIENTED_EDGE('',*,*,#1652,.T.);
#1010=ORIENTED_EDGE('',*,*,#1648,.F.);
#1011=ORIENTED_EDGE('',*,*,#1653,.F.);
#1012=ORIENTED_EDGE('',*,*,#1388,.F.);
#1013=ORIENTED_EDGE('',*,*,#1413,.F.);
#1014=ORIENTED_EDGE('',*,*,#1641,.T.);
#1015=ORIENTED_EDGE('',*,*,#1653,.T.);
#1016=ORIENTED_EDGE('',*,*,#1647,.F.);
#1017=ORIENTED_EDGE('',*,*,#1417,.F.);
#1018=ORIENTED_EDGE('',*,*,#1386,.F.);
#1019=ORIENTED_EDGE('',*,*,#1416,.F.);
#1020=ORIENTED_EDGE('',*,*,#1646,.F.);
#1021=ORIENTED_EDGE('',*,*,#1654,.F.);
#1022=ORIENTED_EDGE('',*,*,#1642,.T.);
#1023=ORIENTED_EDGE('',*,*,#1414,.F.);
#1024=ORIENTED_EDGE('',*,*,#1645,.F.);
#1025=ORIENTED_EDGE('',*,*,#1655,.T.);
#1026=ORIENTED_EDGE('',*,*,#1634,.T.);
#1027=ORIENTED_EDGE('',*,*,#1654,.T.);
#1028=ORIENTED_EDGE('',*,*,#1656,.T.);
#1029=ORIENTED_EDGE('',*,*,#1657,.T.);
#1030=ORIENTED_EDGE('',*,*,#1658,.T.);
#1031=ORIENTED_EDGE('',*,*,#1659,.T.);
#1032=ORIENTED_EDGE('',*,*,#1660,.T.);
#1033=ORIENTED_EDGE('',*,*,#1409,.T.);
#1034=ORIENTED_EDGE('',*,*,#1661,.T.);
#1035=ORIENTED_EDGE('',*,*,#1662,.T.);
#1036=ORIENTED_EDGE('',*,*,#1663,.F.);
#1037=ORIENTED_EDGE('',*,*,#1664,.T.);
#1038=ORIENTED_EDGE('',*,*,#1665,.T.);
#1039=ORIENTED_EDGE('',*,*,#1666,.F.);
#1040=ORIENTED_EDGE('',*,*,#1667,.F.);
#1041=ORIENTED_EDGE('',*,*,#1405,.T.);
#1042=ORIENTED_EDGE('',*,*,#1668,.F.);
#1043=ORIENTED_EDGE('',*,*,#1669,.T.);
#1044=ORIENTED_EDGE('',*,*,#1666,.T.);
#1045=ORIENTED_EDGE('',*,*,#1670,.T.);
#1046=ORIENTED_EDGE('',*,*,#1662,.F.);
#1047=ORIENTED_EDGE('',*,*,#1671,.T.);
#1048=ORIENTED_EDGE('',*,*,#1658,.F.);
#1049=ORIENTED_EDGE('',*,*,#1672,.T.);
#1050=ORIENTED_EDGE('',*,*,#1673,.T.);
#1051=ORIENTED_EDGE('',*,*,#1674,.T.);
#1052=ORIENTED_EDGE('',*,*,#1663,.T.);
#1053=ORIENTED_EDGE('',*,*,#1675,.T.);
#1054=ORIENTED_EDGE('',*,*,#1676,.F.);
#1055=ORIENTED_EDGE('',*,*,#1677,.T.);
#1056=ORIENTED_EDGE('',*,*,#1678,.F.);
#1057=ORIENTED_EDGE('',*,*,#1679,.T.);
#1058=ORIENTED_EDGE('',*,*,#1676,.T.);
#1059=ORIENTED_EDGE('',*,*,#1680,.T.);
#1060=ORIENTED_EDGE('',*,*,#1681,.F.);
#1061=ORIENTED_EDGE('',*,*,#1682,.T.);
#1062=ORIENTED_EDGE('',*,*,#1678,.T.);
#1063=ORIENTED_EDGE('',*,*,#1683,.T.);
#1064=ORIENTED_EDGE('',*,*,#1668,.T.);
#1065=ORIENTED_EDGE('',*,*,#1408,.F.);
#1066=ORIENTED_EDGE('',*,*,#1390,.T.);
#1067=ORIENTED_EDGE('',*,*,#1410,.F.);
#1068=ORIENTED_EDGE('',*,*,#1660,.F.);
#1069=ORIENTED_EDGE('',*,*,#1684,.T.);
#1070=ORIENTED_EDGE('',*,*,#1681,.T.);
#1071=ORIENTED_EDGE('',*,*,#1685,.T.);
#1072=ORIENTED_EDGE('',*,*,#1661,.F.);
#1073=ORIENTED_EDGE('',*,*,#1411,.F.);
#1074=ORIENTED_EDGE('',*,*,#1392,.T.);
#1075=ORIENTED_EDGE('',*,*,#1407,.F.);
#1076=ORIENTED_EDGE('',*,*,#1406,.F.);
#1077=ORIENTED_EDGE('',*,*,#1667,.T.);
#1078=ORIENTED_EDGE('',*,*,#1671,.F.);
#1079=ORIENTED_EDGE('',*,*,#1677,.F.);
#1080=ORIENTED_EDGE('',*,*,#1679,.F.);
#1081=ORIENTED_EDGE('',*,*,#1682,.F.);
#1082=ORIENTED_EDGE('',*,*,#1684,.F.);
#1083=ORIENTED_EDGE('',*,*,#1659,.F.);
#1084=ORIENTED_EDGE('',*,*,#1675,.F.);
#1085=ORIENTED_EDGE('',*,*,#1669,.F.);
#1086=ORIENTED_EDGE('',*,*,#1685,.F.);
#1087=ORIENTED_EDGE('',*,*,#1683,.F.);
#1088=ORIENTED_EDGE('',*,*,#1680,.F.);
#1089=ORIENTED_EDGE('',*,*,#1625,.F.);
#1090=ORIENTED_EDGE('',*,*,#1627,.F.);
#1091=ORIENTED_EDGE('',*,*,#1630,.F.);
#1092=ORIENTED_EDGE('',*,*,#1632,.F.);
#1093=ORIENTED_EDGE('',*,*,#1607,.F.);
#1094=ORIENTED_EDGE('',*,*,#1623,.F.);
#1095=ORIENTED_EDGE('',*,*,#1617,.F.);
#1096=ORIENTED_EDGE('',*,*,#1633,.F.);
#1097=ORIENTED_EDGE('',*,*,#1631,.F.);
#1098=ORIENTED_EDGE('',*,*,#1628,.F.);
#1099=ORIENTED_EDGE('',*,*,#1573,.F.);
#1100=ORIENTED_EDGE('',*,*,#1575,.F.);
#1101=ORIENTED_EDGE('',*,*,#1578,.F.);
#1102=ORIENTED_EDGE('',*,*,#1580,.F.);
#1103=ORIENTED_EDGE('',*,*,#1555,.F.);
#1104=ORIENTED_EDGE('',*,*,#1571,.F.);
#1105=ORIENTED_EDGE('',*,*,#1565,.F.);
#1106=ORIENTED_EDGE('',*,*,#1581,.F.);
#1107=ORIENTED_EDGE('',*,*,#1579,.F.);
#1108=ORIENTED_EDGE('',*,*,#1576,.F.);
#1109=ORIENTED_EDGE('',*,*,#1521,.F.);
#1110=ORIENTED_EDGE('',*,*,#1523,.F.);
#1111=ORIENTED_EDGE('',*,*,#1526,.F.);
#1112=ORIENTED_EDGE('',*,*,#1528,.F.);
#1113=ORIENTED_EDGE('',*,*,#1503,.F.);
#1114=ORIENTED_EDGE('',*,*,#1519,.F.);
#1115=ORIENTED_EDGE('',*,*,#1513,.F.);
#1116=ORIENTED_EDGE('',*,*,#1529,.F.);
#1117=ORIENTED_EDGE('',*,*,#1527,.F.);
#1118=ORIENTED_EDGE('',*,*,#1524,.F.);
#1119=ORIENTED_EDGE('',*,*,#1686,.F.);
#1120=ORIENTED_EDGE('',*,*,#1664,.F.);
#1121=ORIENTED_EDGE('',*,*,#1674,.F.);
#1122=ORIENTED_EDGE('',*,*,#1687,.F.);
#1123=ORIENTED_EDGE('',*,*,#1688,.T.);
#1124=ORIENTED_EDGE('',*,*,#1672,.F.);
#1125=ORIENTED_EDGE('',*,*,#1657,.F.);
#1126=ORIENTED_EDGE('',*,*,#1689,.T.);
#1127=ORIENTED_EDGE('',*,*,#1665,.F.);
#1128=ORIENTED_EDGE('',*,*,#1686,.T.);
#1129=ORIENTED_EDGE('',*,*,#1689,.F.);
#1130=ORIENTED_EDGE('',*,*,#1656,.F.);
#1131=ORIENTED_EDGE('',*,*,#1670,.F.);
#1132=ORIENTED_EDGE('',*,*,#1687,.T.);
#1133=ORIENTED_EDGE('',*,*,#1673,.F.);
#1134=ORIENTED_EDGE('',*,*,#1688,.F.);
#1135=ORIENTED_EDGE('',*,*,#1690,.F.);
#1136=ORIENTED_EDGE('',*,*,#1508,.F.);
#1137=ORIENTED_EDGE('',*,*,#1518,.F.);
#1138=ORIENTED_EDGE('',*,*,#1691,.F.);
#1139=ORIENTED_EDGE('',*,*,#1692,.T.);
#1140=ORIENTED_EDGE('',*,*,#1516,.F.);
#1141=ORIENTED_EDGE('',*,*,#1501,.F.);
#1142=ORIENTED_EDGE('',*,*,#1693,.T.);
#1143=ORIENTED_EDGE('',*,*,#1509,.F.);
#1144=ORIENTED_EDGE('',*,*,#1690,.T.);
#1145=ORIENTED_EDGE('',*,*,#1693,.F.);
#1146=ORIENTED_EDGE('',*,*,#1500,.F.);
#1147=ORIENTED_EDGE('',*,*,#1514,.F.);
#1148=ORIENTED_EDGE('',*,*,#1691,.T.);
#1149=ORIENTED_EDGE('',*,*,#1517,.F.);
#1150=ORIENTED_EDGE('',*,*,#1692,.F.);
#1151=ORIENTED_EDGE('',*,*,#1694,.F.);
#1152=ORIENTED_EDGE('',*,*,#1560,.F.);
#1153=ORIENTED_EDGE('',*,*,#1570,.F.);
#1154=ORIENTED_EDGE('',*,*,#1695,.F.);
#1155=ORIENTED_EDGE('',*,*,#1696,.T.);
#1156=ORIENTED_EDGE('',*,*,#1568,.F.);
#1157=ORIENTED_EDGE('',*,*,#1553,.F.);
#1158=ORIENTED_EDGE('',*,*,#1697,.T.);
#1159=ORIENTED_EDGE('',*,*,#1561,.F.);
#1160=ORIENTED_EDGE('',*,*,#1694,.T.);
#1161=ORIENTED_EDGE('',*,*,#1697,.F.);
#1162=ORIENTED_EDGE('',*,*,#1552,.F.);
#1163=ORIENTED_EDGE('',*,*,#1566,.F.);
#1164=ORIENTED_EDGE('',*,*,#1695,.T.);
#1165=ORIENTED_EDGE('',*,*,#1569,.F.);
#1166=ORIENTED_EDGE('',*,*,#1696,.F.);
#1167=ORIENTED_EDGE('',*,*,#1698,.F.);
#1168=ORIENTED_EDGE('',*,*,#1612,.F.);
#1169=ORIENTED_EDGE('',*,*,#1622,.F.);
#1170=ORIENTED_EDGE('',*,*,#1699,.F.);
#1171=ORIENTED_EDGE('',*,*,#1700,.T.);
#1172=ORIENTED_EDGE('',*,*,#1620,.F.);
#1173=ORIENTED_EDGE('',*,*,#1605,.F.);
#1174=ORIENTED_EDGE('',*,*,#1701,.T.);
#1175=ORIENTED_EDGE('',*,*,#1613,.F.);
#1176=ORIENTED_EDGE('',*,*,#1698,.T.);
#1177=ORIENTED_EDGE('',*,*,#1701,.F.);
#1178=ORIENTED_EDGE('',*,*,#1604,.F.);
#1179=ORIENTED_EDGE('',*,*,#1618,.F.);
#1180=ORIENTED_EDGE('',*,*,#1699,.T.);
#1181=ORIENTED_EDGE('',*,*,#1621,.F.);
#1182=ORIENTED_EDGE('',*,*,#1700,.F.);
#1183=ORIENTED_EDGE('',*,*,#1702,.F.);
#1184=ORIENTED_EDGE('',*,*,#1649,.F.);
#1185=ORIENTED_EDGE('',*,*,#1652,.F.);
#1186=ORIENTED_EDGE('',*,*,#1639,.F.);
#1187=ORIENTED_EDGE('',*,*,#1703,.F.);
#1188=ORIENTED_EDGE('',*,*,#1650,.F.);
#1189=ORIENTED_EDGE('',*,*,#1702,.T.);
#1190=ORIENTED_EDGE('',*,*,#1703,.T.);
#1191=ORIENTED_EDGE('',*,*,#1638,.F.);
#1192=ORIENTED_EDGE('',*,*,#1704,.F.);
#1193=ORIENTED_EDGE('',*,*,#1705,.F.);
#1194=ORIENTED_EDGE('',*,*,#1705,.T.);
#1195=ORIENTED_EDGE('',*,*,#1704,.T.);
#1196=ORIENTED_EDGE('',*,*,#1706,.F.);
#1197=ORIENTED_EDGE('',*,*,#1651,.F.);
#1198=ORIENTED_EDGE('',*,*,#1706,.T.);
#1199=ORIENTED_EDGE('',*,*,#1637,.F.);
#1200=ORIENTED_EDGE('',*,*,#1707,.F.);
#1201=ORIENTED_EDGE('',*,*,#1707,.T.);
#1202=ORIENTED_EDGE('',*,*,#1708,.F.);
#1203=ORIENTED_EDGE('',*,*,#1709,.F.);
#1204=ORIENTED_EDGE('',*,*,#1643,.F.);
#1205=ORIENTED_EDGE('',*,*,#1708,.T.);
#1206=ORIENTED_EDGE('',*,*,#1636,.F.);
#1207=ORIENTED_EDGE('',*,*,#1710,.T.);
#1208=ORIENTED_EDGE('',*,*,#1644,.F.);
#1209=ORIENTED_EDGE('',*,*,#1709,.T.);
#1210=ORIENTED_EDGE('',*,*,#1710,.F.);
#1211=ORIENTED_EDGE('',*,*,#1635,.F.);
#1212=ORIENTED_EDGE('',*,*,#1655,.F.);
#1213=ORIENTED_EDGE('',*,*,#1711,.F.);
#1214=ORIENTED_EDGE('',*,*,#1491,.F.);
#1215=ORIENTED_EDGE('',*,*,#1712,.F.);
#1216=ORIENTED_EDGE('',*,*,#1713,.F.);
#1217=ORIENTED_EDGE('',*,*,#1485,.F.);
#1218=ORIENTED_EDGE('',*,*,#1714,.T.);
#1219=ORIENTED_EDGE('',*,*,#1492,.F.);
#1220=ORIENTED_EDGE('',*,*,#1711,.T.);
#1221=ORIENTED_EDGE('',*,*,#1714,.F.);
#1222=ORIENTED_EDGE('',*,*,#1484,.F.);
#1223=ORIENTED_EDGE('',*,*,#1499,.F.);
#1224=ORIENTED_EDGE('',*,*,#1715,.F.);
#1225=ORIENTED_EDGE('',*,*,#1713,.T.);
#1226=ORIENTED_EDGE('',*,*,#1712,.T.);
#1227=ORIENTED_EDGE('',*,*,#1715,.T.);
#1228=ORIENTED_EDGE('',*,*,#1490,.F.);
#1229=ORIENTED_EDGE('',*,*,#1716,.F.);
#1230=ORIENTED_EDGE('',*,*,#1486,.F.);
#1231=ORIENTED_EDGE('',*,*,#1717,.F.);
#1232=ORIENTED_EDGE('',*,*,#1716,.T.);
#1233=ORIENTED_EDGE('',*,*,#1718,.F.);
#1234=ORIENTED_EDGE('',*,*,#1488,.F.);
#1235=ORIENTED_EDGE('',*,*,#1496,.F.);
#1236=ORIENTED_EDGE('',*,*,#1479,.F.);
#1237=ORIENTED_EDGE('',*,*,#1719,.F.);
#1238=ORIENTED_EDGE('',*,*,#1489,.F.);
#1239=ORIENTED_EDGE('',*,*,#1718,.T.);
#1240=ORIENTED_EDGE('',*,*,#1719,.T.);
#1241=ORIENTED_EDGE('',*,*,#1478,.F.);
#1242=ORIENTED_EDGE('',*,*,#1717,.T.);
#1243=ORIENTED_EDGE('',*,*,#1720,.F.);
#1244=ORIENTED_EDGE('',*,*,#1545,.F.);
#1245=ORIENTED_EDGE('',*,*,#1548,.F.);
#1246=ORIENTED_EDGE('',*,*,#1535,.F.);
#1247=ORIENTED_EDGE('',*,*,#1721,.F.);
#1248=ORIENTED_EDGE('',*,*,#1546,.F.);
#1249=ORIENTED_EDGE('',*,*,#1720,.T.);
#1250=ORIENTED_EDGE('',*,*,#1721,.T.);
#1251=ORIENTED_EDGE('',*,*,#1534,.F.);
#1252=ORIENTED_EDGE('',*,*,#1722,.F.);
#1253=ORIENTED_EDGE('',*,*,#1722,.T.);
#1254=ORIENTED_EDGE('',*,*,#1723,.F.);
#1255=ORIENTED_EDGE('',*,*,#1547,.F.);
#1256=ORIENTED_EDGE('',*,*,#1723,.T.);
#1257=ORIENTED_EDGE('',*,*,#1533,.F.);
#1258=ORIENTED_EDGE('',*,*,#1724,.F.);
#1259=ORIENTED_EDGE('',*,*,#1724,.T.);
#1260=ORIENTED_EDGE('',*,*,#1725,.F.);
#1261=ORIENTED_EDGE('',*,*,#1726,.F.);
#1262=ORIENTED_EDGE('',*,*,#1727,.F.);
#1263=ORIENTED_EDGE('',*,*,#1539,.F.);
#1264=ORIENTED_EDGE('',*,*,#1726,.T.);
#1265=ORIENTED_EDGE('',*,*,#1725,.T.);
#1266=ORIENTED_EDGE('',*,*,#1532,.F.);
#1267=ORIENTED_EDGE('',*,*,#1728,.T.);
#1268=ORIENTED_EDGE('',*,*,#1540,.F.);
#1269=ORIENTED_EDGE('',*,*,#1727,.T.);
#1270=ORIENTED_EDGE('',*,*,#1728,.F.);
#1271=ORIENTED_EDGE('',*,*,#1531,.F.);
#1272=ORIENTED_EDGE('',*,*,#1551,.F.);
#1273=ORIENTED_EDGE('',*,*,#1729,.F.);
#1274=ORIENTED_EDGE('',*,*,#1597,.F.);
#1275=ORIENTED_EDGE('',*,*,#1600,.F.);
#1276=ORIENTED_EDGE('',*,*,#1587,.F.);
#1277=ORIENTED_EDGE('',*,*,#1730,.F.);
#1278=ORIENTED_EDGE('',*,*,#1598,.F.);
#1279=ORIENTED_EDGE('',*,*,#1729,.T.);
#1280=ORIENTED_EDGE('',*,*,#1730,.T.);
#1281=ORIENTED_EDGE('',*,*,#1586,.F.);
#1282=ORIENTED_EDGE('',*,*,#1731,.F.);
#1283=ORIENTED_EDGE('',*,*,#1732,.F.);
#1284=ORIENTED_EDGE('',*,*,#1732,.T.);
#1285=ORIENTED_EDGE('',*,*,#1731,.T.);
#1286=ORIENTED_EDGE('',*,*,#1733,.F.);
#1287=ORIENTED_EDGE('',*,*,#1599,.F.);
#1288=ORIENTED_EDGE('',*,*,#1733,.T.);
#1289=ORIENTED_EDGE('',*,*,#1585,.F.);
#1290=ORIENTED_EDGE('',*,*,#1734,.F.);
#1291=ORIENTED_EDGE('',*,*,#1735,.F.);
#1292=ORIENTED_EDGE('',*,*,#1735,.T.);
#1293=ORIENTED_EDGE('',*,*,#1734,.T.);
#1294=ORIENTED_EDGE('',*,*,#1736,.F.);
#1295=ORIENTED_EDGE('',*,*,#1737,.F.);
#1296=ORIENTED_EDGE('',*,*,#1591,.F.);
#1297=ORIENTED_EDGE('',*,*,#1736,.T.);
#1298=ORIENTED_EDGE('',*,*,#1584,.F.);
#1299=ORIENTED_EDGE('',*,*,#1738,.T.);
#1300=ORIENTED_EDGE('',*,*,#1592,.F.);
#1301=ORIENTED_EDGE('',*,*,#1737,.T.);
#1302=ORIENTED_EDGE('',*,*,#1738,.F.);
#1303=ORIENTED_EDGE('',*,*,#1583,.F.);
#1304=ORIENTED_EDGE('',*,*,#1603,.F.);
#1305=ORIENTED_EDGE('',*,*,#1739,.T.);
#1306=ORIENTED_EDGE('',*,*,#1740,.T.);
#1307=ORIENTED_EDGE('',*,*,#1741,.F.);
#1308=ORIENTED_EDGE('',*,*,#1742,.F.);
#1309=ORIENTED_EDGE('',*,*,#1743,.F.);
#1310=ORIENTED_EDGE('',*,*,#1744,.T.);
#1311=ORIENTED_EDGE('',*,*,#1745,.T.);
#1312=ORIENTED_EDGE('',*,*,#1746,.F.);
#1313=ORIENTED_EDGE('',*,*,#1739,.F.);
#1314=ORIENTED_EDGE('',*,*,#1747,.F.);
#1315=ORIENTED_EDGE('',*,*,#1748,.T.);
#1316=ORIENTED_EDGE('',*,*,#1743,.T.);
#1317=ORIENTED_EDGE('',*,*,#1744,.F.);
#1318=ORIENTED_EDGE('',*,*,#1748,.F.);
#1319=ORIENTED_EDGE('',*,*,#1746,.T.);
#1320=ORIENTED_EDGE('',*,*,#1749,.T.);
#1321=ORIENTED_EDGE('',*,*,#1749,.F.);
#1322=ORIENTED_EDGE('',*,*,#1745,.F.);
#1323=ORIENTED_EDGE('',*,*,#1741,.T.);
#1324=ORIENTED_EDGE('',*,*,#1750,.T.);
#1325=ORIENTED_EDGE('',*,*,#1740,.F.);
#1326=ORIENTED_EDGE('',*,*,#1747,.T.);
#1327=ORIENTED_EDGE('',*,*,#1742,.T.);
#1328=ORIENTED_EDGE('',*,*,#1750,.F.);
#1329=ORIENTED_EDGE('',*,*,#1751,.F.);
#1330=ORIENTED_EDGE('',*,*,#1752,.T.);
#1331=ORIENTED_EDGE('',*,*,#1753,.T.);
#1332=ORIENTED_EDGE('',*,*,#1754,.F.);
#1333=ORIENTED_EDGE('',*,*,#1755,.T.);
#1334=ORIENTED_EDGE('',*,*,#1756,.T.);
#1335=ORIENTED_EDGE('',*,*,#1757,.F.);
#1336=ORIENTED_EDGE('',*,*,#1758,.F.);
#1337=ORIENTED_EDGE('',*,*,#1757,.T.);
#1338=ORIENTED_EDGE('',*,*,#1759,.T.);
#1339=ORIENTED_EDGE('',*,*,#1760,.F.);
#1340=ORIENTED_EDGE('',*,*,#1753,.F.);
#1341=ORIENTED_EDGE('',*,*,#1756,.F.);
#1342=ORIENTED_EDGE('',*,*,#1761,.T.);
#1343=ORIENTED_EDGE('',*,*,#1758,.T.);
#1344=ORIENTED_EDGE('',*,*,#1759,.F.);
#1345=ORIENTED_EDGE('',*,*,#1762,.T.);
#1346=ORIENTED_EDGE('',*,*,#1751,.T.);
#1347=ORIENTED_EDGE('',*,*,#1755,.F.);
#1348=ORIENTED_EDGE('',*,*,#1761,.F.);
#1349=ORIENTED_EDGE('',*,*,#1752,.F.);
#1350=ORIENTED_EDGE('',*,*,#1762,.F.);
#1351=ORIENTED_EDGE('',*,*,#1754,.T.);
#1352=ORIENTED_EDGE('',*,*,#1760,.T.);
#1353=ORIENTED_EDGE('',*,*,#1763,.F.);
#1354=ORIENTED_EDGE('',*,*,#1764,.T.);
#1355=ORIENTED_EDGE('',*,*,#1765,.T.);
#1356=ORIENTED_EDGE('',*,*,#1766,.F.);
#1357=ORIENTED_EDGE('',*,*,#1767,.T.);
#1358=ORIENTED_EDGE('',*,*,#1768,.T.);
#1359=ORIENTED_EDGE('',*,*,#1769,.F.);
#1360=ORIENTED_EDGE('',*,*,#1770,.F.);
#1361=ORIENTED_EDGE('',*,*,#1768,.F.);
#1362=ORIENTED_EDGE('',*,*,#1771,.T.);
#1363=ORIENTED_EDGE('',*,*,#1770,.T.);
#1364=ORIENTED_EDGE('',*,*,#1772,.F.);
#1365=ORIENTED_EDGE('',*,*,#1767,.F.);
#1366=ORIENTED_EDGE('',*,*,#1771,.F.);
#1367=ORIENTED_EDGE('',*,*,#1773,.T.);
#1368=ORIENTED_EDGE('',*,*,#1763,.T.);
#1369=ORIENTED_EDGE('',*,*,#1764,.F.);
#1370=ORIENTED_EDGE('',*,*,#1773,.F.);
#1371=ORIENTED_EDGE('',*,*,#1766,.T.);
#1372=ORIENTED_EDGE('',*,*,#1774,.T.);
#1373=ORIENTED_EDGE('',*,*,#1774,.F.);
#1374=ORIENTED_EDGE('',*,*,#1765,.F.);
#1375=ORIENTED_EDGE('',*,*,#1769,.T.);
#1376=ORIENTED_EDGE('',*,*,#1772,.T.);
#1377=EDGE_CURVE('',#1775,#1776,#2043,.F.);
#1378=EDGE_CURVE('',#1776,#1777,#563,.T.);
#1379=EDGE_CURVE('',#1777,#1778,#2044,.T.);
#1380=EDGE_CURVE('',#1775,#1778,#564,.T.);
#1381=EDGE_CURVE('',#1779,#1780,#147,.T.);
#1382=EDGE_CURVE('',#1781,#1780,#2045,.T.);
#1383=EDGE_CURVE('',#1781,#1782,#148,.F.);
#1384=EDGE_CURVE('',#1779,#1782,#2046,.T.);
#1385=EDGE_CURVE('',#1783,#1784,#149,.T.);
#1386=EDGE_CURVE('',#1784,#1785,#2047,.T.);
#1387=EDGE_CURVE('',#1785,#1786,#150,.F.);
#1388=EDGE_CURVE('',#1786,#1783,#2048,.T.);
#1389=EDGE_CURVE('',#1787,#1788,#151,.T.);
#1390=EDGE_CURVE('',#1789,#1788,#2049,.T.);
#1391=EDGE_CURVE('',#1789,#1790,#152,.F.);
#1392=EDGE_CURVE('',#1787,#1790,#2050,.T.);
#1393=EDGE_CURVE('',#1791,#1792,#2051,.T.);
#1394=EDGE_CURVE('',#1792,#1793,#565,.T.);
#1395=EDGE_CURVE('',#1793,#1794,#2052,.T.);
#1396=EDGE_CURVE('',#1794,#1795,#153,.T.);
#1397=EDGE_CURVE('',#1795,#1796,#2053,.T.);
#1398=EDGE_CURVE('',#1796,#1797,#566,.T.);
#1399=EDGE_CURVE('',#1797,#1798,#2054,.T.);
#1400=EDGE_CURVE('',#1799,#1798,#567,.T.);
#1401=EDGE_CURVE('',#1799,#1800,#2055,.T.);
#1402=EDGE_CURVE('',#1800,#1801,#154,.F.);
#1403=EDGE_CURVE('',#1801,#1802,#2056,.T.);
#1404=EDGE_CURVE('',#1791,#1802,#568,.T.);
#1405=EDGE_CURVE('',#1803,#1804,#155,.F.);
#1406=EDGE_CURVE('',#1803,#1805,#2057,.F.);
#1407=EDGE_CURVE('',#1805,#1790,#2058,.F.);
#1408=EDGE_CURVE('',#1789,#1804,#2059,.F.);
#1409=EDGE_CURVE('',#1806,#1807,#156,.F.);
#1410=EDGE_CURVE('',#1806,#1788,#2060,.F.);
#1411=EDGE_CURVE('',#1787,#1807,#2061,.F.);
#1412=EDGE_CURVE('',#1808,#1809,#157,.T.);
#1413=EDGE_CURVE('',#1808,#1786,#2062,.T.);
#1414=EDGE_CURVE('',#1785,#1809,#2063,.T.);
#1415=EDGE_CURVE('',#1810,#1811,#158,.T.);
#1416=EDGE_CURVE('',#1810,#1784,#2064,.T.);
#1417=EDGE_CURVE('',#1783,#1811,#2065,.T.);
#1418=EDGE_CURVE('',#1812,#1813,#159,.F.);
#1419=EDGE_CURVE('',#1812,#1782,#2066,.F.);
#1420=EDGE_CURVE('',#1781,#1813,#2067,.F.);
#1421=EDGE_CURVE('',#1814,#1815,#160,.F.);
#1422=EDGE_CURVE('',#1814,#1816,#2068,.F.);
#1423=EDGE_CURVE('',#1816,#1780,#2069,.F.);
#1424=EDGE_CURVE('',#1779,#1815,#2070,.F.);
#1425=EDGE_CURVE('',#1817,#1818,#161,.T.);
#1426=EDGE_CURVE('',#1817,#1801,#2071,.T.);
#1427=EDGE_CURVE('',#1800,#1818,#2072,.T.);
#1428=EDGE_CURVE('',#1819,#1820,#162,.T.);
#1429=EDGE_CURVE('',#1819,#1821,#2073,.T.);
#1430=EDGE_CURVE('',#1822,#1821,#163,.T.);
#1431=EDGE_CURVE('',#1822,#1820,#2074,.T.);
#1432=EDGE_CURVE('',#1823,#1824,#164,.F.);
#1433=EDGE_CURVE('',#1823,#1825,#2075,.F.);
#1434=EDGE_CURVE('',#1826,#1825,#165,.F.);
#1435=EDGE_CURVE('',#1826,#1824,#2076,.F.);
#1436=EDGE_CURVE('',#1827,#1828,#166,.F.);
#1437=EDGE_CURVE('',#1827,#1829,#2077,.F.);
#1438=EDGE_CURVE('',#1830,#1829,#167,.T.);
#1439=EDGE_CURVE('',#1830,#1828,#2078,.F.);
#1440=EDGE_CURVE('',#1831,#1832,#168,.T.);
#1441=EDGE_CURVE('',#1831,#1833,#2079,.T.);
#1442=EDGE_CURVE('',#1834,#1833,#169,.F.);
#1443=EDGE_CURVE('',#1834,#1832,#2080,.T.);
#1444=EDGE_CURVE('',#1835,#1836,#170,.T.);
#1445=EDGE_CURVE('',#1835,#1837,#2081,.T.);
#1446=EDGE_CURVE('',#1838,#1837,#171,.T.);
#1447=EDGE_CURVE('',#1838,#1836,#2082,.T.);
#1448=EDGE_CURVE('',#1839,#1840,#172,.F.);
#1449=EDGE_CURVE('',#1839,#1841,#2083,.F.);
#1450=EDGE_CURVE('',#1842,#1841,#173,.F.);
#1451=EDGE_CURVE('',#1842,#1840,#2084,.F.);
#1452=EDGE_CURVE('',#1843,#1844,#174,.F.);
#1453=EDGE_CURVE('',#1843,#1845,#2085,.F.);
#1454=EDGE_CURVE('',#1846,#1845,#175,.T.);
#1455=EDGE_CURVE('',#1846,#1847,#2086,.F.);
#1456=EDGE_CURVE('',#1847,#1844,#2087,.F.);
#1457=EDGE_CURVE('',#1848,#1849,#176,.T.);
#1458=EDGE_CURVE('',#1848,#1850,#2088,.T.);
#1459=EDGE_CURVE('',#1851,#1850,#177,.F.);
#1460=EDGE_CURVE('',#1851,#1849,#2089,.T.);
#1461=EDGE_CURVE('',#1852,#1853,#178,.T.);
#1462=EDGE_CURVE('',#1852,#1795,#2090,.T.);
#1463=EDGE_CURVE('',#1794,#1853,#2091,.T.);
#1464=EDGE_CURVE('',#1792,#1791,#2092,.T.);
#1465=EDGE_CURVE('',#1776,#1775,#2093,.F.);
#1466=EDGE_CURVE('',#1778,#1777,#2094,.T.);
#1467=EDGE_CURVE('',#1802,#1822,#2095,.T.);
#1468=EDGE_CURVE('',#1821,#1799,#2096,.T.);
#1469=EDGE_CURVE('',#1798,#1797,#2097,.T.);
#1470=EDGE_CURVE('',#1796,#1851,#2098,.T.);
#1471=EDGE_CURVE('',#1850,#1793,#2099,.T.);
#1472=EDGE_CURVE('',#1826,#1829,#2100,.T.);
#1473=EDGE_CURVE('',#1830,#1825,#2101,.T.);
#1474=EDGE_CURVE('',#1837,#1834,#2102,.T.);
#1475=EDGE_CURVE('',#1833,#1838,#2103,.T.);
#1476=EDGE_CURVE('',#1842,#1845,#2104,.T.);
#1477=EDGE_CURVE('',#1846,#1841,#2105,.T.);
#1478=EDGE_CURVE('',#1854,#1855,#179,.F.);
#1479=EDGE_CURVE('',#1855,#1856,#2106,.T.);
#1480=EDGE_CURVE('',#1857,#1856,#180,.T.);
#1481=EDGE_CURVE('',#1848,#1857,#181,.T.);
#1482=EDGE_CURVE('',#1858,#1849,#182,.T.);
#1483=EDGE_CURVE('',#1859,#1858,#183,.T.);
#1484=EDGE_CURVE('',#1859,#1860,#2107,.T.);
#1485=EDGE_CURVE('',#1860,#1861,#184,.F.);
#1486=EDGE_CURVE('',#1861,#1854,#185,.F.);
#1487=EDGE_CURVE('',#1862,#1863,#186,.T.);
#1488=EDGE_CURVE('',#1863,#1864,#2108,.F.);
#1489=EDGE_CURVE('',#1864,#1865,#187,.T.);
#1490=EDGE_CURVE('',#1865,#1866,#188,.T.);
#1491=EDGE_CURVE('',#1866,#1867,#189,.T.);
#1492=EDGE_CURVE('',#1867,#1868,#2109,.F.);
#1493=EDGE_CURVE('',#1868,#1869,#190,.T.);
#1494=EDGE_CURVE('',#1869,#1852,#191,.T.);
#1495=EDGE_CURVE('',#1853,#1862,#192,.T.);
#1496=EDGE_CURVE('',#1856,#1863,#193,.T.);
#1497=EDGE_CURVE('',#1857,#1862,#194,.T.);
#1498=EDGE_CURVE('',#1858,#1869,#195,.T.);
#1499=EDGE_CURVE('',#1868,#1859,#196,.F.);
#1500=EDGE_CURVE('',#1870,#1871,#2110,.T.);
#1501=EDGE_CURVE('',#1871,#1872,#197,.T.);
#1502=EDGE_CURVE('',#1872,#1873,#198,.T.);
#1503=EDGE_CURVE('',#1873,#1874,#199,.T.);
#1504=EDGE_CURVE('',#1874,#1843,#200,.T.);
#1505=EDGE_CURVE('',#1844,#1875,#201,.T.);
#1506=EDGE_CURVE('',#1875,#1870,#202,.T.);
#1507=EDGE_CURVE('',#1876,#1877,#203,.T.);
#1508=EDGE_CURVE('',#1876,#1878,#204,.F.);
#1509=EDGE_CURVE('',#1878,#1879,#2111,.F.);
#1510=EDGE_CURVE('',#1880,#1879,#205,.T.);
#1511=EDGE_CURVE('',#1839,#1880,#206,.T.);
#1512=EDGE_CURVE('',#1881,#1840,#207,.T.);
#1513=EDGE_CURVE('',#1881,#1877,#208,.T.);
#1514=EDGE_CURVE('',#1879,#1870,#209,.F.);
#1515=EDGE_CURVE('',#1875,#1880,#210,.T.);
#1516=EDGE_CURVE('',#1872,#1882,#35,.F.);
#1517=EDGE_CURVE('',#1882,#1883,#211,.T.);
#1518=EDGE_CURVE('',#1883,#1876,#36,.F.);
#1519=EDGE_CURVE('',#1877,#1884,#212,.F.);
#1520=EDGE_CURVE('',#1885,#1884,#213,.T.);
#1521=EDGE_CURVE('',#1885,#1873,#214,.T.);
#1522=EDGE_CURVE('',#1886,#1887,#215,.T.);
#1523=EDGE_CURVE('',#1886,#1885,#216,.T.);
#1524=EDGE_CURVE('',#1884,#1887,#217,.T.);
#1525=EDGE_CURVE('',#1888,#1889,#218,.T.);
#1526=EDGE_CURVE('',#1888,#1886,#219,.T.);
#1527=EDGE_CURVE('',#1887,#1889,#220,.F.);
#1528=EDGE_CURVE('',#1874,#1888,#221,.T.);
#1529=EDGE_CURVE('',#1889,#1881,#222,.F.);
#1530=EDGE_CURVE('',#1890,#1891,#223,.T.);
#1531=EDGE_CURVE('',#1890,#1892,#2112,.T.);
#1532=EDGE_CURVE('',#1892,#1893,#224,.F.);
#1533=EDGE_CURVE('',#1893,#1894,#225,.F.);
#1534=EDGE_CURVE('',#1894,#1895,#226,.F.);
#1535=EDGE_CURVE('',#1895,#1896,#2113,.T.);
#1536=EDGE_CURVE('',#1897,#1896,#227,.T.);
#1537=EDGE_CURVE('',#1831,#1897,#228,.T.);
#1538=EDGE_CURVE('',#1891,#1832,#229,.T.);
#1539=EDGE_CURVE('',#1898,#1899,#230,.T.);
#1540=EDGE_CURVE('',#1899,#1900,#2114,.F.);
#1541=EDGE_CURVE('',#1900,#1901,#231,.T.);
#1542=EDGE_CURVE('',#1901,#1835,#232,.T.);
#1543=EDGE_CURVE('',#1836,#1902,#233,.T.);
#1544=EDGE_CURVE('',#1902,#1903,#234,.T.);
#1545=EDGE_CURVE('',#1903,#1904,#2115,.F.);
#1546=EDGE_CURVE('',#1904,#1905,#235,.T.);
#1547=EDGE_CURVE('',#1905,#1898,#236,.T.);
#1548=EDGE_CURVE('',#1896,#1903,#237,.T.);
#1549=EDGE_CURVE('',#1897,#1902,#238,.T.);
#1550=EDGE_CURVE('',#1891,#1901,#239,.T.);
#1551=EDGE_CURVE('',#1900,#1890,#240,.F.);
#1552=EDGE_CURVE('',#1906,#1907,#2116,.T.);
#1553=EDGE_CURVE('',#1907,#1908,#241,.T.);
#1554=EDGE_CURVE('',#1908,#1909,#242,.T.);
#1555=EDGE_CURVE('',#1909,#1910,#243,.T.);
#1556=EDGE_CURVE('',#1910,#1827,#244,.T.);
#1557=EDGE_CURVE('',#1828,#1911,#245,.T.);
#1558=EDGE_CURVE('',#1911,#1906,#246,.T.);
#1559=EDGE_CURVE('',#1912,#1913,#247,.T.);
#1560=EDGE_CURVE('',#1912,#1914,#248,.F.);
#1561=EDGE_CURVE('',#1914,#1915,#2117,.F.);
#1562=EDGE_CURVE('',#1916,#1915,#249,.T.);
#1563=EDGE_CURVE('',#1823,#1916,#250,.T.);
#1564=EDGE_CURVE('',#1917,#1824,#251,.T.);
#1565=EDGE_CURVE('',#1917,#1913,#252,.T.);
#1566=EDGE_CURVE('',#1915,#1906,#253,.F.);
#1567=EDGE_CURVE('',#1911,#1916,#254,.T.);
#1568=EDGE_CURVE('',#1908,#1918,#37,.F.);
#1569=EDGE_CURVE('',#1918,#1919,#255,.T.);
#1570=EDGE_CURVE('',#1919,#1912,#38,.F.);
#1571=EDGE_CURVE('',#1913,#1920,#256,.F.);
#1572=EDGE_CURVE('',#1921,#1920,#257,.T.);
#1573=EDGE_CURVE('',#1921,#1909,#258,.T.);
#1574=EDGE_CURVE('',#1922,#1923,#259,.T.);
#1575=EDGE_CURVE('',#1922,#1921,#260,.T.);
#1576=EDGE_CURVE('',#1920,#1923,#261,.T.);
#1577=EDGE_CURVE('',#1924,#1925,#262,.T.);
#1578=EDGE_CURVE('',#1924,#1922,#263,.T.);
#1579=EDGE_CURVE('',#1923,#1925,#264,.F.);
#1580=EDGE_CURVE('',#1910,#1924,#265,.T.);
#1581=EDGE_CURVE('',#1925,#1917,#266,.F.);
#1582=EDGE_CURVE('',#1926,#1927,#267,.T.);
#1583=EDGE_CURVE('',#1926,#1928,#2118,.T.);
#1584=EDGE_CURVE('',#1928,#1929,#268,.F.);
#1585=EDGE_CURVE('',#1929,#1930,#269,.F.);
#1586=EDGE_CURVE('',#1930,#1931,#270,.F.);
#1587=EDGE_CURVE('',#1931,#1932,#2119,.T.);
#1588=EDGE_CURVE('',#1933,#1932,#271,.T.);
#1589=EDGE_CURVE('',#1817,#1933,#272,.T.);
#1590=EDGE_CURVE('',#1927,#1818,#273,.T.);
#1591=EDGE_CURVE('',#1934,#1935,#274,.T.);
#1592=EDGE_CURVE('',#1935,#1936,#2120,.F.);
#1593=EDGE_CURVE('',#1936,#1937,#275,.T.);
#1594=EDGE_CURVE('',#1937,#1819,#276,.T.);
#1595=EDGE_CURVE('',#1820,#1938,#277,.T.);
#1596=EDGE_CURVE('',#1938,#1939,#278,.T.);
#1597=EDGE_CURVE('',#1939,#1940,#2121,.F.);
#1598=EDGE_CURVE('',#1940,#1941,#279,.T.);
#1599=EDGE_CURVE('',#1941,#1934,#280,.T.);
#1600=EDGE_CURVE('',#1932,#1939,#281,.T.);
#1601=EDGE_CURVE('',#1933,#1938,#282,.T.);
#1602=EDGE_CURVE('',#1927,#1937,#283,.T.);
#1603=EDGE_CURVE('',#1936,#1926,#284,.F.);
#1604=EDGE_CURVE('',#1942,#1943,#2122,.T.);
#1605=EDGE_CURVE('',#1943,#1944,#285,.T.);
#1606=EDGE_CURVE('',#1944,#1945,#286,.T.);
#1607=EDGE_CURVE('',#1945,#1946,#287,.T.);
#1608=EDGE_CURVE('',#1946,#1814,#288,.T.);
#1609=EDGE_CURVE('',#1815,#1947,#289,.T.);
#1610=EDGE_CURVE('',#1947,#1942,#290,.T.);
#1611=EDGE_CURVE('',#1948,#1949,#291,.T.);
#1612=EDGE_CURVE('',#1948,#1950,#292,.F.);
#1613=EDGE_CURVE('',#1950,#1951,#2123,.F.);
#1614=EDGE_CURVE('',#1952,#1951,#293,.T.);
#1615=EDGE_CURVE('',#1812,#1952,#294,.T.);
#1616=EDGE_CURVE('',#1953,#1813,#295,.T.);
#1617=EDGE_CURVE('',#1953,#1949,#296,.T.);
#1618=EDGE_CURVE('',#1951,#1942,#297,.F.);
#1619=EDGE_CURVE('',#1947,#1952,#298,.T.);
#1620=EDGE_CURVE('',#1944,#1954,#39,.F.);
#1621=EDGE_CURVE('',#1954,#1955,#299,.T.);
#1622=EDGE_CURVE('',#1955,#1948,#40,.F.);
#1623=EDGE_CURVE('',#1949,#1956,#300,.F.);
#1624=EDGE_CURVE('',#1957,#1956,#301,.T.);
#1625=EDGE_CURVE('',#1957,#1945,#302,.T.);
#1626=EDGE_CURVE('',#1958,#1959,#303,.T.);
#1627=EDGE_CURVE('',#1958,#1957,#304,.T.);
#1628=EDGE_CURVE('',#1956,#1959,#305,.T.);
#1629=EDGE_CURVE('',#1960,#1961,#306,.T.);
#1630=EDGE_CURVE('',#1960,#1958,#307,.T.);
#1631=EDGE_CURVE('',#1959,#1961,#308,.F.);
#1632=EDGE_CURVE('',#1946,#1960,#309,.T.);
#1633=EDGE_CURVE('',#1961,#1953,#310,.F.);
#1634=EDGE_CURVE('',#1962,#1963,#311,.T.);
#1635=EDGE_CURVE('',#1962,#1964,#2124,.T.);
#1636=EDGE_CURVE('',#1964,#1965,#312,.F.);
#1637=EDGE_CURVE('',#1965,#1966,#313,.F.);
#1638=EDGE_CURVE('',#1966,#1967,#314,.F.);
#1639=EDGE_CURVE('',#1967,#1968,#2125,.T.);
#1640=EDGE_CURVE('',#1969,#1968,#315,.T.);
#1641=EDGE_CURVE('',#1808,#1969,#316,.T.);
#1642=EDGE_CURVE('',#1963,#1809,#317,.T.);
#1643=EDGE_CURVE('',#1970,#1971,#318,.T.);
#1644=EDGE_CURVE('',#1971,#1972,#2126,.F.);
#1645=EDGE_CURVE('',#1972,#1973,#319,.T.);
#1646=EDGE_CURVE('',#1973,#1810,#320,.T.);
#1647=EDGE_CURVE('',#1811,#1974,#321,.T.);
#1648=EDGE_CURVE('',#1974,#1975,#322,.T.);
#1649=EDGE_CURVE('',#1975,#1976,#2127,.F.);
#1650=EDGE_CURVE('',#1976,#1977,#323,.T.);
#1651=EDGE_CURVE('',#1977,#1970,#324,.T.);
#1652=EDGE_CURVE('',#1968,#1975,#325,.T.);
#1653=EDGE_CURVE('',#1969,#1974,#326,.T.);
#1654=EDGE_CURVE('',#1963,#1973,#327,.T.);
#1655=EDGE_CURVE('',#1972,#1962,#328,.F.);
#1656=EDGE_CURVE('',#1978,#1979,#2128,.T.);
#1657=EDGE_CURVE('',#1979,#1980,#329,.T.);
#1658=EDGE_CURVE('',#1980,#1981,#330,.T.);
#1659=EDGE_CURVE('',#1981,#1982,#331,.T.);
#1660=EDGE_CURVE('',#1982,#1806,#332,.T.);
#1661=EDGE_CURVE('',#1807,#1983,#333,.T.);
#1662=EDGE_CURVE('',#1983,#1978,#334,.T.);
#1663=EDGE_CURVE('',#1984,#1985,#335,.T.);
#1664=EDGE_CURVE('',#1984,#1986,#336,.F.);
#1665=EDGE_CURVE('',#1986,#1987,#2129,.F.);
#1666=EDGE_CURVE('',#1988,#1987,#337,.T.);
#1667=EDGE_CURVE('',#1803,#1988,#338,.T.);
#1668=EDGE_CURVE('',#1989,#1804,#339,.T.);
#1669=EDGE_CURVE('',#1989,#1985,#340,.T.);
#1670=EDGE_CURVE('',#1987,#1978,#341,.F.);
#1671=EDGE_CURVE('',#1983,#1988,#342,.T.);
#1672=EDGE_CURVE('',#1980,#1990,#41,.F.);
#1673=EDGE_CURVE('',#1990,#1991,#343,.T.);
#1674=EDGE_CURVE('',#1991,#1984,#42,.F.);
#1675=EDGE_CURVE('',#1985,#1992,#344,.F.);
#1676=EDGE_CURVE('',#1993,#1992,#345,.T.);
#1677=EDGE_CURVE('',#1993,#1981,#346,.T.);
#1678=EDGE_CURVE('',#1994,#1995,#347,.T.);
#1679=EDGE_CURVE('',#1994,#1993,#348,.T.);
#1680=EDGE_CURVE('',#1992,#1995,#349,.T.);
#1681=EDGE_CURVE('',#1996,#1997,#350,.T.);
#1682=EDGE_CURVE('',#1996,#1994,#351,.T.);
#1683=EDGE_CURVE('',#1995,#1997,#352,.F.);
#1684=EDGE_CURVE('',#1982,#1996,#353,.T.);
#1685=EDGE_CURVE('',#1997,#1989,#354,.F.);
#1686=EDGE_CURVE('',#1986,#1998,#43,.F.);
#1687=EDGE_CURVE('',#1999,#1991,#44,.F.);
#1688=EDGE_CURVE('',#1999,#1990,#45,.F.);
#1689=EDGE_CURVE('',#1979,#1998,#46,.F.);
#1690=EDGE_CURVE('',#1878,#2000,#47,.F.);
#1691=EDGE_CURVE('',#2001,#1883,#48,.F.);
#1692=EDGE_CURVE('',#2001,#1882,#49,.F.);
#1693=EDGE_CURVE('',#1871,#2000,#50,.F.);
#1694=EDGE_CURVE('',#1914,#2002,#51,.F.);
#1695=EDGE_CURVE('',#2003,#1919,#52,.F.);
#1696=EDGE_CURVE('',#2003,#1918,#53,.F.);
#1697=EDGE_CURVE('',#1907,#2002,#54,.F.);
#1698=EDGE_CURVE('',#1950,#2004,#55,.F.);
#1699=EDGE_CURVE('',#2005,#1955,#56,.F.);
#1700=EDGE_CURVE('',#2005,#1954,#57,.F.);
#1701=EDGE_CURVE('',#1943,#2004,#58,.F.);
#1702=EDGE_CURVE('',#1976,#2006,#59,.T.);
#1703=EDGE_CURVE('',#2006,#1967,#60,.F.);
#1704=EDGE_CURVE('',#2007,#1966,#2130,.T.);
#1705=EDGE_CURVE('',#1977,#2007,#2131,.T.);
#1706=EDGE_CURVE('',#1977,#1966,#2132,.F.);
#1707=EDGE_CURVE('',#1970,#1965,#2133,.T.);
#1708=EDGE_CURVE('',#1970,#1965,#2134,.F.);
#1709=EDGE_CURVE('',#1971,#2008,#61,.F.);
#1710=EDGE_CURVE('',#1964,#2008,#62,.F.);
#1711=EDGE_CURVE('',#1867,#2009,#63,.F.);
#1712=EDGE_CURVE('',#2010,#1866,#2135,.T.);
#1713=EDGE_CURVE('',#1861,#2010,#2136,.T.);
#1714=EDGE_CURVE('',#1860,#2009,#64,.F.);
#1715=EDGE_CURVE('',#1861,#1866,#2137,.F.);
#1716=EDGE_CURVE('',#1854,#1865,#2138,.T.);
#1717=EDGE_CURVE('',#1854,#1865,#2139,.F.);
#1718=EDGE_CURVE('',#1864,#2011,#65,.T.);
#1719=EDGE_CURVE('',#2011,#1855,#66,.F.);
#1720=EDGE_CURVE('',#1904,#2012,#67,.T.);
#1721=EDGE_CURVE('',#2012,#1895,#68,.F.);
#1722=EDGE_CURVE('',#1905,#1894,#2140,.T.);
#1723=EDGE_CURVE('',#1905,#1894,#2141,.F.);
#1724=EDGE_CURVE('',#1898,#1893,#2142,.T.);
#1725=EDGE_CURVE('',#2013,#1893,#2143,.F.);
#1726=EDGE_CURVE('',#1898,#2013,#2144,.F.);
#1727=EDGE_CURVE('',#1899,#2014,#69,.F.);
#1728=EDGE_CURVE('',#1892,#2014,#70,.F.);
#1729=EDGE_CURVE('',#1940,#2015,#71,.T.);
#1730=EDGE_CURVE('',#2015,#1931,#72,.F.);
#1731=EDGE_CURVE('',#2016,#1930,#2145,.T.);
#1732=EDGE_CURVE('',#1941,#2016,#2146,.T.);
#1733=EDGE_CURVE('',#1941,#1930,#2147,.F.);
#1734=EDGE_CURVE('',#2017,#1929,#2148,.T.);
#1735=EDGE_CURVE('',#1934,#2017,#2149,.T.);
#1736=EDGE_CURVE('',#1934,#1929,#2150,.F.);
#1737=EDGE_CURVE('',#1935,#2018,#73,.F.);
#1738=EDGE_CURVE('',#1928,#2018,#74,.F.);
#1739=EDGE_CURVE('',#2019,#2020,#2151,.T.);
#1740=EDGE_CURVE('',#2020,#2021,#569,.T.);
#1741=EDGE_CURVE('',#2022,#2021,#2152,.T.);
#1742=EDGE_CURVE('',#2019,#2022,#570,.T.);
#1743=EDGE_CURVE('',#2023,#2024,#2153,.T.);
#1744=EDGE_CURVE('',#2023,#2025,#571,.T.);
#1745=EDGE_CURVE('',#2025,#2026,#2154,.T.);
#1746=EDGE_CURVE('',#2024,#2026,#572,.T.);
#1747=EDGE_CURVE('',#2020,#2019,#2155,.T.);
#1748=EDGE_CURVE('',#2024,#2023,#2156,.T.);
#1749=EDGE_CURVE('',#2026,#2025,#2157,.T.);
#1750=EDGE_CURVE('',#2021,#2022,#2158,.T.);
#1751=EDGE_CURVE('',#2027,#2028,#2159,.T.);
#1752=EDGE_CURVE('',#2027,#2029,#573,.T.);
#1753=EDGE_CURVE('',#2029,#2030,#2160,.T.);
#1754=EDGE_CURVE('',#2028,#2030,#574,.T.);
#1755=EDGE_CURVE('',#2031,#2032,#2161,.T.);
#1756=EDGE_CURVE('',#2032,#2033,#575,.T.);
#1757=EDGE_CURVE('',#2034,#2033,#2162,.T.);
#1758=EDGE_CURVE('',#2031,#2034,#576,.T.);
#1759=EDGE_CURVE('',#2033,#2034,#2163,.T.);
#1760=EDGE_CURVE('',#2030,#2029,#2164,.T.);
#1761=EDGE_CURVE('',#2032,#2031,#2165,.T.);
#1762=EDGE_CURVE('',#2028,#2027,#2166,.T.);
#1763=EDGE_CURVE('',#2035,#2036,#2167,.T.);
#1764=EDGE_CURVE('',#2035,#2037,#577,.T.);
#1765=EDGE_CURVE('',#2037,#2038,#2168,.T.);
#1766=EDGE_CURVE('',#2036,#2038,#578,.T.);
#1767=EDGE_CURVE('',#2039,#2040,#2169,.T.);
#1768=EDGE_CURVE('',#2040,#2041,#579,.T.);
#1769=EDGE_CURVE('',#2042,#2041,#2170,.T.);
#1770=EDGE_CURVE('',#2039,#2042,#580,.T.);
#1771=EDGE_CURVE('',#2040,#2039,#2171,.T.);
#1772=EDGE_CURVE('',#2041,#2042,#2172,.T.);
#1773=EDGE_CURVE('',#2036,#2035,#2173,.T.);
#1774=EDGE_CURVE('',#2038,#2037,#2174,.T.);
#1775=VERTEX_POINT('',#3503);
#1776=VERTEX_POINT('',#3504);
#1777=VERTEX_POINT('',#3507);
#1778=VERTEX_POINT('',#3509);
#1779=VERTEX_POINT('',#3521);
#1780=VERTEX_POINT('',#3522);
#1781=VERTEX_POINT('',#3524);
#1782=VERTEX_POINT('',#3526);
#1783=VERTEX_POINT('',#3529);
#1784=VERTEX_POINT('',#3530);
#1785=VERTEX_POINT('',#3532);
#1786=VERTEX_POINT('',#3534);
#1787=VERTEX_POINT('',#3537);
#1788=VERTEX_POINT('',#3538);
#1789=VERTEX_POINT('',#3540);
#1790=VERTEX_POINT('',#3542);
#1791=VERTEX_POINT('',#3545);
#1792=VERTEX_POINT('',#3546);
#1793=VERTEX_POINT('',#3549);
#1794=VERTEX_POINT('',#3551);
#1795=VERTEX_POINT('',#3553);
#1796=VERTEX_POINT('',#3555);
#1797=VERTEX_POINT('',#3558);
#1798=VERTEX_POINT('',#3560);
#1799=VERTEX_POINT('',#3563);
#1800=VERTEX_POINT('',#3565);
#1801=VERTEX_POINT('',#3567);
#1802=VERTEX_POINT('',#3569);
#1803=VERTEX_POINT('',#3581);
#1804=VERTEX_POINT('',#3582);
#1805=VERTEX_POINT('',#3584);
#1806=VERTEX_POINT('',#3596);
#1807=VERTEX_POINT('',#3597);
#1808=VERTEX_POINT('',#3609);
#1809=VERTEX_POINT('',#3610);
#1810=VERTEX_POINT('',#3622);
#1811=VERTEX_POINT('',#3623);
#1812=VERTEX_POINT('',#3635);
#1813=VERTEX_POINT('',#3636);
#1814=VERTEX_POINT('',#3648);
#1815=VERTEX_POINT('',#3649);
#1816=VERTEX_POINT('',#3651);
#1817=VERTEX_POINT('',#3663);
#1818=VERTEX_POINT('',#3664);
#1819=VERTEX_POINT('',#3676);
#1820=VERTEX_POINT('',#3677);
#1821=VERTEX_POINT('',#3679);
#1822=VERTEX_POINT('',#3681);
#1823=VERTEX_POINT('',#3692);
#1824=VERTEX_POINT('',#3693);
#1825=VERTEX_POINT('',#3695);
#1826=VERTEX_POINT('',#3697);
#1827=VERTEX_POINT('',#3708);
#1828=VERTEX_POINT('',#3709);
#1829=VERTEX_POINT('',#3711);
#1830=VERTEX_POINT('',#3713);
#1831=VERTEX_POINT('',#3724);
#1832=VERTEX_POINT('',#3725);
#1833=VERTEX_POINT('',#3727);
#1834=VERTEX_POINT('',#3729);
#1835=VERTEX_POINT('',#3740);
#1836=VERTEX_POINT('',#3741);
#1837=VERTEX_POINT('',#3743);
#1838=VERTEX_POINT('',#3745);
#1839=VERTEX_POINT('',#3756);
#1840=VERTEX_POINT('',#3757);
#1841=VERTEX_POINT('',#3759);
#1842=VERTEX_POINT('',#3761);
#1843=VERTEX_POINT('',#3772);
#1844=VERTEX_POINT('',#3773);
#1845=VERTEX_POINT('',#3775);
#1846=VERTEX_POINT('',#3777);
#1847=VERTEX_POINT('',#3779);
#1848=VERTEX_POINT('',#3790);
#1849=VERTEX_POINT('',#3791);
#1850=VERTEX_POINT('',#3793);
#1851=VERTEX_POINT('',#3795);
#1852=VERTEX_POINT('',#3806);
#1853=VERTEX_POINT('',#3807);
#1854=VERTEX_POINT('',#3853);
#1855=VERTEX_POINT('',#3854);
#1856=VERTEX_POINT('',#3856);
#1857=VERTEX_POINT('',#3858);
#1858=VERTEX_POINT('',#3861);
#1859=VERTEX_POINT('',#3863);
#1860=VERTEX_POINT('',#3865);
#1861=VERTEX_POINT('',#3867);
#1862=VERTEX_POINT('',#3874);
#1863=VERTEX_POINT('',#3875);
#1864=VERTEX_POINT('',#3877);
#1865=VERTEX_POINT('',#3879);
#1866=VERTEX_POINT('',#3881);
#1867=VERTEX_POINT('',#3883);
#1868=VERTEX_POINT('',#3885);
#1869=VERTEX_POINT('',#3887);
#1870=VERTEX_POINT('',#3915);
#1871=VERTEX_POINT('',#3916);
#1872=VERTEX_POINT('',#3918);
#1873=VERTEX_POINT('',#3920);
#1874=VERTEX_POINT('',#3922);
#1875=VERTEX_POINT('',#3925);
#1876=VERTEX_POINT('',#3932);
#1877=VERTEX_POINT('',#3933);
#1878=VERTEX_POINT('',#3935);
#1879=VERTEX_POINT('',#3937);
#1880=VERTEX_POINT('',#3939);
#1881=VERTEX_POINT('',#3942);
#1882=VERTEX_POINT('',#3955);
#1883=VERTEX_POINT('',#3957);
#1884=VERTEX_POINT('',#3960);
#1885=VERTEX_POINT('',#3962);
#1886=VERTEX_POINT('',#3969);
#1887=VERTEX_POINT('',#3970);
#1888=VERTEX_POINT('',#3978);
#1889=VERTEX_POINT('',#3979);
#1890=VERTEX_POINT('',#3997);
#1891=VERTEX_POINT('',#3998);
#1892=VERTEX_POINT('',#4000);
#1893=VERTEX_POINT('',#4002);
#1894=VERTEX_POINT('',#4004);
#1895=VERTEX_POINT('',#4006);
#1896=VERTEX_POINT('',#4008);
#1897=VERTEX_POINT('',#4010);
#1898=VERTEX_POINT('',#4018);
#1899=VERTEX_POINT('',#4019);
#1900=VERTEX_POINT('',#4021);
#1901=VERTEX_POINT('',#4023);
#1902=VERTEX_POINT('',#4026);
#1903=VERTEX_POINT('',#4028);
#1904=VERTEX_POINT('',#4030);
#1905=VERTEX_POINT('',#4032);
#1906=VERTEX_POINT('',#4059);
#1907=VERTEX_POINT('',#4060);
#1908=VERTEX_POINT('',#4062);
#1909=VERTEX_POINT('',#4064);
#1910=VERTEX_POINT('',#4066);
#1911=VERTEX_POINT('',#4069);
#1912=VERTEX_POINT('',#4076);
#1913=VERTEX_POINT('',#4077);
#1914=VERTEX_POINT('',#4079);
#1915=VERTEX_POINT('',#4081);
#1916=VERTEX_POINT('',#4083);
#1917=VERTEX_POINT('',#4086);
#1918=VERTEX_POINT('',#4099);
#1919=VERTEX_POINT('',#4101);
#1920=VERTEX_POINT('',#4104);
#1921=VERTEX_POINT('',#4106);
#1922=VERTEX_POINT('',#4113);
#1923=VERTEX_POINT('',#4114);
#1924=VERTEX_POINT('',#4122);
#1925=VERTEX_POINT('',#4123);
#1926=VERTEX_POINT('',#4141);
#1927=VERTEX_POINT('',#4142);
#1928=VERTEX_POINT('',#4144);
#1929=VERTEX_POINT('',#4146);
#1930=VERTEX_POINT('',#4148);
#1931=VERTEX_POINT('',#4150);
#1932=VERTEX_POINT('',#4152);
#1933=VERTEX_POINT('',#4154);
#1934=VERTEX_POINT('',#4162);
#1935=VERTEX_POINT('',#4163);
#1936=VERTEX_POINT('',#4165);
#1937=VERTEX_POINT('',#4167);
#1938=VERTEX_POINT('',#4170);
#1939=VERTEX_POINT('',#4172);
#1940=VERTEX_POINT('',#4174);
#1941=VERTEX_POINT('',#4176);
#1942=VERTEX_POINT('',#4203);
#1943=VERTEX_POINT('',#4204);
#1944=VERTEX_POINT('',#4206);
#1945=VERTEX_POINT('',#4208);
#1946=VERTEX_POINT('',#4210);
#1947=VERTEX_POINT('',#4213);
#1948=VERTEX_POINT('',#4220);
#1949=VERTEX_POINT('',#4221);
#1950=VERTEX_POINT('',#4223);
#1951=VERTEX_POINT('',#4225);
#1952=VERTEX_POINT('',#4227);
#1953=VERTEX_POINT('',#4230);
#1954=VERTEX_POINT('',#4243);
#1955=VERTEX_POINT('',#4245);
#1956=VERTEX_POINT('',#4248);
#1957=VERTEX_POINT('',#4250);
#1958=VERTEX_POINT('',#4257);
#1959=VERTEX_POINT('',#4258);
#1960=VERTEX_POINT('',#4266);
#1961=VERTEX_POINT('',#4267);
#1962=VERTEX_POINT('',#4285);
#1963=VERTEX_POINT('',#4286);
#1964=VERTEX_POINT('',#4288);
#1965=VERTEX_POINT('',#4290);
#1966=VERTEX_POINT('',#4292);
#1967=VERTEX_POINT('',#4294);
#1968=VERTEX_POINT('',#4296);
#1969=VERTEX_POINT('',#4298);
#1970=VERTEX_POINT('',#4306);
#1971=VERTEX_POINT('',#4307);
#1972=VERTEX_POINT('',#4309);
#1973=VERTEX_POINT('',#4311);
#1974=VERTEX_POINT('',#4314);
#1975=VERTEX_POINT('',#4316);
#1976=VERTEX_POINT('',#4318);
#1977=VERTEX_POINT('',#4320);
#1978=VERTEX_POINT('',#4347);
#1979=VERTEX_POINT('',#4348);
#1980=VERTEX_POINT('',#4350);
#1981=VERTEX_POINT('',#4352);
#1982=VERTEX_POINT('',#4354);
#1983=VERTEX_POINT('',#4357);
#1984=VERTEX_POINT('',#4364);
#1985=VERTEX_POINT('',#4365);
#1986=VERTEX_POINT('',#4367);
#1987=VERTEX_POINT('',#4369);
#1988=VERTEX_POINT('',#4371);
#1989=VERTEX_POINT('',#4374);
#1990=VERTEX_POINT('',#4387);
#1991=VERTEX_POINT('',#4389);
#1992=VERTEX_POINT('',#4392);
#1993=VERTEX_POINT('',#4394);
#1994=VERTEX_POINT('',#4401);
#1995=VERTEX_POINT('',#4402);
#1996=VERTEX_POINT('',#4410);
#1997=VERTEX_POINT('',#4411);
#1998=VERTEX_POINT('',#4471);
#1999=VERTEX_POINT('',#4473);
#2000=VERTEX_POINT('',#4507);
#2001=VERTEX_POINT('',#4509);
#2002=VERTEX_POINT('',#4543);
#2003=VERTEX_POINT('',#4545);
#2004=VERTEX_POINT('',#4579);
#2005=VERTEX_POINT('',#4581);
#2006=VERTEX_POINT('',#4609);
#2007=VERTEX_POINT('',#4620);
#2008=VERTEX_POINT('',#4674);
#2009=VERTEX_POINT('',#4693);
#2010=VERTEX_POINT('',#4695);
#2011=VERTEX_POINT('',#4758);
#2012=VERTEX_POINT('',#4777);
#2013=VERTEX_POINT('',#4831);
#2014=VERTEX_POINT('',#4842);
#2015=VERTEX_POINT('',#4861);
#2016=VERTEX_POINT('',#4872);
#2017=VERTEX_POINT('',#4900);
#2018=VERTEX_POINT('',#4928);
#2019=VERTEX_POINT('',#4948);
#2020=VERTEX_POINT('',#4949);
#2021=VERTEX_POINT('',#4952);
#2022=VERTEX_POINT('',#4954);
#2023=VERTEX_POINT('',#4966);
#2024=VERTEX_POINT('',#4967);
#2025=VERTEX_POINT('',#4970);
#2026=VERTEX_POINT('',#4972);
#2027=VERTEX_POINT('',#5013);
#2028=VERTEX_POINT('',#5014);
#2029=VERTEX_POINT('',#5017);
#2030=VERTEX_POINT('',#5019);
#2031=VERTEX_POINT('',#5031);
#2032=VERTEX_POINT('',#5032);
#2033=VERTEX_POINT('',#5035);
#2034=VERTEX_POINT('',#5037);
#2035=VERTEX_POINT('',#5078);
#2036=VERTEX_POINT('',#5079);
#2037=VERTEX_POINT('',#5082);
#2038=VERTEX_POINT('',#5084);
#2039=VERTEX_POINT('',#5096);
#2040=VERTEX_POINT('',#5097);
#2041=VERTEX_POINT('',#5100);
#2042=VERTEX_POINT('',#5102);
#2043=CIRCLE('',#2755,0.047);
#2044=CIRCLE('',#2756,0.047);
#2045=CIRCLE('',#2757,0.049);
#2046=CIRCLE('',#2758,0.049);
#2047=CIRCLE('',#2759,0.049);
#2048=CIRCLE('',#2760,0.049);
#2049=CIRCLE('',#2761,0.049);
#2050=CIRCLE('',#2762,0.049);
#2051=CIRCLE('',#2763,0.049);
#2052=CIRCLE('',#2764,0.049);
#2053=CIRCLE('',#2765,0.049);
#2054=CIRCLE('',#2766,0.049);
#2055=CIRCLE('',#2767,0.049);
#2056=CIRCLE('',#2768,0.049);
#2057=CIRCLE('',#2769,0.015);
#2058=CIRCLE('',#2770,0.015);
#2059=CIRCLE('',#2771,0.015);
#2060=CIRCLE('',#2772,0.015);
#2061=CIRCLE('',#2773,0.015);
#2062=CIRCLE('',#2774,0.015);
#2063=CIRCLE('',#2775,0.015);
#2064=CIRCLE('',#2776,0.015);
#2065=CIRCLE('',#2777,0.015);
#2066=CIRCLE('',#2778,0.015);
#2067=CIRCLE('',#2779,0.015);
#2068=CIRCLE('',#2780,0.015);
#2069=CIRCLE('',#2781,0.015);
#2070=CIRCLE('',#2782,0.015);
#2071=CIRCLE('',#2783,0.015);
#2072=CIRCLE('',#2784,0.015);
#2073=CIRCLE('',#2785,0.015);
#2074=CIRCLE('',#2786,0.015);
#2075=CIRCLE('',#2787,0.015);
#2076=CIRCLE('',#2788,0.015);
#2077=CIRCLE('',#2789,0.015);
#2078=CIRCLE('',#2790,0.015);
#2079=CIRCLE('',#2791,0.015);
#2080=CIRCLE('',#2792,0.015);
#2081=CIRCLE('',#2793,0.015);
#2082=CIRCLE('',#2794,0.015);
#2083=CIRCLE('',#2795,0.015);
#2084=CIRCLE('',#2796,0.015);
#2085=CIRCLE('',#2797,0.015);
#2086=CIRCLE('',#2798,0.015);
#2087=CIRCLE('',#2799,0.015);
#2088=CIRCLE('',#2800,0.015);
#2089=CIRCLE('',#2801,0.015);
#2090=CIRCLE('',#2802,0.015);
#2091=CIRCLE('',#2803,0.015);
#2092=CIRCLE('',#2804,0.049);
#2093=CIRCLE('',#2805,0.047);
#2094=CIRCLE('',#2806,0.047);
#2095=CIRCLE('',#2807,0.049);
#2096=CIRCLE('',#2808,0.049);
#2097=CIRCLE('',#2809,0.049);
#2098=CIRCLE('',#2810,0.049);
#2099=CIRCLE('',#2811,0.049);
#2100=CIRCLE('',#2812,0.049);
#2101=CIRCLE('',#2813,0.049);
#2102=CIRCLE('',#2814,0.049);
#2103=CIRCLE('',#2815,0.049);
#2104=CIRCLE('',#2816,0.049);
#2105=CIRCLE('',#2817,0.049);
#2106=CIRCLE('',#2818,0.0015);
#2107=CIRCLE('',#2819,0.0015);
#2108=CIRCLE('',#2820,0.0015);
#2109=CIRCLE('',#2821,0.0015);
#2110=CIRCLE('',#2822,0.003);
#2111=CIRCLE('',#2823,0.003);
#2112=CIRCLE('',#2826,0.0015);
#2113=CIRCLE('',#2827,0.0015);
#2114=CIRCLE('',#2828,0.0015);
#2115=CIRCLE('',#2829,0.0015);
#2116=CIRCLE('',#2830,0.003);
#2117=CIRCLE('',#2831,0.003);
#2118=CIRCLE('',#2834,0.0015);
#2119=CIRCLE('',#2835,0.0015);
#2120=CIRCLE('',#2836,0.0015);
#2121=CIRCLE('',#2837,0.0015);
#2122=CIRCLE('',#2838,0.003);
#2123=CIRCLE('',#2839,0.003);
#2124=CIRCLE('',#2842,0.0015);
#2125=CIRCLE('',#2843,0.0015);
#2126=CIRCLE('',#2844,0.0015);
#2127=CIRCLE('',#2845,0.0015);
#2128=CIRCLE('',#2846,0.003);
#2129=CIRCLE('',#2847,0.003);
#2130=CIRCLE('',#2868,0.0015);
#2131=CIRCLE('',#2869,0.0015);
#2132=CIRCLE('',#2870,0.0015);
#2133=CIRCLE('',#2871,0.0015);
#2134=CIRCLE('',#2872,0.0015);
#2135=CIRCLE('',#2876,0.0015);
#2136=CIRCLE('',#2877,0.0015);
#2137=CIRCLE('',#2879,0.0015);
#2138=CIRCLE('',#2880,0.0015);
#2139=CIRCLE('',#2881,0.0015);
#2140=CIRCLE('',#2886,0.0015);
#2141=CIRCLE('',#2887,0.0015);
#2142=CIRCLE('',#2888,0.0015);
#2143=CIRCLE('',#2889,0.0015);
#2144=CIRCLE('',#2890,0.0015);
#2145=CIRCLE('',#2895,0.0015);
#2146=CIRCLE('',#2896,0.0015);
#2147=CIRCLE('',#2897,0.0015);
#2148=CIRCLE('',#2898,0.0015);
#2149=CIRCLE('',#2899,0.0015);
#2150=CIRCLE('',#2900,0.0015);
#2151=CIRCLE('',#2904,0.113);
#2152=CIRCLE('',#2905,0.113);
#2153=CIRCLE('',#2906,0.049);
#2154=CIRCLE('',#2907,0.049);
#2155=CIRCLE('',#2908,0.113);
#2156=CIRCLE('',#2909,0.049);
#2157=CIRCLE('',#2910,0.049);
#2158=CIRCLE('',#2911,0.113);
#2159=CIRCLE('',#2913,0.049);
#2160=CIRCLE('',#2914,0.049);
#2161=CIRCLE('',#2915,0.113);
#2162=CIRCLE('',#2916,0.113);
#2163=CIRCLE('',#2917,0.113);
#2164=CIRCLE('',#2918,0.049);
#2165=CIRCLE('',#2919,0.113);
#2166=CIRCLE('',#2920,0.049);
#2167=CIRCLE('',#2922,0.049);
#2168=CIRCLE('',#2923,0.049);
#2169=CIRCLE('',#2924,0.113);
#2170=CIRCLE('',#2925,0.113);
#2171=CIRCLE('',#2926,0.113);
#2172=CIRCLE('',#2927,0.113);
#2173=CIRCLE('',#2928,0.049);
#2174=CIRCLE('',#2929,0.049);
#2175=EDGE_LOOP('',(#581,#582,#583,#584));
#2176=EDGE_LOOP('',(#585,#586,#587,#588));
#2177=EDGE_LOOP('',(#589,#590,#591,#592));
#2178=EDGE_LOOP('',(#593,#594,#595,#596));
#2179=EDGE_LOOP('',(#597,#598,#599,#600,#601,#602,#603,#604,#605,#606,#607,
#608));
#2180=EDGE_LOOP('',(#609,#610,#611,#612,#613));
#2181=EDGE_LOOP('',(#614,#615,#616,#617));
#2182=EDGE_LOOP('',(#618,#619,#620,#621));
#2183=EDGE_LOOP('',(#622,#623,#624,#625));
#2184=EDGE_LOOP('',(#626,#627,#628,#629));
#2185=EDGE_LOOP('',(#630,#631,#632,#633,#634));
#2186=EDGE_LOOP('',(#635,#636,#637,#638));
#2187=EDGE_LOOP('',(#639,#640,#641,#642));
#2188=EDGE_LOOP('',(#643,#644,#645,#646));
#2189=EDGE_LOOP('',(#647,#648,#649,#650));
#2190=EDGE_LOOP('',(#651,#652,#653,#654));
#2191=EDGE_LOOP('',(#655,#656,#657,#658));
#2192=EDGE_LOOP('',(#659,#660,#661,#662));
#2193=EDGE_LOOP('',(#663,#664,#665,#666,#667));
#2194=EDGE_LOOP('',(#668,#669,#670,#671));
#2195=EDGE_LOOP('',(#672,#673,#674,#675));
#2196=EDGE_LOOP('',(#676,#677));
#2197=EDGE_LOOP('',(#678,#679));
#2198=EDGE_LOOP('',(#680,#681,#682,#683));
#2199=EDGE_LOOP('',(#684,#685,#686,#687,#688,#689,#690,#691,#692,#693,#694,
#695));
#2200=EDGE_LOOP('',(#696,#697,#698,#699));
#2201=EDGE_LOOP('',(#700,#701,#702,#703));
#2202=EDGE_LOOP('',(#704,#705,#706,#707));
#2203=EDGE_LOOP('',(#708,#709));
#2204=EDGE_LOOP('',(#710,#711));
#2205=EDGE_LOOP('',(#712,#713,#714,#715,#716,#717,#718,#719,#720,#721));
#2206=EDGE_LOOP('',(#722,#723,#724,#725,#726,#727,#728,#729,#730,#731));
#2207=EDGE_LOOP('',(#732,#733,#734,#735));
#2208=EDGE_LOOP('',(#736,#737,#738,#739,#740,#741,#742));
#2209=EDGE_LOOP('',(#743,#744,#745,#746,#747,#748,#749));
#2210=EDGE_LOOP('',(#750,#751,#752,#753));
#2211=EDGE_LOOP('',(#754,#755,#756,#757,#758,#759,#760,#761));
#2212=EDGE_LOOP('',(#762,#763,#764,#765,#766,#767,#768,#769));
#2213=EDGE_LOOP('',(#770,#771,#772,#773));
#2214=EDGE_LOOP('',(#774,#775,#776,#777,#778,#779,#780,#781));
#2215=EDGE_LOOP('',(#782,#783,#784,#785));
#2216=EDGE_LOOP('',(#786,#787,#788,#789));
#2217=EDGE_LOOP('',(#790,#791,#792,#793,#794,#795,#796,#797));
#2218=EDGE_LOOP('',(#798,#799,#800,#801,#802,#803,#804));
#2219=EDGE_LOOP('',(#805,#806,#807,#808,#809,#810,#811,#812,#813,#814));
#2220=EDGE_LOOP('',(#815,#816,#817,#818,#819,#820,#821,#822,#823,#824));
#2221=EDGE_LOOP('',(#825,#826,#827,#828));
#2222=EDGE_LOOP('',(#829,#830,#831,#832,#833,#834));
#2223=EDGE_LOOP('',(#835,#836,#837,#838,#839,#840));
#2224=EDGE_LOOP('',(#841,#842,#843,#844));
#2225=EDGE_LOOP('',(#845,#846,#847,#848,#849,#850,#851,#852));
#2226=EDGE_LOOP('',(#853,#854,#855,#856,#857,#858,#859,#860));
#2227=EDGE_LOOP('',(#861,#862,#863,#864));
#2228=EDGE_LOOP('',(#865,#866,#867,#868,#869,#870,#871,#872));
#2229=EDGE_LOOP('',(#873,#874,#875,#876));
#2230=EDGE_LOOP('',(#877,#878,#879,#880));
#2231=EDGE_LOOP('',(#881,#882,#883,#884,#885,#886,#887,#888));
#2232=EDGE_LOOP('',(#889,#890,#891,#892,#893,#894));
#2233=EDGE_LOOP('',(#895,#896,#897,#898,#899,#900,#901,#902,#903,#904));
#2234=EDGE_LOOP('',(#905,#906,#907,#908,#909,#910,#911,#912,#913,#914));
#2235=EDGE_LOOP('',(#915,#916,#917,#918));
#2236=EDGE_LOOP('',(#919,#920,#921,#922,#923,#924,#925));
#2237=EDGE_LOOP('',(#926,#927,#928,#929,#930,#931,#932));
#2238=EDGE_LOOP('',(#933,#934,#935,#936));
#2239=EDGE_LOOP('',(#937,#938,#939,#940,#941,#942,#943,#944));
#2240=EDGE_LOOP('',(#945,#946,#947,#948,#949,#950,#951,#952));
#2241=EDGE_LOOP('',(#953,#954,#955,#956));
#2242=EDGE_LOOP('',(#957,#958,#959,#960,#961,#962,#963,#964));
#2243=EDGE_LOOP('',(#965,#966,#967,#968));
#2244=EDGE_LOOP('',(#969,#970,#971,#972));
#2245=EDGE_LOOP('',(#973,#974,#975,#976,#977,#978,#979,#980,#981));
#2246=EDGE_LOOP('',(#982,#983,#984,#985,#986,#987));
#2247=EDGE_LOOP('',(#988,#989,#990,#991,#992,#993,#994,#995,#996,#997));
#2248=EDGE_LOOP('',(#998,#999,#1000,#1001,#1002,#1003,#1004,#1005,#1006,
#1007));
#2249=EDGE_LOOP('',(#1008,#1009,#1010,#1011));
#2250=EDGE_LOOP('',(#1012,#1013,#1014,#1015,#1016,#1017));
#2251=EDGE_LOOP('',(#1018,#1019,#1020,#1021,#1022,#1023));
#2252=EDGE_LOOP('',(#1024,#1025,#1026,#1027));
#2253=EDGE_LOOP('',(#1028,#1029,#1030,#1031,#1032,#1033,#1034,#1035));
#2254=EDGE_LOOP('',(#1036,#1037,#1038,#1039,#1040,#1041,#1042,#1043));
#2255=EDGE_LOOP('',(#1044,#1045,#1046,#1047));
#2256=EDGE_LOOP('',(#1048,#1049,#1050,#1051,#1052,#1053,#1054,#1055));
#2257=EDGE_LOOP('',(#1056,#1057,#1058,#1059));
#2258=EDGE_LOOP('',(#1060,#1061,#1062,#1063));
#2259=EDGE_LOOP('',(#1064,#1065,#1066,#1067,#1068,#1069,#1070,#1071));
#2260=EDGE_LOOP('',(#1072,#1073,#1074,#1075,#1076,#1077,#1078));
#2261=EDGE_LOOP('',(#1079,#1080,#1081,#1082,#1083));
#2262=EDGE_LOOP('',(#1084,#1085,#1086,#1087,#1088));
#2263=EDGE_LOOP('',(#1089,#1090,#1091,#1092,#1093));
#2264=EDGE_LOOP('',(#1094,#1095,#1096,#1097,#1098));
#2265=EDGE_LOOP('',(#1099,#1100,#1101,#1102,#1103));
#2266=EDGE_LOOP('',(#1104,#1105,#1106,#1107,#1108));
#2267=EDGE_LOOP('',(#1109,#1110,#1111,#1112,#1113));
#2268=EDGE_LOOP('',(#1114,#1115,#1116,#1117,#1118));
#2269=EDGE_LOOP('',(#1119,#1120,#1121,#1122,#1123,#1124,#1125,#1126));
#2270=EDGE_LOOP('',(#1127,#1128,#1129,#1130,#1131));
#2271=EDGE_LOOP('',(#1132,#1133,#1134));
#2272=EDGE_LOOP('',(#1135,#1136,#1137,#1138,#1139,#1140,#1141,#1142));
#2273=EDGE_LOOP('',(#1143,#1144,#1145,#1146,#1147));
#2274=EDGE_LOOP('',(#1148,#1149,#1150));
#2275=EDGE_LOOP('',(#1151,#1152,#1153,#1154,#1155,#1156,#1157,#1158));
#2276=EDGE_LOOP('',(#1159,#1160,#1161,#1162,#1163));
#2277=EDGE_LOOP('',(#1164,#1165,#1166));
#2278=EDGE_LOOP('',(#1167,#1168,#1169,#1170,#1171,#1172,#1173,#1174));
#2279=EDGE_LOOP('',(#1175,#1176,#1177,#1178,#1179));
#2280=EDGE_LOOP('',(#1180,#1181,#1182));
#2281=EDGE_LOOP('',(#1183,#1184,#1185,#1186,#1187));
#2282=EDGE_LOOP('',(#1188,#1189,#1190,#1191,#1192,#1193));
#2283=EDGE_LOOP('',(#1194,#1195,#1196));
#2284=EDGE_LOOP('',(#1197,#1198,#1199,#1200));
#2285=EDGE_LOOP('',(#1201,#1202));
#2286=EDGE_LOOP('',(#1203,#1204,#1205,#1206,#1207));
#2287=EDGE_LOOP('',(#1208,#1209,#1210,#1211,#1212));
#2288=EDGE_LOOP('',(#1213,#1214,#1215,#1216,#1217,#1218));
#2289=EDGE_LOOP('',(#1219,#1220,#1221,#1222,#1223));
#2290=EDGE_LOOP('',(#1224,#1225,#1226));
#2291=EDGE_LOOP('',(#1227,#1228,#1229,#1230));
#2292=EDGE_LOOP('',(#1231,#1232));
#2293=EDGE_LOOP('',(#1233,#1234,#1235,#1236,#1237));
#2294=EDGE_LOOP('',(#1238,#1239,#1240,#1241,#1242));
#2295=EDGE_LOOP('',(#1243,#1244,#1245,#1246,#1247));
#2296=EDGE_LOOP('',(#1248,#1249,#1250,#1251,#1252));
#2297=EDGE_LOOP('',(#1253,#1254));
#2298=EDGE_LOOP('',(#1255,#1256,#1257,#1258));
#2299=EDGE_LOOP('',(#1259,#1260,#1261));
#2300=EDGE_LOOP('',(#1262,#1263,#1264,#1265,#1266,#1267));
#2301=EDGE_LOOP('',(#1268,#1269,#1270,#1271,#1272));
#2302=EDGE_LOOP('',(#1273,#1274,#1275,#1276,#1277));
#2303=EDGE_LOOP('',(#1278,#1279,#1280,#1281,#1282,#1283));
#2304=EDGE_LOOP('',(#1284,#1285,#1286));
#2305=EDGE_LOOP('',(#1287,#1288,#1289,#1290,#1291));
#2306=EDGE_LOOP('',(#1292,#1293,#1294));
#2307=EDGE_LOOP('',(#1295,#1296,#1297,#1298,#1299));
#2308=EDGE_LOOP('',(#1300,#1301,#1302,#1303,#1304));
#2309=EDGE_LOOP('',(#1305,#1306,#1307,#1308));
#2310=EDGE_LOOP('',(#1309,#1310,#1311,#1312));
#2311=EDGE_LOOP('',(#1313,#1314));
#2312=EDGE_LOOP('',(#1315,#1316));
#2313=EDGE_LOOP('',(#1317,#1318,#1319,#1320));
#2314=EDGE_LOOP('',(#1321,#1322));
#2315=EDGE_LOOP('',(#1323,#1324));
#2316=EDGE_LOOP('',(#1325,#1326,#1327,#1328));
#2317=EDGE_LOOP('',(#1329,#1330,#1331,#1332));
#2318=EDGE_LOOP('',(#1333,#1334,#1335,#1336));
#2319=EDGE_LOOP('',(#1337,#1338));
#2320=EDGE_LOOP('',(#1339,#1340));
#2321=EDGE_LOOP('',(#1341,#1342,#1343,#1344));
#2322=EDGE_LOOP('',(#1345,#1346));
#2323=EDGE_LOOP('',(#1347,#1348));
#2324=EDGE_LOOP('',(#1349,#1350,#1351,#1352));
#2325=EDGE_LOOP('',(#1353,#1354,#1355,#1356));
#2326=EDGE_LOOP('',(#1357,#1358,#1359,#1360));
#2327=EDGE_LOOP('',(#1361,#1362,#1363,#1364));
#2328=EDGE_LOOP('',(#1365,#1366));
#2329=EDGE_LOOP('',(#1367,#1368));
#2330=EDGE_LOOP('',(#1369,#1370,#1371,#1372));
#2331=EDGE_LOOP('',(#1373,#1374));
#2332=EDGE_LOOP('',(#1375,#1376));
#2333=FACE_BOUND('',#2175,.T.);
#2334=FACE_BOUND('',#2176,.T.);
#2335=FACE_BOUND('',#2177,.T.);
#2336=FACE_BOUND('',#2178,.T.);
#2337=FACE_BOUND('',#2179,.T.);
#2338=FACE_BOUND('',#2180,.T.);
#2339=FACE_BOUND('',#2181,.T.);
#2340=FACE_BOUND('',#2182,.T.);
#2341=FACE_BOUND('',#2183,.T.);
#2342=FACE_BOUND('',#2184,.T.);
#2343=FACE_BOUND('',#2185,.T.);
#2344=FACE_BOUND('',#2186,.T.);
#2345=FACE_BOUND('',#2187,.T.);
#2346=FACE_BOUND('',#2188,.T.);
#2347=FACE_BOUND('',#2189,.T.);
#2348=FACE_BOUND('',#2190,.T.);
#2349=FACE_BOUND('',#2191,.T.);
#2350=FACE_BOUND('',#2192,.T.);
#2351=FACE_BOUND('',#2193,.T.);
#2352=FACE_BOUND('',#2194,.T.);
#2353=FACE_BOUND('',#2195,.T.);
#2354=FACE_BOUND('',#2196,.T.);
#2355=FACE_BOUND('',#2197,.T.);
#2356=FACE_BOUND('',#2198,.T.);
#2357=FACE_BOUND('',#2199,.T.);
#2358=FACE_BOUND('',#2200,.T.);
#2359=FACE_BOUND('',#2201,.T.);
#2360=FACE_BOUND('',#2202,.T.);
#2361=FACE_BOUND('',#2203,.T.);
#2362=FACE_BOUND('',#2204,.T.);
#2363=FACE_BOUND('',#2205,.T.);
#2364=FACE_BOUND('',#2206,.T.);
#2365=FACE_BOUND('',#2207,.T.);
#2366=FACE_BOUND('',#2208,.T.);
#2367=FACE_BOUND('',#2209,.T.);
#2368=FACE_BOUND('',#2210,.T.);
#2369=FACE_BOUND('',#2211,.T.);
#2370=FACE_BOUND('',#2212,.T.);
#2371=FACE_BOUND('',#2213,.T.);
#2372=FACE_BOUND('',#2214,.T.);
#2373=FACE_BOUND('',#2215,.T.);
#2374=FACE_BOUND('',#2216,.T.);
#2375=FACE_BOUND('',#2217,.T.);
#2376=FACE_BOUND('',#2218,.T.);
#2377=FACE_BOUND('',#2219,.T.);
#2378=FACE_BOUND('',#2220,.T.);
#2379=FACE_BOUND('',#2221,.T.);
#2380=FACE_BOUND('',#2222,.T.);
#2381=FACE_BOUND('',#2223,.T.);
#2382=FACE_BOUND('',#2224,.T.);
#2383=FACE_BOUND('',#2225,.T.);
#2384=FACE_BOUND('',#2226,.T.);
#2385=FACE_BOUND('',#2227,.T.);
#2386=FACE_BOUND('',#2228,.T.);
#2387=FACE_BOUND('',#2229,.T.);
#2388=FACE_BOUND('',#2230,.T.);
#2389=FACE_BOUND('',#2231,.T.);
#2390=FACE_BOUND('',#2232,.T.);
#2391=FACE_BOUND('',#2233,.T.);
#2392=FACE_BOUND('',#2234,.T.);
#2393=FACE_BOUND('',#2235,.T.);
#2394=FACE_BOUND('',#2236,.T.);
#2395=FACE_BOUND('',#2237,.T.);
#2396=FACE_BOUND('',#2238,.T.);
#2397=FACE_BOUND('',#2239,.T.);
#2398=FACE_BOUND('',#2240,.T.);
#2399=FACE_BOUND('',#2241,.T.);
#2400=FACE_BOUND('',#2242,.T.);
#2401=FACE_BOUND('',#2243,.T.);
#2402=FACE_BOUND('',#2244,.T.);
#2403=FACE_BOUND('',#2245,.T.);
#2404=FACE_BOUND('',#2246,.T.);
#2405=FACE_BOUND('',#2247,.T.);
#2406=FACE_BOUND('',#2248,.T.);
#2407=FACE_BOUND('',#2249,.T.);
#2408=FACE_BOUND('',#2250,.T.);
#2409=FACE_BOUND('',#2251,.T.);
#2410=FACE_BOUND('',#2252,.T.);
#2411=FACE_BOUND('',#2253,.T.);
#2412=FACE_BOUND('',#2254,.T.);
#2413=FACE_BOUND('',#2255,.T.);
#2414=FACE_BOUND('',#2256,.T.);
#2415=FACE_BOUND('',#2257,.T.);
#2416=FACE_BOUND('',#2258,.T.);
#2417=FACE_BOUND('',#2259,.T.);
#2418=FACE_BOUND('',#2260,.T.);
#2419=FACE_BOUND('',#2261,.T.);
#2420=FACE_BOUND('',#2262,.T.);
#2421=FACE_BOUND('',#2263,.T.);
#2422=FACE_BOUND('',#2264,.T.);
#2423=FACE_BOUND('',#2265,.T.);
#2424=FACE_BOUND('',#2266,.T.);
#2425=FACE_BOUND('',#2267,.T.);
#2426=FACE_BOUND('',#2268,.T.);
#2427=FACE_BOUND('',#2269,.T.);
#2428=FACE_BOUND('',#2270,.T.);
#2429=FACE_BOUND('',#2271,.T.);
#2430=FACE_BOUND('',#2272,.T.);
#2431=FACE_BOUND('',#2273,.T.);
#2432=FACE_BOUND('',#2274,.T.);
#2433=FACE_BOUND('',#2275,.T.);
#2434=FACE_BOUND('',#2276,.T.);
#2435=FACE_BOUND('',#2277,.T.);
#2436=FACE_BOUND('',#2278,.T.);
#2437=FACE_BOUND('',#2279,.T.);
#2438=FACE_BOUND('',#2280,.T.);
#2439=FACE_BOUND('',#2281,.T.);
#2440=FACE_BOUND('',#2282,.T.);
#2441=FACE_BOUND('',#2283,.T.);
#2442=FACE_BOUND('',#2284,.T.);
#2443=FACE_BOUND('',#2285,.T.);
#2444=FACE_BOUND('',#2286,.T.);
#2445=FACE_BOUND('',#2287,.T.);
#2446=FACE_BOUND('',#2288,.T.);
#2447=FACE_BOUND('',#2289,.T.);
#2448=FACE_BOUND('',#2290,.T.);
#2449=FACE_BOUND('',#2291,.T.);
#2450=FACE_BOUND('',#2292,.T.);
#2451=FACE_BOUND('',#2293,.T.);
#2452=FACE_BOUND('',#2294,.T.);
#2453=FACE_BOUND('',#2295,.T.);
#2454=FACE_BOUND('',#2296,.T.);
#2455=FACE_BOUND('',#2297,.T.);
#2456=FACE_BOUND('',#2298,.T.);
#2457=FACE_BOUND('',#2299,.T.);
#2458=FACE_BOUND('',#2300,.T.);
#2459=FACE_BOUND('',#2301,.T.);
#2460=FACE_BOUND('',#2302,.T.);
#2461=FACE_BOUND('',#2303,.T.);
#2462=FACE_BOUND('',#2304,.T.);
#2463=FACE_BOUND('',#2305,.T.);
#2464=FACE_BOUND('',#2306,.T.);
#2465=FACE_BOUND('',#2307,.T.);
#2466=FACE_BOUND('',#2308,.T.);
#2467=FACE_BOUND('',#2309,.T.);
#2468=FACE_BOUND('',#2310,.T.);
#2469=FACE_BOUND('',#2311,.T.);
#2470=FACE_BOUND('',#2312,.T.);
#2471=FACE_BOUND('',#2313,.T.);
#2472=FACE_BOUND('',#2314,.T.);
#2473=FACE_BOUND('',#2315,.T.);
#2474=FACE_BOUND('',#2316,.T.);
#2475=FACE_BOUND('',#2317,.T.);
#2476=FACE_BOUND('',#2318,.T.);
#2477=FACE_BOUND('',#2319,.T.);
#2478=FACE_BOUND('',#2320,.T.);
#2479=FACE_BOUND('',#2321,.T.);
#2480=FACE_BOUND('',#2322,.T.);
#2481=FACE_BOUND('',#2323,.T.);
#2482=FACE_BOUND('',#2324,.T.);
#2483=FACE_BOUND('',#2325,.T.);
#2484=FACE_BOUND('',#2326,.T.);
#2485=FACE_BOUND('',#2327,.T.);
#2486=FACE_BOUND('',#2328,.T.);
#2487=FACE_BOUND('',#2329,.T.);
#2488=FACE_BOUND('',#2330,.T.);
#2489=FACE_BOUND('',#2331,.T.);
#2490=FACE_BOUND('',#2332,.T.);
#2491=(
BOUNDED_SURFACE()
B_SPLINE_SURFACE(3,1,((#3494,#3495),(#3496,#3497),(#3498,#3499),(#3500,
#3501)),.CYLINDRICAL_SURF.,.F.,.F.,.F.)
B_SPLINE_SURFACE_WITH_KNOTS((4,4),(2,2),(0.5,1.),(0.0454545454545455,0.954545454545455),
 .PIECEWISE_BEZIER_KNOTS.)
GEOMETRIC_REPRESENTATION_ITEM()
RATIONAL_B_SPLINE_SURFACE(((1.,1.),(0.333333333333333,0.333333333333333),
(0.333333333333333,0.333333333333333),(1.,1.)))
REPRESENTATION_ITEM('')
SURFACE()
);
#2492=(
BOUNDED_SURFACE()
B_SPLINE_SURFACE(3,1,((#3512,#3513),(#3514,#3515),(#3516,#3517),(#3518,
#3519)),.CYLINDRICAL_SURF.,.F.,.F.,.F.)
B_SPLINE_SURFACE_WITH_KNOTS((4,4),(2,2),(0.,0.5),(0.0454545454545454,0.954545454545455),
 .PIECEWISE_BEZIER_KNOTS.)
GEOMETRIC_REPRESENTATION_ITEM()
RATIONAL_B_SPLINE_SURFACE(((1.,1.),(0.333333333333333,0.333333333333333),
(0.333333333333333,0.333333333333333),(1.,1.)))
REPRESENTATION_ITEM('')
SURFACE()
);
#2493=(
BOUNDED_SURFACE()
B_SPLINE_SURFACE(3,1,((#3572,#3573),(#3574,#3575),(#3576,#3577),(#3578,
#3579)),.CYLINDRICAL_SURF.,.F.,.F.,.F.)
B_SPLINE_SURFACE_WITH_KNOTS((4,4),(2,2),(0.,1.),(0.,1.),
 .PIECEWISE_BEZIER_KNOTS.)
GEOMETRIC_REPRESENTATION_ITEM()
RATIONAL_B_SPLINE_SURFACE(((1.,1.),(0.782588173991013,0.782588173991013),
(0.782588173991013,0.782588173991013),(1.,1.)))
REPRESENTATION_ITEM('')
SURFACE()
);
#2494=(
BOUNDED_SURFACE()
B_SPLINE_SURFACE(3,1,((#3587,#3588),(#3589,#3590),(#3591,#3592),(#3593,
#3594)),.CYLINDRICAL_SURF.,.F.,.F.,.F.)
B_SPLINE_SURFACE_WITH_KNOTS((4,4),(2,2),(0.,1.),(0.,1.),
 .PIECEWISE_BEZIER_KNOTS.)
GEOMETRIC_REPRESENTATION_ITEM()
RATIONAL_B_SPLINE_SURFACE(((1.,1.),(0.782588173991011,0.782588173991011),
(0.782588173991011,0.782588173991011),(1.,1.)))
REPRESENTATION_ITEM('')
SURFACE()
);
#2495=(
BOUNDED_SURFACE()
B_SPLINE_SURFACE(3,1,((#3600,#3601),(#3602,#3603),(#3604,#3605),(#3606,
#3607)),.CYLINDRICAL_SURF.,.F.,.F.,.F.)
B_SPLINE_SURFACE_WITH_KNOTS((4,4),(2,2),(0.,1.),(0.,1.),
 .PIECEWISE_BEZIER_KNOTS.)
GEOMETRIC_REPRESENTATION_ITEM()
RATIONAL_B_SPLINE_SURFACE(((1.,1.),(0.776560867105789,0.776560867105789),
(0.776560867105789,0.776560867105789),(1.,1.)))
REPRESENTATION_ITEM('')
SURFACE()
);
#2496=(
BOUNDED_SURFACE()
B_SPLINE_SURFACE(3,1,((#3613,#3614),(#3615,#3616),(#3617,#3618),(#3619,
#3620)),.CYLINDRICAL_SURF.,.F.,.F.,.F.)
B_SPLINE_SURFACE_WITH_KNOTS((4,4),(2,2),(0.,1.),(0.,1.),
 .PIECEWISE_BEZIER_KNOTS.)
GEOMETRIC_REPRESENTATION_ITEM()
RATIONAL_B_SPLINE_SURFACE(((1.,1.),(0.776560867105789,0.776560867105789),
(0.776560867105789,0.776560867105789),(1.,1.)))
REPRESENTATION_ITEM('')
SURFACE()
);
#2497=(
BOUNDED_SURFACE()
B_SPLINE_SURFACE(3,1,((#3626,#3627),(#3628,#3629),(#3630,#3631),(#3632,
#3633)),.CYLINDRICAL_SURF.,.F.,.F.,.F.)
B_SPLINE_SURFACE_WITH_KNOTS((4,4),(2,2),(0.,1.),(0.,1.),
 .PIECEWISE_BEZIER_KNOTS.)
GEOMETRIC_REPRESENTATION_ITEM()
RATIONAL_B_SPLINE_SURFACE(((1.,1.),(0.782588173991013,0.782588173991013),
(0.782588173991013,0.782588173991013),(1.,1.)))
REPRESENTATION_ITEM('')
SURFACE()
);
#2498=(
BOUNDED_SURFACE()
B_SPLINE_SURFACE(3,1,((#3639,#3640),(#3641,#3642),(#3643,#3644),(#3645,
#3646)),.CYLINDRICAL_SURF.,.F.,.F.,.F.)
B_SPLINE_SURFACE_WITH_KNOTS((4,4),(2,2),(0.,1.),(0.,1.),
 .PIECEWISE_BEZIER_KNOTS.)
GEOMETRIC_REPRESENTATION_ITEM()
RATIONAL_B_SPLINE_SURFACE(((1.,1.),(0.782588173991011,0.782588173991011),
(0.782588173991011,0.782588173991011),(1.,1.)))
REPRESENTATION_ITEM('')
SURFACE()
);
#2499=(
BOUNDED_SURFACE()
B_SPLINE_SURFACE(3,1,((#3654,#3655),(#3656,#3657),(#3658,#3659),(#3660,
#3661)),.CYLINDRICAL_SURF.,.F.,.F.,.F.)
B_SPLINE_SURFACE_WITH_KNOTS((4,4),(2,2),(0.,1.),(0.,1.),
 .PIECEWISE_BEZIER_KNOTS.)
GEOMETRIC_REPRESENTATION_ITEM()
RATIONAL_B_SPLINE_SURFACE(((1.,1.),(0.776560867105789,0.776560867105789),
(0.776560867105789,0.776560867105789),(1.,1.)))
REPRESENTATION_ITEM('')
SURFACE()
);
#2500=(
BOUNDED_SURFACE()
B_SPLINE_SURFACE(3,1,((#3667,#3668),(#3669,#3670),(#3671,#3672),(#3673,
#3674)),.CYLINDRICAL_SURF.,.F.,.F.,.F.)
B_SPLINE_SURFACE_WITH_KNOTS((4,4),(2,2),(0.,1.),(0.,1.),
 .PIECEWISE_BEZIER_KNOTS.)
GEOMETRIC_REPRESENTATION_ITEM()
RATIONAL_B_SPLINE_SURFACE(((1.,1.),(0.776560867105789,0.776560867105789),
(0.776560867105789,0.776560867105789),(1.,1.)))
REPRESENTATION_ITEM('')
SURFACE()
);
#2501=(
BOUNDED_SURFACE()
B_SPLINE_SURFACE(3,1,((#3683,#3684),(#3685,#3686),(#3687,#3688),(#3689,
#3690)),.CYLINDRICAL_SURF.,.F.,.F.,.F.)
B_SPLINE_SURFACE_WITH_KNOTS((4,4),(2,2),(0.,1.),(0.,1.),
 .PIECEWISE_BEZIER_KNOTS.)
GEOMETRIC_REPRESENTATION_ITEM()
RATIONAL_B_SPLINE_SURFACE(((1.,1.),(0.782588173991012,0.782588173991012),
(0.782588173991012,0.782588173991012),(1.,1.)))
REPRESENTATION_ITEM('')
SURFACE()
);
#2502=(
BOUNDED_SURFACE()
B_SPLINE_SURFACE(3,1,((#3699,#3700),(#3701,#3702),(#3703,#3704),(#3705,
#3706)),.CYLINDRICAL_SURF.,.F.,.F.,.F.)
B_SPLINE_SURFACE_WITH_KNOTS((4,4),(2,2),(0.,1.),(0.,1.),
 .PIECEWISE_BEZIER_KNOTS.)
GEOMETRIC_REPRESENTATION_ITEM()
RATIONAL_B_SPLINE_SURFACE(((1.,1.),(0.782588173991011,0.782588173991011),
(0.782588173991011,0.782588173991011),(1.,1.)))
REPRESENTATION_ITEM('')
SURFACE()
);
#2503=(
BOUNDED_SURFACE()
B_SPLINE_SURFACE(3,1,((#3715,#3716),(#3717,#3718),(#3719,#3720),(#3721,
#3722)),.CYLINDRICAL_SURF.,.F.,.F.,.F.)
B_SPLINE_SURFACE_WITH_KNOTS((4,4),(2,2),(0.,1.),(0.,1.),
 .PIECEWISE_BEZIER_KNOTS.)
GEOMETRIC_REPRESENTATION_ITEM()
RATIONAL_B_SPLINE_SURFACE(((1.,1.),(0.776560867105789,0.776560867105789),
(0.776560867105789,0.776560867105789),(1.,1.)))
REPRESENTATION_ITEM('')
SURFACE()
);
#2504=(
BOUNDED_SURFACE()
B_SPLINE_SURFACE(3,1,((#3731,#3732),(#3733,#3734),(#3735,#3736),(#3737,
#3738)),.CYLINDRICAL_SURF.,.F.,.F.,.F.)
B_SPLINE_SURFACE_WITH_KNOTS((4,4),(2,2),(0.,1.),(0.,1.),
 .PIECEWISE_BEZIER_KNOTS.)
GEOMETRIC_REPRESENTATION_ITEM()
RATIONAL_B_SPLINE_SURFACE(((1.,1.),(0.776560867105789,0.776560867105789),
(0.776560867105789,0.776560867105789),(1.,1.)))
REPRESENTATION_ITEM('')
SURFACE()
);
#2505=(
BOUNDED_SURFACE()
B_SPLINE_SURFACE(3,1,((#3747,#3748),(#3749,#3750),(#3751,#3752),(#3753,
#3754)),.CYLINDRICAL_SURF.,.F.,.F.,.F.)
B_SPLINE_SURFACE_WITH_KNOTS((4,4),(2,2),(0.,1.),(0.,1.),
 .PIECEWISE_BEZIER_KNOTS.)
GEOMETRIC_REPRESENTATION_ITEM()
RATIONAL_B_SPLINE_SURFACE(((1.,1.),(0.782588173991012,0.782588173991012),
(0.782588173991012,0.782588173991012),(1.,1.)))
REPRESENTATION_ITEM('')
SURFACE()
);
#2506=(
BOUNDED_SURFACE()
B_SPLINE_SURFACE(3,1,((#3763,#3764),(#3765,#3766),(#3767,#3768),(#3769,
#3770)),.CYLINDRICAL_SURF.,.F.,.F.,.F.)
B_SPLINE_SURFACE_WITH_KNOTS((4,4),(2,2),(0.,1.),(0.,1.),
 .PIECEWISE_BEZIER_KNOTS.)
GEOMETRIC_REPRESENTATION_ITEM()
RATIONAL_B_SPLINE_SURFACE(((1.,1.),(0.782588173991011,0.782588173991011),
(0.782588173991011,0.782588173991011),(1.,1.)))
REPRESENTATION_ITEM('')
SURFACE()
);
#2507=(
BOUNDED_SURFACE()
B_SPLINE_SURFACE(3,1,((#3781,#3782),(#3783,#3784),(#3785,#3786),(#3787,
#3788)),.CYLINDRICAL_SURF.,.F.,.F.,.F.)
B_SPLINE_SURFACE_WITH_KNOTS((4,4),(2,2),(0.,1.),(0.,1.),
 .PIECEWISE_BEZIER_KNOTS.)
GEOMETRIC_REPRESENTATION_ITEM()
RATIONAL_B_SPLINE_SURFACE(((1.,1.),(0.776560867105789,0.776560867105789),
(0.776560867105789,0.776560867105789),(1.,1.)))
REPRESENTATION_ITEM('')
SURFACE()
);
#2508=(
BOUNDED_SURFACE()
B_SPLINE_SURFACE(3,1,((#3797,#3798),(#3799,#3800),(#3801,#3802),(#3803,
#3804)),.CYLINDRICAL_SURF.,.F.,.F.,.F.)
B_SPLINE_SURFACE_WITH_KNOTS((4,4),(2,2),(0.,1.),(0.,1.),
 .PIECEWISE_BEZIER_KNOTS.)
GEOMETRIC_REPRESENTATION_ITEM()
RATIONAL_B_SPLINE_SURFACE(((1.,1.),(0.776560867105789,0.776560867105789),
(0.776560867105789,0.776560867105789),(1.,1.)))
REPRESENTATION_ITEM('')
SURFACE()
);
#2509=(
BOUNDED_SURFACE()
B_SPLINE_SURFACE(3,1,((#3816,#3817),(#3818,#3819),(#3820,#3821),(#3822,
#3823)),.CYLINDRICAL_SURF.,.F.,.F.,.F.)
B_SPLINE_SURFACE_WITH_KNOTS((4,4),(2,2),(0.,0.5),(0.0454545454545455,0.954545454545455),
 .PIECEWISE_BEZIER_KNOTS.)
GEOMETRIC_REPRESENTATION_ITEM()
RATIONAL_B_SPLINE_SURFACE(((1.,1.),(0.333333333333333,0.333333333333333),
(0.333333333333333,0.333333333333333),(1.,1.)))
REPRESENTATION_ITEM('')
SURFACE()
);
#2510=(
BOUNDED_SURFACE()
B_SPLINE_SURFACE(3,1,((#3825,#3826),(#3827,#3828),(#3829,#3830),(#3831,
#3832)),.CYLINDRICAL_SURF.,.F.,.F.,.F.)
B_SPLINE_SURFACE_WITH_KNOTS((4,4),(2,2),(0.5,1.),(0.0454545454545455,0.954545454545455),
 .PIECEWISE_BEZIER_KNOTS.)
GEOMETRIC_REPRESENTATION_ITEM()
RATIONAL_B_SPLINE_SURFACE(((1.,1.),(0.333333333333333,0.333333333333333),
(0.333333333333333,0.333333333333333),(1.,1.)))
REPRESENTATION_ITEM('')
SURFACE()
);
#2511=(
BOUNDED_SURFACE()
B_SPLINE_SURFACE(3,1,((#4456,#4457),(#4458,#4459),(#4460,#4461),(#4462,
#4463),(#4464,#4465),(#4466,#4467),(#4468,#4469)),.CYLINDRICAL_SURF.,.F.,
 .F.,.F.)
B_SPLINE_SURFACE_WITH_KNOTS((4,3,4),(2,2),(0.,0.5,1.),(0.,1.),
 .PIECEWISE_BEZIER_KNOTS.)
GEOMETRIC_REPRESENTATION_ITEM()
RATIONAL_B_SPLINE_SURFACE(((1.,1.),(0.758282659832481,0.758282659832481),
(0.758282659832481,0.758282659832481),(1.,1.),(0.758282659832481,0.758282659832481),
(0.758282659832481,0.758282659832481),(1.,1.)))
REPRESENTATION_ITEM('')
SURFACE()
);
#2512=(
BOUNDED_SURFACE()
B_SPLINE_SURFACE(3,1,((#4476,#4477),(#4478,#4479),(#4480,#4481),(#4482,
#4483)),.CYLINDRICAL_SURF.,.F.,.F.,.F.)
B_SPLINE_SURFACE_WITH_KNOTS((4,4),(2,2),(0.0914106704581058,0.90986299317395),
(0.0454545454545513,0.95454545454545),.PIECEWISE_BEZIER_KNOTS.)
GEOMETRIC_REPRESENTATION_ITEM()
RATIONAL_B_SPLINE_SURFACE(((0.870703103290442,0.870703103290442),(0.523636582583045,
0.523636582583045),(0.524177524273599,0.524177524273599),(0.872325928362103,
0.872325928362103)))
REPRESENTATION_ITEM('')
SURFACE()
);
#2513=(
BOUNDED_SURFACE()
B_SPLINE_SURFACE(3,1,((#4484,#4485),(#4486,#4487),(#4488,#4489),(#4490,
#4491)),.CYLINDRICAL_SURF.,.F.,.F.,.F.)
B_SPLINE_SURFACE_WITH_KNOTS((4,4),(2,2),(0.160266170219126,0.839612876014055),
(0.0454545454545498,0.95454545454545),.PIECEWISE_BEZIER_KNOTS.)
GEOMETRIC_REPRESENTATION_ITEM()
RATIONAL_B_SPLINE_SURFACE(((0.951473417755825,0.951473417755825),(0.89599357700748,
0.89599357700748),(0.895983700899873,0.895983700899873),(0.951443789433005,
0.951443789433005)))
REPRESENTATION_ITEM('')
SURFACE()
);
#2514=(
BOUNDED_SURFACE()
B_SPLINE_SURFACE(3,1,((#4492,#4493),(#4494,#4495),(#4496,#4497),(#4498,
#4499),(#4500,#4501),(#4502,#4503),(#4504,#4505)),.CYLINDRICAL_SURF.,.F.,
 .F.,.F.)
B_SPLINE_SURFACE_WITH_KNOTS((4,3,4),(2,2),(0.,0.5,1.),(0.,1.),
 .PIECEWISE_BEZIER_KNOTS.)
GEOMETRIC_REPRESENTATION_ITEM()
RATIONAL_B_SPLINE_SURFACE(((1.,1.),(0.758282659832491,0.758282659832491),
(0.758282659832491,0.758282659832491),(1.,1.),(0.758282659832491,0.758282659832491),
(0.758282659832491,0.758282659832491),(1.,1.)))
REPRESENTATION_ITEM('')
SURFACE()
);
#2515=(
BOUNDED_SURFACE()
B_SPLINE_SURFACE(3,1,((#4512,#4513),(#4514,#4515),(#4516,#4517),(#4518,
#4519)),.CYLINDRICAL_SURF.,.F.,.F.,.F.)
B_SPLINE_SURFACE_WITH_KNOTS((4,4),(2,2),(0.0914106704581148,0.909862993173966),
(0.045454545454552,0.954545454545455),.PIECEWISE_BEZIER_KNOTS.)
GEOMETRIC_REPRESENTATION_ITEM()
RATIONAL_B_SPLINE_SURFACE(((0.870703103290433,0.870703103290433),(0.523636582583045,
0.523636582583045),(0.524177524273609,0.524177524273609),(0.872325928362126,
0.872325928362126)))
REPRESENTATION_ITEM('')
SURFACE()
);
#2516=(
BOUNDED_SURFACE()
B_SPLINE_SURFACE(3,1,((#4520,#4521),(#4522,#4523),(#4524,#4525),(#4526,
#4527)),.CYLINDRICAL_SURF.,.F.,.F.,.F.)
B_SPLINE_SURFACE_WITH_KNOTS((4,4),(2,2),(0.160266170219126,0.839612876014055),
(0.0454545454545498,0.95454545454545),.PIECEWISE_BEZIER_KNOTS.)
GEOMETRIC_REPRESENTATION_ITEM()
RATIONAL_B_SPLINE_SURFACE(((0.951473417755825,0.951473417755825),(0.89599357700748,
0.89599357700748),(0.895983700899873,0.895983700899873),(0.951443789433005,
0.951443789433005)))
REPRESENTATION_ITEM('')
SURFACE()
);
#2517=(
BOUNDED_SURFACE()
B_SPLINE_SURFACE(3,1,((#4528,#4529),(#4530,#4531),(#4532,#4533),(#4534,
#4535),(#4536,#4537),(#4538,#4539),(#4540,#4541)),.CYLINDRICAL_SURF.,.F.,
 .F.,.F.)
B_SPLINE_SURFACE_WITH_KNOTS((4,3,4),(2,2),(0.,0.5,1.),(0.,1.),
 .PIECEWISE_BEZIER_KNOTS.)
GEOMETRIC_REPRESENTATION_ITEM()
RATIONAL_B_SPLINE_SURFACE(((1.,1.),(0.758282659832481,0.758282659832481),
(0.758282659832481,0.758282659832481),(1.,1.),(0.758282659832481,0.758282659832481),
(0.758282659832481,0.758282659832481),(1.,1.)))
REPRESENTATION_ITEM('')
SURFACE()
);
#2518=(
BOUNDED_SURFACE()
B_SPLINE_SURFACE(3,1,((#4548,#4549),(#4550,#4551),(#4552,#4553),(#4554,
#4555)),.CYLINDRICAL_SURF.,.F.,.F.,.F.)
B_SPLINE_SURFACE_WITH_KNOTS((4,4),(2,2),(0.0914106704581148,0.909862993173966),
(0.045454545454552,0.954545454545455),.PIECEWISE_BEZIER_KNOTS.)
GEOMETRIC_REPRESENTATION_ITEM()
RATIONAL_B_SPLINE_SURFACE(((0.870703103290433,0.870703103290433),(0.523636582583045,
0.523636582583045),(0.524177524273609,0.524177524273609),(0.872325928362126,
0.872325928362126)))
REPRESENTATION_ITEM('')
SURFACE()
);
#2519=(
BOUNDED_SURFACE()
B_SPLINE_SURFACE(3,1,((#4556,#4557),(#4558,#4559),(#4560,#4561),(#4562,
#4563)),.CYLINDRICAL_SURF.,.F.,.F.,.F.)
B_SPLINE_SURFACE_WITH_KNOTS((4,4),(2,2),(0.160266170219126,0.839612876014055),
(0.0454545454545498,0.95454545454545),.PIECEWISE_BEZIER_KNOTS.)
GEOMETRIC_REPRESENTATION_ITEM()
RATIONAL_B_SPLINE_SURFACE(((0.951473417755825,0.951473417755825),(0.89599357700748,
0.89599357700748),(0.895983700899873,0.895983700899873),(0.951443789433005,
0.951443789433005)))
REPRESENTATION_ITEM('')
SURFACE()
);
#2520=(
BOUNDED_SURFACE()
B_SPLINE_SURFACE(3,1,((#4564,#4565),(#4566,#4567),(#4568,#4569),(#4570,
#4571),(#4572,#4573),(#4574,#4575),(#4576,#4577)),.CYLINDRICAL_SURF.,.F.,
 .F.,.F.)
B_SPLINE_SURFACE_WITH_KNOTS((4,3,4),(2,2),(0.,0.5,1.),(0.,1.),
 .PIECEWISE_BEZIER_KNOTS.)
GEOMETRIC_REPRESENTATION_ITEM()
RATIONAL_B_SPLINE_SURFACE(((1.,1.),(0.758282659832481,0.758282659832481),
(0.758282659832481,0.758282659832481),(1.,1.),(0.758282659832481,0.758282659832481),
(0.758282659832481,0.758282659832481),(1.,1.)))
REPRESENTATION_ITEM('')
SURFACE()
);
#2521=(
BOUNDED_SURFACE()
B_SPLINE_SURFACE(3,1,((#4584,#4585),(#4586,#4587),(#4588,#4589),(#4590,
#4591)),.CYLINDRICAL_SURF.,.F.,.F.,.F.)
B_SPLINE_SURFACE_WITH_KNOTS((4,4),(2,2),(0.0914106704581058,0.90986299317395),
(0.0454545454545513,0.95454545454545),.PIECEWISE_BEZIER_KNOTS.)
GEOMETRIC_REPRESENTATION_ITEM()
RATIONAL_B_SPLINE_SURFACE(((0.870703103290442,0.870703103290442),(0.523636582583045,
0.523636582583045),(0.524177524273599,0.524177524273599),(0.872325928362103,
0.872325928362103)))
REPRESENTATION_ITEM('')
SURFACE()
);
#2522=(
BOUNDED_SURFACE()
B_SPLINE_SURFACE(3,1,((#4592,#4593),(#4594,#4595),(#4596,#4597),(#4598,
#4599)),.CYLINDRICAL_SURF.,.F.,.F.,.F.)
B_SPLINE_SURFACE_WITH_KNOTS((4,4),(2,2),(0.160266170219126,0.839612876014055),
(0.0454545454545498,0.95454545454545),.PIECEWISE_BEZIER_KNOTS.)
GEOMETRIC_REPRESENTATION_ITEM()
RATIONAL_B_SPLINE_SURFACE(((0.951473417755825,0.951473417755825),(0.89599357700748,
0.89599357700748),(0.895983700899873,0.895983700899873),(0.951443789433005,
0.951443789433005)))
REPRESENTATION_ITEM('')
SURFACE()
);
#2523=(
BOUNDED_SURFACE()
B_SPLINE_SURFACE(3,1,((#4600,#4601),(#4602,#4603),(#4604,#4605),(#4606,
#4607)),.CYLINDRICAL_SURF.,.F.,.F.,.F.)
B_SPLINE_SURFACE_WITH_KNOTS((4,4),(2,2),(0.0894603233631426,0.909194435998358),
(0.0454545454545398,0.954545454545455),.PIECEWISE_BEZIER_KNOTS.)
GEOMETRIC_REPRESENTATION_ITEM()
RATIONAL_B_SPLINE_SURFACE(((0.868994149002299,0.868994149002299),(0.508167803919711,
0.508167803919711),(0.507576632967828,0.507576632967828),(0.86722063614665,
0.86722063614665)))
REPRESENTATION_ITEM('')
SURFACE()
);
#2524=(
BOUNDED_SURFACE()
B_SPLINE_SURFACE(3,1,((#4611,#4612),(#4613,#4614),(#4615,#4616),(#4617,
#4618)),.CYLINDRICAL_SURF.,.F.,.F.,.F.)
B_SPLINE_SURFACE_WITH_KNOTS((4,4),(2,2),(0.,1.),(0.0454545454545454,0.954545454545453),
 .PIECEWISE_BEZIER_KNOTS.)
GEOMETRIC_REPRESENTATION_ITEM()
RATIONAL_B_SPLINE_SURFACE(((1.,1.),(0.333333333333242,0.333333333333242),
(0.333333333333242,0.333333333333242),(1.,1.)))
REPRESENTATION_ITEM('')
SURFACE()
);
#2525=(
BOUNDED_SURFACE()
B_SPLINE_SURFACE(3,3,((#4622,#4623,#4624,#4625),(#4626,#4627,#4628,#4629),
(#4630,#4631,#4632,#4633),(#4634,#4635,#4636,#4637)),.SPHERICAL_SURF.,.F.,
 .F.,.F.)
B_SPLINE_SURFACE_WITH_KNOTS((4,4),(4,4),(0.,1.),(0.167441155147391,0.832558844852938),
 .PIECEWISE_BEZIER_KNOTS.)
GEOMETRIC_REPRESENTATION_ITEM()
RATIONAL_B_SPLINE_SURFACE(((0.954221576946569,0.905797715263338,0.905797715263362,
0.954221576946641),(0.31807385898219,0.301932571754446,0.301932571754454,
0.318073858982214),(0.31807385898219,0.301932571754446,0.301932571754454,
0.318073858982214),(0.954221576946569,0.905797715263338,0.905797715263362,
0.954221576946641)))
REPRESENTATION_ITEM('')
SURFACE()
);
#2526=(
BOUNDED_SURFACE()
B_SPLINE_SURFACE(3,1,((#4639,#4640),(#4641,#4642),(#4643,#4644),(#4645,
#4646)),.CYLINDRICAL_SURF.,.F.,.F.,.F.)
B_SPLINE_SURFACE_WITH_KNOTS((4,4),(2,2),(0.,1.),(0.0454545454545454,0.954545454545454),
 .PIECEWISE_BEZIER_KNOTS.)
GEOMETRIC_REPRESENTATION_ITEM()
RATIONAL_B_SPLINE_SURFACE(((1.,1.),(0.333333333333321,0.333333333333321),
(0.333333333333321,0.333333333333321),(1.,1.)))
REPRESENTATION_ITEM('')
SURFACE()
);
#2527=(
BOUNDED_SURFACE()
B_SPLINE_SURFACE(3,3,((#4648,#4649,#4650,#4651),(#4652,#4653,#4654,#4655),
(#4656,#4657,#4658,#4659),(#4660,#4661,#4662,#4663)),.SPHERICAL_SURF.,.F.,
 .F.,.F.)
B_SPLINE_SURFACE_WITH_KNOTS((4,4),(4,4),(0.,1.),(0.167441155147085,0.832558844852922),
 .PIECEWISE_BEZIER_KNOTS.)
GEOMETRIC_REPRESENTATION_ITEM()
RATIONAL_B_SPLINE_SURFACE(((0.954221576946618,0.905797715263302,0.905797715263303,
0.954221576946619),(0.318073858982206,0.301932571754434,0.301932571754434,
0.318073858982207),(0.318073858982206,0.301932571754434,0.301932571754434,
0.318073858982207),(0.954221576946618,0.905797715263302,0.905797715263303,
0.954221576946619)))
REPRESENTATION_ITEM('')
SURFACE()
);
#2528=(
BOUNDED_SURFACE()
B_SPLINE_SURFACE(3,1,((#4665,#4666),(#4667,#4668),(#4669,#4670),(#4671,
#4672)),.CYLINDRICAL_SURF.,.F.,.F.,.F.)
B_SPLINE_SURFACE_WITH_KNOTS((4,4),(2,2),(0.,1.),(0.0454545454545451,0.954545454545455),
 .PIECEWISE_BEZIER_KNOTS.)
GEOMETRIC_REPRESENTATION_ITEM()
RATIONAL_B_SPLINE_SURFACE(((1.,1.),(0.333333333333142,0.333333333333142),
(0.333333333333142,0.333333333333142),(1.,1.)))
REPRESENTATION_ITEM('')
SURFACE()
);
#2529=(
BOUNDED_SURFACE()
B_SPLINE_SURFACE(3,1,((#4676,#4677),(#4678,#4679),(#4680,#4681),(#4682,
#4683)),.CYLINDRICAL_SURF.,.F.,.F.,.F.)
B_SPLINE_SURFACE_WITH_KNOTS((4,4),(2,2),(0.0908055640016213,0.910539676636935),
(0.0454545454545458,0.954545454545448),.PIECEWISE_BEZIER_KNOTS.)
GEOMETRIC_REPRESENTATION_ITEM()
RATIONAL_B_SPLINE_SURFACE(((0.8672206361467,0.8672206361467),(0.507576632967876,
0.507576632967876),(0.508167803919784,0.508167803919784),(0.868994149002423,
0.868994149002423)))
REPRESENTATION_ITEM('')
SURFACE()
);
#2530=(
BOUNDED_SURFACE()
B_SPLINE_SURFACE(3,1,((#4684,#4685),(#4686,#4687),(#4688,#4689),(#4690,
#4691)),.CYLINDRICAL_SURF.,.F.,.F.,.F.)
B_SPLINE_SURFACE_WITH_KNOTS((4,4),(2,2),(0.,1.),(0.0454545454545453,0.954545454545455),
 .PIECEWISE_BEZIER_KNOTS.)
GEOMETRIC_REPRESENTATION_ITEM()
RATIONAL_B_SPLINE_SURFACE(((1.,1.),(0.333333333333139,0.333333333333139),
(0.333333333333139,0.333333333333139),(1.,1.)))
REPRESENTATION_ITEM('')
SURFACE()
);
#2531=(
BOUNDED_SURFACE()
B_SPLINE_SURFACE(3,1,((#4698,#4699),(#4700,#4701),(#4702,#4703),(#4704,
#4705)),.CYLINDRICAL_SURF.,.F.,.F.,.F.)
B_SPLINE_SURFACE_WITH_KNOTS((4,4),(2,2),(0.090805564001621,0.910539676636869),
(0.0454545454545462,0.954545454545454),.PIECEWISE_BEZIER_KNOTS.)
GEOMETRIC_REPRESENTATION_ITEM()
RATIONAL_B_SPLINE_SURFACE(((0.8672206361467,0.8672206361467),(0.507576632967905,
0.507576632967905),(0.508167803919784,0.508167803919784),(0.868994149002337,
0.868994149002337)))
REPRESENTATION_ITEM('')
SURFACE()
);
#2532=(
BOUNDED_SURFACE()
B_SPLINE_SURFACE(3,3,((#4706,#4707,#4708,#4709),(#4710,#4711,#4712,#4713),
(#4714,#4715,#4716,#4717),(#4718,#4719,#4720,#4721)),.SPHERICAL_SURF.,.F.,
 .F.,.F.)
B_SPLINE_SURFACE_WITH_KNOTS((4,4),(4,4),(0.,1.),(0.167441155146869,0.832558844852901),
 .PIECEWISE_BEZIER_KNOTS.)
GEOMETRIC_REPRESENTATION_ITEM()
RATIONAL_B_SPLINE_SURFACE(((0.954221576946665,0.905797715263304,0.905797715263287,
0.954221576946615),(0.318073858982222,0.301932571754435,0.301932571754429,
0.318073858982205),(0.318073858982222,0.301932571754435,0.301932571754429,
0.318073858982205),(0.954221576946665,0.905797715263304,0.905797715263287,
0.954221576946615)))
REPRESENTATION_ITEM('')
SURFACE()
);
#2533=(
BOUNDED_SURFACE()
B_SPLINE_SURFACE(3,1,((#4723,#4724),(#4725,#4726),(#4727,#4728),(#4729,
#4730)),.CYLINDRICAL_SURF.,.F.,.F.,.F.)
B_SPLINE_SURFACE_WITH_KNOTS((4,4),(2,2),(0.,1.),(0.0454545454545454,0.954545454545454),
 .PIECEWISE_BEZIER_KNOTS.)
GEOMETRIC_REPRESENTATION_ITEM()
RATIONAL_B_SPLINE_SURFACE(((1.,1.),(0.333333333333321,0.333333333333321),
(0.333333333333321,0.333333333333321),(1.,1.)))
REPRESENTATION_ITEM('')
SURFACE()
);
#2534=(
BOUNDED_SURFACE()
B_SPLINE_SURFACE(3,3,((#4732,#4733,#4734,#4735),(#4736,#4737,#4738,#4739),
(#4740,#4741,#4742,#4743),(#4744,#4745,#4746,#4747)),.SPHERICAL_SURF.,.F.,
 .F.,.F.)
B_SPLINE_SURFACE_WITH_KNOTS((4,4),(4,4),(0.,1.),(0.167441155147385,0.832558844853001),
 .PIECEWISE_BEZIER_KNOTS.)
GEOMETRIC_REPRESENTATION_ITEM()
RATIONAL_B_SPLINE_SURFACE(((0.95422157694657,0.905797715263334,0.905797715263362,
0.954221576946655),(0.31807385898219,0.301932571754445,0.301932571754454,
0.318073858982218),(0.31807385898219,0.301932571754445,0.301932571754454,
0.318073858982218),(0.95422157694657,0.905797715263334,0.905797715263362,
0.954221576946655)))
REPRESENTATION_ITEM('')
SURFACE()
);
#2535=(
BOUNDED_SURFACE()
B_SPLINE_SURFACE(3,1,((#4749,#4750),(#4751,#4752),(#4753,#4754),(#4755,
#4756)),.CYLINDRICAL_SURF.,.F.,.F.,.F.)
B_SPLINE_SURFACE_WITH_KNOTS((4,4),(2,2),(0.0894603233631269,0.909194435998359),
(0.0454545454545404,0.95454545454546),.PIECEWISE_BEZIER_KNOTS.)
GEOMETRIC_REPRESENTATION_ITEM()
RATIONAL_B_SPLINE_SURFACE(((0.86899414900232,0.86899414900232),(0.508167803919711,
0.508167803919711),(0.507576632967821,0.507576632967821),(0.867220636146652,
0.867220636146652)))
REPRESENTATION_ITEM('')
SURFACE()
);
#2536=(
BOUNDED_SURFACE()
B_SPLINE_SURFACE(3,1,((#4760,#4761),(#4762,#4763),(#4764,#4765),(#4766,
#4767)),.CYLINDRICAL_SURF.,.F.,.F.,.F.)
B_SPLINE_SURFACE_WITH_KNOTS((4,4),(2,2),(0.,1.),(0.0454545454545454,0.954545454545453),
 .PIECEWISE_BEZIER_KNOTS.)
GEOMETRIC_REPRESENTATION_ITEM()
RATIONAL_B_SPLINE_SURFACE(((1.,1.),(0.333333333333242,0.333333333333242),
(0.333333333333242,0.333333333333242),(1.,1.)))
REPRESENTATION_ITEM('')
SURFACE()
);
#2537=(
BOUNDED_SURFACE()
B_SPLINE_SURFACE(3,1,((#4768,#4769),(#4770,#4771),(#4772,#4773),(#4774,
#4775)),.CYLINDRICAL_SURF.,.F.,.F.,.F.)
B_SPLINE_SURFACE_WITH_KNOTS((4,4),(2,2),(0.0894603233631426,0.909194435998358),
(0.0454545454545396,0.954545454545458),.PIECEWISE_BEZIER_KNOTS.)
GEOMETRIC_REPRESENTATION_ITEM()
RATIONAL_B_SPLINE_SURFACE(((0.868994149002299,0.868994149002299),(0.508167803919711,
0.508167803919711),(0.507576632967828,0.507576632967828),(0.86722063614665,
0.86722063614665)))
REPRESENTATION_ITEM('')
SURFACE()
);
#2538=(
BOUNDED_SURFACE()
B_SPLINE_SURFACE(3,1,((#4779,#4780),(#4781,#4782),(#4783,#4784),(#4785,
#4786)),.CYLINDRICAL_SURF.,.F.,.F.,.F.)
B_SPLINE_SURFACE_WITH_KNOTS((4,4),(2,2),(0.,1.),(0.0454545454545454,0.954545454545453),
 .PIECEWISE_BEZIER_KNOTS.)
GEOMETRIC_REPRESENTATION_ITEM()
RATIONAL_B_SPLINE_SURFACE(((1.,1.),(0.333333333333242,0.333333333333242),
(0.333333333333242,0.333333333333242),(1.,1.)))
REPRESENTATION_ITEM('')
SURFACE()
);
#2539=(
BOUNDED_SURFACE()
B_SPLINE_SURFACE(3,3,((#4788,#4789,#4790,#4791),(#4792,#4793,#4794,#4795),
(#4796,#4797,#4798,#4799),(#4800,#4801,#4802,#4803)),.SPHERICAL_SURF.,.F.,
 .F.,.F.)
B_SPLINE_SURFACE_WITH_KNOTS((4,4),(4,4),(0.,1.),(0.167441155147486,0.832558844852951),
 .PIECEWISE_BEZIER_KNOTS.)
GEOMETRIC_REPRESENTATION_ITEM()
RATIONAL_B_SPLINE_SURFACE(((0.954221576946548,0.905797715263337,0.905797715263369,
0.954221576946644),(0.318073858982183,0.301932571754446,0.301932571754456,
0.318073858982215),(0.318073858982183,0.301932571754446,0.301932571754456,
0.318073858982215),(0.954221576946548,0.905797715263337,0.905797715263369,
0.954221576946644)))
REPRESENTATION_ITEM('')
SURFACE()
);
#2540=(
BOUNDED_SURFACE()
B_SPLINE_SURFACE(3,1,((#4805,#4806),(#4807,#4808),(#4809,#4810),(#4811,
#4812)),.CYLINDRICAL_SURF.,.F.,.F.,.F.)
B_SPLINE_SURFACE_WITH_KNOTS((4,4),(2,2),(0.,1.),(0.0454545454545454,0.954545454545454),
 .PIECEWISE_BEZIER_KNOTS.)
GEOMETRIC_REPRESENTATION_ITEM()
RATIONAL_B_SPLINE_SURFACE(((1.,1.),(0.333333333333321,0.333333333333321),
(0.333333333333321,0.333333333333321),(1.,1.)))
REPRESENTATION_ITEM('')
SURFACE()
);
#2541=(
BOUNDED_SURFACE()
B_SPLINE_SURFACE(3,3,((#4814,#4815,#4816,#4817),(#4818,#4819,#4820,#4821),
(#4822,#4823,#4824,#4825),(#4826,#4827,#4828,#4829)),.SPHERICAL_SURF.,.F.,
 .F.,.F.)
B_SPLINE_SURFACE_WITH_KNOTS((4,4),(4,4),(0.,1.),(0.167441155147168,0.832558844852992),
 .PIECEWISE_BEZIER_KNOTS.)
GEOMETRIC_REPRESENTATION_ITEM()
RATIONAL_B_SPLINE_SURFACE(((0.9542215769466,0.905797715263297,0.905797715263309,
0.954221576946635),(0.3180738589822,0.301932571754432,0.301932571754436,
0.318073858982212),(0.3180738589822,0.301932571754432,0.301932571754436,
0.318073858982212),(0.9542215769466,0.905797715263297,0.905797715263309,
0.954221576946635)))
REPRESENTATION_ITEM('')
SURFACE()
);
#2542=(
BOUNDED_SURFACE()
B_SPLINE_SURFACE(3,1,((#4833,#4834),(#4835,#4836),(#4837,#4838),(#4839,
#4840)),.CYLINDRICAL_SURF.,.F.,.F.,.F.)
B_SPLINE_SURFACE_WITH_KNOTS((4,4),(2,2),(0.,1.),(0.0454545454545453,0.954545454545455),
 .PIECEWISE_BEZIER_KNOTS.)
GEOMETRIC_REPRESENTATION_ITEM()
RATIONAL_B_SPLINE_SURFACE(((1.,1.),(0.333333333333139,0.333333333333139),
(0.333333333333139,0.333333333333139),(1.,1.)))
REPRESENTATION_ITEM('')
SURFACE()
);
#2543=(
BOUNDED_SURFACE()
B_SPLINE_SURFACE(3,1,((#4844,#4845),(#4846,#4847),(#4848,#4849),(#4850,
#4851)),.CYLINDRICAL_SURF.,.F.,.F.,.F.)
B_SPLINE_SURFACE_WITH_KNOTS((4,4),(2,2),(0.0908055640016076,0.910539676636902),
(0.0454545454545454,0.954545454545452),.PIECEWISE_BEZIER_KNOTS.)
GEOMETRIC_REPRESENTATION_ITEM()
RATIONAL_B_SPLINE_SURFACE(((0.867220636146717,0.867220636146717),(0.50757663296789,
0.50757663296789),(0.508167803919778,0.508167803919778),(0.868994149002379,
0.86899414900238)))
REPRESENTATION_ITEM('')
SURFACE()
);
#2544=(
BOUNDED_SURFACE()
B_SPLINE_SURFACE(3,1,((#4852,#4853),(#4854,#4855),(#4856,#4857),(#4858,
#4859)),.CYLINDRICAL_SURF.,.F.,.F.,.F.)
B_SPLINE_SURFACE_WITH_KNOTS((4,4),(2,2),(0.0894603233631343,0.909194435998358),
(0.0454545454545404,0.954545454545457),.PIECEWISE_BEZIER_KNOTS.)
GEOMETRIC_REPRESENTATION_ITEM()
RATIONAL_B_SPLINE_SURFACE(((0.868994149002311,0.86899414900231),(0.508167803919711,
0.508167803919711),(0.507576632967824,0.507576632967824),(0.86722063614665,
0.86722063614665)))
REPRESENTATION_ITEM('')
SURFACE()
);
#2545=(
BOUNDED_SURFACE()
B_SPLINE_SURFACE(3,1,((#4863,#4864),(#4865,#4866),(#4867,#4868),(#4869,
#4870)),.CYLINDRICAL_SURF.,.F.,.F.,.F.)
B_SPLINE_SURFACE_WITH_KNOTS((4,4),(2,2),(0.,1.),(0.0454545454545454,0.954545454545453),
 .PIECEWISE_BEZIER_KNOTS.)
GEOMETRIC_REPRESENTATION_ITEM()
RATIONAL_B_SPLINE_SURFACE(((1.,1.),(0.333333333333242,0.333333333333242),
(0.333333333333242,0.333333333333242),(1.,1.)))
REPRESENTATION_ITEM('')
SURFACE()
);
#2546=(
BOUNDED_SURFACE()
B_SPLINE_SURFACE(3,3,((#4874,#4875,#4876,#4877),(#4878,#4879,#4880,#4881),
(#4882,#4883,#4884,#4885),(#4886,#4887,#4888,#4889)),.SPHERICAL_SURF.,.F.,
 .F.,.F.)
B_SPLINE_SURFACE_WITH_KNOTS((4,4),(4,4),(0.,1.),(0.167441155147437,0.832558844852917),
 .PIECEWISE_BEZIER_KNOTS.)
GEOMETRIC_REPRESENTATION_ITEM()
RATIONAL_B_SPLINE_SURFACE(((0.954221576946559,0.90579771526334,0.905797715263365,
0.954221576946636),(0.318073858982187,0.301932571754447,0.301932571754455,
0.318073858982212),(0.318073858982187,0.301932571754447,0.301932571754455,
0.318073858982212),(0.954221576946559,0.90579771526334,0.905797715263365,
0.954221576946636)))
REPRESENTATION_ITEM('')
SURFACE()
);
#2547=(
BOUNDED_SURFACE()
B_SPLINE_SURFACE(3,1,((#4891,#4892),(#4893,#4894),(#4895,#4896),(#4897,
#4898)),.CYLINDRICAL_SURF.,.F.,.F.,.F.)
B_SPLINE_SURFACE_WITH_KNOTS((4,4),(2,2),(0.,1.),(0.0454545454545454,0.954545454545454),
 .PIECEWISE_BEZIER_KNOTS.)
GEOMETRIC_REPRESENTATION_ITEM()
RATIONAL_B_SPLINE_SURFACE(((1.,1.),(0.333333333333321,0.333333333333321),
(0.333333333333321,0.333333333333321),(1.,1.)))
REPRESENTATION_ITEM('')
SURFACE()
);
#2548=(
BOUNDED_SURFACE()
B_SPLINE_SURFACE(3,3,((#4902,#4903,#4904,#4905),(#4906,#4907,#4908,#4909),
(#4910,#4911,#4912,#4913),(#4914,#4915,#4916,#4917)),.SPHERICAL_SURF.,.F.,
 .F.,.F.)
B_SPLINE_SURFACE_WITH_KNOTS((4,4),(4,4),(0.,1.),(0.1674411551469,0.832558844852973),
 .PIECEWISE_BEZIER_KNOTS.)
GEOMETRIC_REPRESENTATION_ITEM()
RATIONAL_B_SPLINE_SURFACE(((0.954221576946658,0.905797715263299,0.90579771526329,
0.954221576946631),(0.318073858982219,0.301932571754433,0.30193257175443,
0.31807385898221),(0.318073858982219,0.301932571754433,0.30193257175443,
0.31807385898221),(0.954221576946658,0.905797715263299,0.90579771526329,
0.954221576946631)))
REPRESENTATION_ITEM('')
SURFACE()
);
#2549=(
BOUNDED_SURFACE()
B_SPLINE_SURFACE(3,1,((#4919,#4920),(#4921,#4922),(#4923,#4924),(#4925,
#4926)),.CYLINDRICAL_SURF.,.F.,.F.,.F.)
B_SPLINE_SURFACE_WITH_KNOTS((4,4),(2,2),(0.,1.),(0.0454545454545451,0.954545454545455),
 .PIECEWISE_BEZIER_KNOTS.)
GEOMETRIC_REPRESENTATION_ITEM()
RATIONAL_B_SPLINE_SURFACE(((1.,1.),(0.333333333333142,0.333333333333142),
(0.333333333333142,0.333333333333142),(1.,1.)))
REPRESENTATION_ITEM('')
SURFACE()
);
#2550=(
BOUNDED_SURFACE()
B_SPLINE_SURFACE(3,1,((#4930,#4931),(#4932,#4933),(#4934,#4935),(#4936,
#4937)),.CYLINDRICAL_SURF.,.F.,.F.,.F.)
B_SPLINE_SURFACE_WITH_KNOTS((4,4),(2,2),(0.0908055640016214,0.910539676636902),
(0.0454545454545461,0.95454545454545),.PIECEWISE_BEZIER_KNOTS.)
GEOMETRIC_REPRESENTATION_ITEM()
RATIONAL_B_SPLINE_SURFACE(((0.867220636146699,0.867220636146699),(0.50757663296789,
0.50757663296789),(0.508167803919784,0.508167803919784),(0.86899414900238,
0.86899414900238)))
REPRESENTATION_ITEM('')
SURFACE()
);
#2551=(
BOUNDED_SURFACE()
B_SPLINE_SURFACE(3,1,((#4939,#4940),(#4941,#4942),(#4943,#4944),(#4945,
#4946)),.CYLINDRICAL_SURF.,.F.,.F.,.F.)
B_SPLINE_SURFACE_WITH_KNOTS((4,4),(2,2),(0.,0.5),(0.0454545454545166,0.954545454545459),
 .PIECEWISE_BEZIER_KNOTS.)
GEOMETRIC_REPRESENTATION_ITEM()
RATIONAL_B_SPLINE_SURFACE(((1.,1.),(0.333333333333333,0.333333333333333),
(0.333333333333333,0.333333333333333),(1.,1.)))
REPRESENTATION_ITEM('')
SURFACE()
);
#2552=(
BOUNDED_SURFACE()
B_SPLINE_SURFACE(3,1,((#4957,#4958),(#4959,#4960),(#4961,#4962),(#4963,
#4964)),.CYLINDRICAL_SURF.,.F.,.F.,.F.)
B_SPLINE_SURFACE_WITH_KNOTS((4,4),(2,2),(0.5,1.),(0.0454545454545234,0.954545454545459),
 .PIECEWISE_BEZIER_KNOTS.)
GEOMETRIC_REPRESENTATION_ITEM()
RATIONAL_B_SPLINE_SURFACE(((1.,1.),(0.333333333333333,0.333333333333333),
(0.333333333333333,0.333333333333333),(1.,1.)))
REPRESENTATION_ITEM('')
SURFACE()
);
#2553=(
BOUNDED_SURFACE()
B_SPLINE_SURFACE(3,1,((#4981,#4982),(#4983,#4984),(#4985,#4986),(#4987,
#4988)),.CYLINDRICAL_SURF.,.F.,.F.,.F.)
B_SPLINE_SURFACE_WITH_KNOTS((4,4),(2,2),(0.,0.5),(0.0454545454545235,0.954545454545459),
 .PIECEWISE_BEZIER_KNOTS.)
GEOMETRIC_REPRESENTATION_ITEM()
RATIONAL_B_SPLINE_SURFACE(((1.,1.),(0.333333333333333,0.333333333333333),
(0.333333333333333,0.333333333333333),(1.,1.)))
REPRESENTATION_ITEM('')
SURFACE()
);
#2554=(
BOUNDED_SURFACE()
B_SPLINE_SURFACE(3,1,((#4995,#4996),(#4997,#4998),(#4999,#5000),(#5001,
#5002)),.CYLINDRICAL_SURF.,.F.,.F.,.F.)
B_SPLINE_SURFACE_WITH_KNOTS((4,4),(2,2),(0.5,1.),(0.045454545454539,0.954545454545466),
 .PIECEWISE_BEZIER_KNOTS.)
GEOMETRIC_REPRESENTATION_ITEM()
RATIONAL_B_SPLINE_SURFACE(((1.,1.),(0.333333333333333,0.333333333333333),
(0.333333333333333,0.333333333333333),(1.,1.)))
REPRESENTATION_ITEM('')
SURFACE()
);
#2555=(
BOUNDED_SURFACE()
B_SPLINE_SURFACE(3,1,((#5004,#5005),(#5006,#5007),(#5008,#5009),(#5010,
#5011)),.CYLINDRICAL_SURF.,.F.,.F.,.F.)
B_SPLINE_SURFACE_WITH_KNOTS((4,4),(2,2),(0.5,1.),(0.0454545454545295,0.954545454545459),
 .PIECEWISE_BEZIER_KNOTS.)
GEOMETRIC_REPRESENTATION_ITEM()
RATIONAL_B_SPLINE_SURFACE(((1.,1.),(0.333333333333333,0.333333333333333),
(0.333333333333333,0.333333333333333),(1.,1.)))
REPRESENTATION_ITEM('')
SURFACE()
);
#2556=(
BOUNDED_SURFACE()
B_SPLINE_SURFACE(3,1,((#5022,#5023),(#5024,#5025),(#5026,#5027),(#5028,
#5029)),.CYLINDRICAL_SURF.,.F.,.F.,.F.)
B_SPLINE_SURFACE_WITH_KNOTS((4,4),(2,2),(0.,0.5),(0.0454545454545409,0.954545454545459),
 .PIECEWISE_BEZIER_KNOTS.)
GEOMETRIC_REPRESENTATION_ITEM()
RATIONAL_B_SPLINE_SURFACE(((1.,1.),(0.333333333333333,0.333333333333333),
(0.333333333333333,0.333333333333333),(1.,1.)))
REPRESENTATION_ITEM('')
SURFACE()
);
#2557=(
BOUNDED_SURFACE()
B_SPLINE_SURFACE(3,1,((#5046,#5047),(#5048,#5049),(#5050,#5051),(#5052,
#5053)),.CYLINDRICAL_SURF.,.F.,.F.,.F.)
B_SPLINE_SURFACE_WITH_KNOTS((4,4),(2,2),(0.5,1.),(0.045454545454536,0.954545454545464),
 .PIECEWISE_BEZIER_KNOTS.)
GEOMETRIC_REPRESENTATION_ITEM()
RATIONAL_B_SPLINE_SURFACE(((1.,1.),(0.333333333333333,0.333333333333333),
(0.333333333333333,0.333333333333333),(1.,1.)))
REPRESENTATION_ITEM('')
SURFACE()
);
#2558=(
BOUNDED_SURFACE()
B_SPLINE_SURFACE(3,1,((#5060,#5061),(#5062,#5063),(#5064,#5065),(#5066,
#5067)),.CYLINDRICAL_SURF.,.F.,.F.,.F.)
B_SPLINE_SURFACE_WITH_KNOTS((4,4),(2,2),(0.,0.5),(0.0454545454545404,0.954545454545464),
 .PIECEWISE_BEZIER_KNOTS.)
GEOMETRIC_REPRESENTATION_ITEM()
RATIONAL_B_SPLINE_SURFACE(((1.,1.),(0.333333333333333,0.333333333333333),
(0.333333333333333,0.333333333333333),(1.,1.)))
REPRESENTATION_ITEM('')
SURFACE()
);
#2559=(
BOUNDED_SURFACE()
B_SPLINE_SURFACE(3,1,((#5069,#5070),(#5071,#5072),(#5073,#5074),(#5075,
#5076)),.CYLINDRICAL_SURF.,.F.,.F.,.F.)
B_SPLINE_SURFACE_WITH_KNOTS((4,4),(2,2),(0.5,1.),(0.0454545454545426,0.954545454545451),
 .PIECEWISE_BEZIER_KNOTS.)
GEOMETRIC_REPRESENTATION_ITEM()
RATIONAL_B_SPLINE_SURFACE(((1.,1.),(0.333333333333333,0.333333333333333),
(0.333333333333333,0.333333333333333),(1.,1.)))
REPRESENTATION_ITEM('')
SURFACE()
);
#2560=(
BOUNDED_SURFACE()
B_SPLINE_SURFACE(3,1,((#5087,#5088),(#5089,#5090),(#5091,#5092),(#5093,
#5094)),.CYLINDRICAL_SURF.,.F.,.F.,.F.)
B_SPLINE_SURFACE_WITH_KNOTS((4,4),(2,2),(0.,0.5),(0.0454545454545485,0.954545454545451),
 .PIECEWISE_BEZIER_KNOTS.)
GEOMETRIC_REPRESENTATION_ITEM()
RATIONAL_B_SPLINE_SURFACE(((1.,1.),(0.333333333333333,0.333333333333333),
(0.333333333333333,0.333333333333333),(1.,1.)))
REPRESENTATION_ITEM('')
SURFACE()
);
#2561=(
BOUNDED_SURFACE()
B_SPLINE_SURFACE(3,1,((#5105,#5106),(#5107,#5108),(#5109,#5110),(#5111,
#5112)),.CYLINDRICAL_SURF.,.F.,.F.,.F.)
B_SPLINE_SURFACE_WITH_KNOTS((4,4),(2,2),(0.5,1.),(0.0454545454545471,0.954545454545455),
 .PIECEWISE_BEZIER_KNOTS.)
GEOMETRIC_REPRESENTATION_ITEM()
RATIONAL_B_SPLINE_SURFACE(((1.,1.),(0.333333333333333,0.333333333333333),
(0.333333333333333,0.333333333333333),(1.,1.)))
REPRESENTATION_ITEM('')
SURFACE()
);
#2562=(
BOUNDED_SURFACE()
B_SPLINE_SURFACE(3,1,((#5120,#5121),(#5122,#5123),(#5124,#5125),(#5126,
#5127)),.CYLINDRICAL_SURF.,.F.,.F.,.F.)
B_SPLINE_SURFACE_WITH_KNOTS((4,4),(2,2),(0.,0.5),(0.0454545454545437,0.954545454545451),
 .PIECEWISE_BEZIER_KNOTS.)
GEOMETRIC_REPRESENTATION_ITEM()
RATIONAL_B_SPLINE_SURFACE(((1.,1.),(0.333333333333333,0.333333333333333),
(0.333333333333333,0.333333333333333),(1.,1.)))
REPRESENTATION_ITEM('')
SURFACE()
);
#2563=ADVANCED_FACE('',(#2333),#2491,.F.);
#2564=ADVANCED_FACE('',(#2334,#2335,#2336,#2337),#2492,.T.);
#2565=ADVANCED_FACE('',(#2338),#2493,.F.);
#2566=ADVANCED_FACE('',(#2339),#2494,.F.);
#2567=ADVANCED_FACE('',(#2340),#2495,.F.);
#2568=ADVANCED_FACE('',(#2341),#2496,.F.);
#2569=ADVANCED_FACE('',(#2342),#2497,.F.);
#2570=ADVANCED_FACE('',(#2343),#2498,.F.);
#2571=ADVANCED_FACE('',(#2344),#2499,.F.);
#2572=ADVANCED_FACE('',(#2345),#2500,.F.);
#2573=ADVANCED_FACE('',(#2346),#2501,.F.);
#2574=ADVANCED_FACE('',(#2347),#2502,.F.);
#2575=ADVANCED_FACE('',(#2348),#2503,.F.);
#2576=ADVANCED_FACE('',(#2349),#2504,.F.);
#2577=ADVANCED_FACE('',(#2350),#2505,.F.);
#2578=ADVANCED_FACE('',(#2351),#2506,.F.);
#2579=ADVANCED_FACE('',(#2352),#2507,.F.);
#2580=ADVANCED_FACE('',(#2353),#2508,.F.);
#2581=ADVANCED_FACE('',(#2354,#2355),#75,.F.);
#2582=ADVANCED_FACE('',(#2356),#2509,.F.);
#2583=ADVANCED_FACE('',(#2357,#2358,#2359,#2360),#2510,.T.);
#2584=ADVANCED_FACE('',(#2361,#2362),#76,.T.);
#2585=ADVANCED_FACE('',(#2363),#77,.T.);
#2586=ADVANCED_FACE('',(#2364),#78,.F.);
#2587=ADVANCED_FACE('',(#2365),#79,.T.);
#2588=ADVANCED_FACE('',(#2366),#80,.T.);
#2589=ADVANCED_FACE('',(#2367),#81,.T.);
#2590=ADVANCED_FACE('',(#2368),#82,.T.);
#2591=ADVANCED_FACE('',(#2369),#83,.T.);
#2592=ADVANCED_FACE('',(#2370),#84,.F.);
#2593=ADVANCED_FACE('',(#2371),#85,.F.);
#2594=ADVANCED_FACE('',(#2372),#86,.F.);
#2595=ADVANCED_FACE('',(#2373),#87,.F.);
#2596=ADVANCED_FACE('',(#2374),#88,.F.);
#2597=ADVANCED_FACE('',(#2375),#89,.F.);
#2598=ADVANCED_FACE('',(#2376),#90,.F.);
#2599=ADVANCED_FACE('',(#2377),#91,.T.);
#2600=ADVANCED_FACE('',(#2378),#92,.F.);
#2601=ADVANCED_FACE('',(#2379),#93,.T.);
#2602=ADVANCED_FACE('',(#2380),#94,.T.);
#2603=ADVANCED_FACE('',(#2381),#95,.T.);
#2604=ADVANCED_FACE('',(#2382),#96,.T.);
#2605=ADVANCED_FACE('',(#2383),#97,.T.);
#2606=ADVANCED_FACE('',(#2384),#98,.F.);
#2607=ADVANCED_FACE('',(#2385),#99,.F.);
#2608=ADVANCED_FACE('',(#2386),#100,.F.);
#2609=ADVANCED_FACE('',(#2387),#101,.F.);
#2610=ADVANCED_FACE('',(#2388),#102,.F.);
#2611=ADVANCED_FACE('',(#2389),#103,.F.);
#2612=ADVANCED_FACE('',(#2390),#104,.F.);
#2613=ADVANCED_FACE('',(#2391),#105,.T.);
#2614=ADVANCED_FACE('',(#2392),#106,.F.);
#2615=ADVANCED_FACE('',(#2393),#107,.T.);
#2616=ADVANCED_FACE('',(#2394),#108,.T.);
#2617=ADVANCED_FACE('',(#2395),#109,.T.);
#2618=ADVANCED_FACE('',(#2396),#110,.T.);
#2619=ADVANCED_FACE('',(#2397),#111,.T.);
#2620=ADVANCED_FACE('',(#2398),#112,.F.);
#2621=ADVANCED_FACE('',(#2399),#113,.F.);
#2622=ADVANCED_FACE('',(#2400),#114,.F.);
#2623=ADVANCED_FACE('',(#2401),#115,.F.);
#2624=ADVANCED_FACE('',(#2402),#116,.F.);
#2625=ADVANCED_FACE('',(#2403),#117,.F.);
#2626=ADVANCED_FACE('',(#2404),#118,.F.);
#2627=ADVANCED_FACE('',(#2405),#119,.T.);
#2628=ADVANCED_FACE('',(#2406),#120,.F.);
#2629=ADVANCED_FACE('',(#2407),#121,.T.);
#2630=ADVANCED_FACE('',(#2408),#122,.T.);
#2631=ADVANCED_FACE('',(#2409),#123,.T.);
#2632=ADVANCED_FACE('',(#2410),#124,.T.);
#2633=ADVANCED_FACE('',(#2411),#125,.T.);
#2634=ADVANCED_FACE('',(#2412),#126,.F.);
#2635=ADVANCED_FACE('',(#2413),#127,.F.);
#2636=ADVANCED_FACE('',(#2414),#128,.F.);
#2637=ADVANCED_FACE('',(#2415),#129,.F.);
#2638=ADVANCED_FACE('',(#2416),#130,.F.);
#2639=ADVANCED_FACE('',(#2417),#131,.F.);
#2640=ADVANCED_FACE('',(#2418),#132,.F.);
#2641=ADVANCED_FACE('',(#2419),#133,.T.);
#2642=ADVANCED_FACE('',(#2420),#134,.F.);
#2643=ADVANCED_FACE('',(#2421),#135,.T.);
#2644=ADVANCED_FACE('',(#2422),#136,.F.);
#2645=ADVANCED_FACE('',(#2423),#137,.T.);
#2646=ADVANCED_FACE('',(#2424),#138,.F.);
#2647=ADVANCED_FACE('',(#2425),#139,.T.);
#2648=ADVANCED_FACE('',(#2426),#140,.F.);
#2649=ADVANCED_FACE('',(#2427),#2511,.T.);
#2650=ADVANCED_FACE('',(#2428),#2512,.T.);
#2651=ADVANCED_FACE('',(#2429),#2513,.T.);
#2652=ADVANCED_FACE('',(#2430),#2514,.T.);
#2653=ADVANCED_FACE('',(#2431),#2515,.T.);
#2654=ADVANCED_FACE('',(#2432),#2516,.T.);
#2655=ADVANCED_FACE('',(#2433),#2517,.T.);
#2656=ADVANCED_FACE('',(#2434),#2518,.T.);
#2657=ADVANCED_FACE('',(#2435),#2519,.T.);
#2658=ADVANCED_FACE('',(#2436),#2520,.T.);
#2659=ADVANCED_FACE('',(#2437),#2521,.T.);
#2660=ADVANCED_FACE('',(#2438),#2522,.T.);
#2661=ADVANCED_FACE('',(#2439),#2523,.T.);
#2662=ADVANCED_FACE('',(#2440),#2524,.T.);
#2663=ADVANCED_FACE('',(#2441),#2525,.T.);
#2664=ADVANCED_FACE('',(#2442),#2526,.T.);
#2665=ADVANCED_FACE('',(#2443),#2527,.T.);
#2666=ADVANCED_FACE('',(#2444),#2528,.T.);
#2667=ADVANCED_FACE('',(#2445),#2529,.T.);
#2668=ADVANCED_FACE('',(#2446),#2530,.T.);
#2669=ADVANCED_FACE('',(#2447),#2531,.T.);
#2670=ADVANCED_FACE('',(#2448),#2532,.T.);
#2671=ADVANCED_FACE('',(#2449),#2533,.T.);
#2672=ADVANCED_FACE('',(#2450),#2534,.T.);
#2673=ADVANCED_FACE('',(#2451),#2535,.T.);
#2674=ADVANCED_FACE('',(#2452),#2536,.T.);
#2675=ADVANCED_FACE('',(#2453),#2537,.T.);
#2676=ADVANCED_FACE('',(#2454),#2538,.T.);
#2677=ADVANCED_FACE('',(#2455),#2539,.T.);
#2678=ADVANCED_FACE('',(#2456),#2540,.T.);
#2679=ADVANCED_FACE('',(#2457),#2541,.T.);
#2680=ADVANCED_FACE('',(#2458),#2542,.T.);
#2681=ADVANCED_FACE('',(#2459),#2543,.T.);
#2682=ADVANCED_FACE('',(#2460),#2544,.T.);
#2683=ADVANCED_FACE('',(#2461),#2545,.T.);
#2684=ADVANCED_FACE('',(#2462),#2546,.T.);
#2685=ADVANCED_FACE('',(#2463),#2547,.T.);
#2686=ADVANCED_FACE('',(#2464),#2548,.T.);
#2687=ADVANCED_FACE('',(#2465),#2549,.T.);
#2688=ADVANCED_FACE('',(#2466),#2550,.T.);
#2689=ADVANCED_FACE('',(#2467),#2551,.T.);
#2690=ADVANCED_FACE('',(#2468),#2552,.F.);
#2691=ADVANCED_FACE('',(#2469,#2470),#141,.F.);
#2692=ADVANCED_FACE('',(#2471),#2553,.F.);
#2693=ADVANCED_FACE('',(#2472,#2473),#142,.F.);
#2694=ADVANCED_FACE('',(#2474),#2554,.T.);
#2695=ADVANCED_FACE('',(#2475),#2555,.F.);
#2696=ADVANCED_FACE('',(#2476),#2556,.T.);
#2697=ADVANCED_FACE('',(#2477,#2478),#143,.T.);
#2698=ADVANCED_FACE('',(#2479),#2557,.T.);
#2699=ADVANCED_FACE('',(#2480,#2481),#144,.T.);
#2700=ADVANCED_FACE('',(#2482),#2558,.F.);
#2701=ADVANCED_FACE('',(#2483),#2559,.F.);
#2702=ADVANCED_FACE('',(#2484),#2560,.T.);
#2703=ADVANCED_FACE('',(#2485),#2561,.T.);
#2704=ADVANCED_FACE('',(#2486,#2487),#145,.F.);
#2705=ADVANCED_FACE('',(#2488),#2562,.F.);
#2706=ADVANCED_FACE('',(#2489,#2490),#146,.F.);
#2707=CLOSED_SHELL('',(#2563,#2564,#2565,#2566,#2567,#2568,#2569,#2570,
#2571,#2572,#2573,#2574,#2575,#2576,#2577,#2578,#2579,#2580,#2581,#2582,
#2583,#2584,#2585,#2586,#2587,#2588,#2589,#2590,#2591,#2592,#2593,#2594,
#2595,#2596,#2597,#2598,#2599,#2600,#2601,#2602,#2603,#2604,#2605,#2606,
#2607,#2608,#2609,#2610,#2611,#2612,#2613,#2614,#2615,#2616,#2617,#2618,
#2619,#2620,#2621,#2622,#2623,#2624,#2625,#2626,#2627,#2628,#2629,#2630,
#2631,#2632,#2633,#2634,#2635,#2636,#2637,#2638,#2639,#2640,#2641,#2642,
#2643,#2644,#2645,#2646,#2647,#2648,#2649,#2650,#2651,#2652,#2653,#2654,
#2655,#2656,#2657,#2658,#2659,#2660,#2661,#2662,#2663,#2664,#2665,#2666,
#2667,#2668,#2669,#2670,#2671,#2672,#2673,#2674,#2675,#2676,#2677,#2678,
#2679,#2680,#2681,#2682,#2683,#2684,#2685,#2686,#2687,#2688));
#2708=CLOSED_SHELL('',(#2689,#2690,#2691,#2692,#2693,#2694));
#2709=CLOSED_SHELL('',(#2695,#2696,#2697,#2698,#2699,#2700));
#2710=CLOSED_SHELL('',(#2701,#2702,#2703,#2704,#2705,#2706));
#2711=STYLED_ITEM('',(#2715),#2740);
#2712=STYLED_ITEM('',(#2716),#2741);
#2713=STYLED_ITEM('',(#2717),#2742);
#2714=STYLED_ITEM('',(#2718),#2743);
#2715=PRESENTATION_STYLE_ASSIGNMENT((#2719));
#2716=PRESENTATION_STYLE_ASSIGNMENT((#2720));
#2717=PRESENTATION_STYLE_ASSIGNMENT((#2721));
#2718=PRESENTATION_STYLE_ASSIGNMENT((#2722));
#2719=SURFACE_STYLE_USAGE(.BOTH.,#2723);
#2720=SURFACE_STYLE_USAGE(.BOTH.,#2724);
#2721=SURFACE_STYLE_USAGE(.BOTH.,#2725);
#2722=SURFACE_STYLE_USAGE(.BOTH.,#2726);
#2723=SURFACE_SIDE_STYLE('',(#2727));
#2724=SURFACE_SIDE_STYLE('',(#2728));
#2725=SURFACE_SIDE_STYLE('',(#2729));
#2726=SURFACE_SIDE_STYLE('',(#2730));
#2727=SURFACE_STYLE_FILL_AREA(#2731);
#2728=SURFACE_STYLE_FILL_AREA(#2732);
#2729=SURFACE_STYLE_FILL_AREA(#2733);
#2730=SURFACE_STYLE_FILL_AREA(#2734);
#2731=FILL_AREA_STYLE('',(#2735));
#2732=FILL_AREA_STYLE('',(#2736));
#2733=FILL_AREA_STYLE('',(#2737));
#2734=FILL_AREA_STYLE('',(#2738));
#2735=FILL_AREA_STYLE_COLOUR('',#2739);
#2736=FILL_AREA_STYLE_COLOUR('',#10);
#2737=FILL_AREA_STYLE_COLOUR('',#10);
#2738=FILL_AREA_STYLE_COLOUR('',#10);
#2739=DRAUGHTING_PRE_DEFINED_COLOUR('white');
#2740=MANIFOLD_SOLID_BREP('motor_housing',#2707);
#2741=MANIFOLD_SOLID_BREP('mid_ring',#2708);
#2742=MANIFOLD_SOLID_BREP('lower_ring',#2709);
#2743=MANIFOLD_SOLID_BREP('upper_ring',#2710);
#2744=SHAPE_DEFINITION_REPRESENTATION(#5148,#2749);
#2745=SHAPE_DEFINITION_REPRESENTATION(#5149,#2750);
#2746=SHAPE_DEFINITION_REPRESENTATION(#5151,#2751);
#2747=SHAPE_DEFINITION_REPRESENTATION(#5153,#2752);
#2748=SHAPE_DEFINITION_REPRESENTATION(#5155,#2753);
#2749=SHAPE_REPRESENTATION('Assembly 1',(#2754,#2903,#2912,#2921,#2930),
#5135);
#2750=SHAPE_REPRESENTATION('motor_housing',(#2754),#5136);
#2751=SHAPE_REPRESENTATION('mid_ring',(#2754),#5137);
#2752=SHAPE_REPRESENTATION('lower_ring',(#2754),#5138);
#2753=SHAPE_REPRESENTATION('upper_ring',(#2754),#5139);
#2754=AXIS2_PLACEMENT_3D('',#3493,#2931,#2932);
#2755=AXIS2_PLACEMENT_3D('',#3502,#2933,#2934);
#2756=AXIS2_PLACEMENT_3D('',#3508,#2935,#2936);
#2757=AXIS2_PLACEMENT_3D('',#3523,#2938,#2939);
#2758=AXIS2_PLACEMENT_3D('',#3527,#2941,#2942);
#2759=AXIS2_PLACEMENT_3D('',#3531,#2944,#2945);
#2760=AXIS2_PLACEMENT_3D('',#3535,#2947,#2948);
#2761=AXIS2_PLACEMENT_3D('',#3539,#2950,#2951);
#2762=AXIS2_PLACEMENT_3D('',#3543,#2953,#2954);
#2763=AXIS2_PLACEMENT_3D('',#3544,#2955,#2956);
#2764=AXIS2_PLACEMENT_3D('',#3550,#2957,#2958);
#2765=AXIS2_PLACEMENT_3D('',#3554,#2960,#2961);
#2766=AXIS2_PLACEMENT_3D('',#3559,#2962,#2963);
#2767=AXIS2_PLACEMENT_3D('',#3564,#2964,#2965);
#2768=AXIS2_PLACEMENT_3D('',#3568,#2967,#2968);
#2769=AXIS2_PLACEMENT_3D('',#3583,#2970,#2971);
#2770=AXIS2_PLACEMENT_3D('',#3585,#2972,#2973);
#2771=AXIS2_PLACEMENT_3D('',#3586,#2974,#2975);
#2772=AXIS2_PLACEMENT_3D('',#3598,#2977,#2978);
#2773=AXIS2_PLACEMENT_3D('',#3599,#2979,#2980);
#2774=AXIS2_PLACEMENT_3D('',#3611,#2982,#2983);
#2775=AXIS2_PLACEMENT_3D('',#3612,#2984,#2985);
#2776=AXIS2_PLACEMENT_3D('',#3624,#2987,#2988);
#2777=AXIS2_PLACEMENT_3D('',#3625,#2989,#2990);
#2778=AXIS2_PLACEMENT_3D('',#3637,#2992,#2993);
#2779=AXIS2_PLACEMENT_3D('',#3638,#2994,#2995);
#2780=AXIS2_PLACEMENT_3D('',#3650,#2997,#2998);
#2781=AXIS2_PLACEMENT_3D('',#3652,#2999,#3000);
#2782=AXIS2_PLACEMENT_3D('',#3653,#3001,#3002);
#2783=AXIS2_PLACEMENT_3D('',#3665,#3004,#3005);
#2784=AXIS2_PLACEMENT_3D('',#3666,#3006,#3007);
#2785=AXIS2_PLACEMENT_3D('',#3678,#3009,#3010);
#2786=AXIS2_PLACEMENT_3D('',#3682,#3012,#3013);
#2787=AXIS2_PLACEMENT_3D('',#3694,#3015,#3016);
#2788=AXIS2_PLACEMENT_3D('',#3698,#3018,#3019);
#2789=AXIS2_PLACEMENT_3D('',#3710,#3021,#3022);
#2790=AXIS2_PLACEMENT_3D('',#3714,#3024,#3025);
#2791=AXIS2_PLACEMENT_3D('',#3726,#3027,#3028);
#2792=AXIS2_PLACEMENT_3D('',#3730,#3030,#3031);
#2793=AXIS2_PLACEMENT_3D('',#3742,#3033,#3034);
#2794=AXIS2_PLACEMENT_3D('',#3746,#3036,#3037);
#2795=AXIS2_PLACEMENT_3D('',#3758,#3039,#3040);
#2796=AXIS2_PLACEMENT_3D('',#3762,#3042,#3043);
#2797=AXIS2_PLACEMENT_3D('',#3774,#3045,#3046);
#2798=AXIS2_PLACEMENT_3D('',#3778,#3048,#3049);
#2799=AXIS2_PLACEMENT_3D('',#3780,#3050,#3051);
#2800=AXIS2_PLACEMENT_3D('',#3792,#3053,#3054);
#2801=AXIS2_PLACEMENT_3D('',#3796,#3056,#3057);
#2802=AXIS2_PLACEMENT_3D('',#3808,#3059,#3060);
#2803=AXIS2_PLACEMENT_3D('',#3809,#3061,#3062);
#2804=AXIS2_PLACEMENT_3D('',#3814,#3063,#3064);
#2805=AXIS2_PLACEMENT_3D('',#3815,#3065,#3066);
#2806=AXIS2_PLACEMENT_3D('',#3824,#3067,#3068);
#2807=AXIS2_PLACEMENT_3D('',#3833,#3069,#3070);
#2808=AXIS2_PLACEMENT_3D('',#3834,#3071,#3072);
#2809=AXIS2_PLACEMENT_3D('',#3835,#3073,#3074);
#2810=AXIS2_PLACEMENT_3D('',#3836,#3075,#3076);
#2811=AXIS2_PLACEMENT_3D('',#3837,#3077,#3078);
#2812=AXIS2_PLACEMENT_3D('',#3838,#3079,#3080);
#2813=AXIS2_PLACEMENT_3D('',#3839,#3081,#3082);
#2814=AXIS2_PLACEMENT_3D('',#3840,#3083,#3084);
#2815=AXIS2_PLACEMENT_3D('',#3841,#3085,#3086);
#2816=AXIS2_PLACEMENT_3D('',#3842,#3087,#3088);
#2817=AXIS2_PLACEMENT_3D('',#3843,#3089,#3090);
#2818=AXIS2_PLACEMENT_3D('',#3855,#3092,#3093);
#2819=AXIS2_PLACEMENT_3D('',#3864,#3098,#3099);
#2820=AXIS2_PLACEMENT_3D('',#3876,#3103,#3104);
#2821=AXIS2_PLACEMENT_3D('',#3884,#3108,#3109);
#2822=AXIS2_PLACEMENT_3D('',#3914,#3117,#3118);
#2823=AXIS2_PLACEMENT_3D('',#3936,#3127,#3128);
#2824=AXIS2_PLACEMENT_3D('',#3954,#3135,#3136);
#2825=AXIS2_PLACEMENT_3D('',#3958,#3138,#3139);
#2826=AXIS2_PLACEMENT_3D('',#3999,#3152,#3153);
#2827=AXIS2_PLACEMENT_3D('',#4007,#3157,#3158);
#2828=AXIS2_PLACEMENT_3D('',#4020,#3163,#3164);
#2829=AXIS2_PLACEMENT_3D('',#4029,#3169,#3170);
#2830=AXIS2_PLACEMENT_3D('',#4058,#3177,#3178);
#2831=AXIS2_PLACEMENT_3D('',#4080,#3187,#3188);
#2832=AXIS2_PLACEMENT_3D('',#4098,#3195,#3196);
#2833=AXIS2_PLACEMENT_3D('',#4102,#3198,#3199);
#2834=AXIS2_PLACEMENT_3D('',#4143,#3212,#3213);
#2835=AXIS2_PLACEMENT_3D('',#4151,#3217,#3218);
#2836=AXIS2_PLACEMENT_3D('',#4164,#3223,#3224);
#2837=AXIS2_PLACEMENT_3D('',#4173,#3229,#3230);
#2838=AXIS2_PLACEMENT_3D('',#4202,#3237,#3238);
#2839=AXIS2_PLACEMENT_3D('',#4224,#3247,#3248);
#2840=AXIS2_PLACEMENT_3D('',#4242,#3255,#3256);
#2841=AXIS2_PLACEMENT_3D('',#4246,#3258,#3259);
#2842=AXIS2_PLACEMENT_3D('',#4287,#3272,#3273);
#2843=AXIS2_PLACEMENT_3D('',#4295,#3277,#3278);
#2844=AXIS2_PLACEMENT_3D('',#4308,#3283,#3284);
#2845=AXIS2_PLACEMENT_3D('',#4317,#3289,#3290);
#2846=AXIS2_PLACEMENT_3D('',#4346,#3297,#3298);
#2847=AXIS2_PLACEMENT_3D('',#4368,#3307,#3308);
#2848=AXIS2_PLACEMENT_3D('',#4386,#3315,#3316);
#2849=AXIS2_PLACEMENT_3D('',#4390,#3318,#3319);
#2850=AXIS2_PLACEMENT_3D('',#4470,#3331,#3332);
#2851=AXIS2_PLACEMENT_3D('',#4472,#3333,#3334);
#2852=AXIS2_PLACEMENT_3D('',#4474,#3335,#3336);
#2853=AXIS2_PLACEMENT_3D('',#4475,#3337,#3338);
#2854=AXIS2_PLACEMENT_3D('',#4506,#3339,#3340);
#2855=AXIS2_PLACEMENT_3D('',#4508,#3341,#3342);
#2856=AXIS2_PLACEMENT_3D('',#4510,#3343,#3344);
#2857=AXIS2_PLACEMENT_3D('',#4511,#3345,#3346);
#2858=AXIS2_PLACEMENT_3D('',#4542,#3347,#3348);
#2859=AXIS2_PLACEMENT_3D('',#4544,#3349,#3350);
#2860=AXIS2_PLACEMENT_3D('',#4546,#3351,#3352);
#2861=AXIS2_PLACEMENT_3D('',#4547,#3353,#3354);
#2862=AXIS2_PLACEMENT_3D('',#4578,#3355,#3356);
#2863=AXIS2_PLACEMENT_3D('',#4580,#3357,#3358);
#2864=AXIS2_PLACEMENT_3D('',#4582,#3359,#3360);
#2865=AXIS2_PLACEMENT_3D('',#4583,#3361,#3362);
#2866=AXIS2_PLACEMENT_3D('',#4608,#3363,#3364);
#2867=AXIS2_PLACEMENT_3D('',#4610,#3365,#3366);
#2868=AXIS2_PLACEMENT_3D('',#4619,#3367,#3368);
#2869=AXIS2_PLACEMENT_3D('',#4621,#3369,#3370);
#2870=AXIS2_PLACEMENT_3D('',#4638,#3371,#3372);
#2871=AXIS2_PLACEMENT_3D('',#4647,#3373,#3374);
#2872=AXIS2_PLACEMENT_3D('',#4664,#3375,#3376);
#2873=AXIS2_PLACEMENT_3D('',#4673,#3377,#3378);
#2874=AXIS2_PLACEMENT_3D('',#4675,#3379,#3380);
#2875=AXIS2_PLACEMENT_3D('',#4692,#3381,#3382);
#2876=AXIS2_PLACEMENT_3D('',#4694,#3383,#3384);
#2877=AXIS2_PLACEMENT_3D('',#4696,#3385,#3386);
#2878=AXIS2_PLACEMENT_3D('',#4697,#3387,#3388);
#2879=AXIS2_PLACEMENT_3D('',#4722,#3389,#3390);
#2880=AXIS2_PLACEMENT_3D('',#4731,#3391,#3392);
#2881=AXIS2_PLACEMENT_3D('',#4748,#3393,#3394);
#2882=AXIS2_PLACEMENT_3D('',#4757,#3395,#3396);
#2883=AXIS2_PLACEMENT_3D('',#4759,#3397,#3398);
#2884=AXIS2_PLACEMENT_3D('',#4776,#3399,#3400);
#2885=AXIS2_PLACEMENT_3D('',#4778,#3401,#3402);
#2886=AXIS2_PLACEMENT_3D('',#4787,#3403,#3404);
#2887=AXIS2_PLACEMENT_3D('',#4804,#3405,#3406);
#2888=AXIS2_PLACEMENT_3D('',#4813,#3407,#3408);
#2889=AXIS2_PLACEMENT_3D('',#4830,#3409,#3410);
#2890=AXIS2_PLACEMENT_3D('',#4832,#3411,#3412);
#2891=AXIS2_PLACEMENT_3D('',#4841,#3413,#3414);
#2892=AXIS2_PLACEMENT_3D('',#4843,#3415,#3416);
#2893=AXIS2_PLACEMENT_3D('',#4860,#3417,#3418);
#2894=AXIS2_PLACEMENT_3D('',#4862,#3419,#3420);
#2895=AXIS2_PLACEMENT_3D('',#4871,#3421,#3422);
#2896=AXIS2_PLACEMENT_3D('',#4873,#3423,#3424);
#2897=AXIS2_PLACEMENT_3D('',#4890,#3425,#3426);
#2898=AXIS2_PLACEMENT_3D('',#4899,#3427,#3428);
#2899=AXIS2_PLACEMENT_3D('',#4901,#3429,#3430);
#2900=AXIS2_PLACEMENT_3D('',#4918,#3431,#3432);
#2901=AXIS2_PLACEMENT_3D('',#4927,#3433,#3434);
#2902=AXIS2_PLACEMENT_3D('',#4929,#3435,#3436);
#2903=AXIS2_PLACEMENT_3D('',#4938,#3437,#3438);
#2904=AXIS2_PLACEMENT_3D('',#4947,#3439,#3440);
#2905=AXIS2_PLACEMENT_3D('',#4953,#3441,#3442);
#2906=AXIS2_PLACEMENT_3D('',#4965,#3443,#3444);
#2907=AXIS2_PLACEMENT_3D('',#4971,#3445,#3446);
#2908=AXIS2_PLACEMENT_3D('',#4979,#3447,#3448);
#2909=AXIS2_PLACEMENT_3D('',#4980,#3449,#3450);
#2910=AXIS2_PLACEMENT_3D('',#4989,#3451,#3452);
#2911=AXIS2_PLACEMENT_3D('',#4994,#3453,#3454);
#2912=AXIS2_PLACEMENT_3D('',#5003,#3455,#3456);
#2913=AXIS2_PLACEMENT_3D('',#5012,#3457,#3458);
#2914=AXIS2_PLACEMENT_3D('',#5018,#3459,#3460);
#2915=AXIS2_PLACEMENT_3D('',#5030,#3461,#3462);
#2916=AXIS2_PLACEMENT_3D('',#5036,#3463,#3464);
#2917=AXIS2_PLACEMENT_3D('',#5044,#3465,#3466);
#2918=AXIS2_PLACEMENT_3D('',#5045,#3467,#3468);
#2919=AXIS2_PLACEMENT_3D('',#5054,#3469,#3470);
#2920=AXIS2_PLACEMENT_3D('',#5059,#3471,#3472);
#2921=AXIS2_PLACEMENT_3D('',#5068,#3473,#3474);
#2922=AXIS2_PLACEMENT_3D('',#5077,#3475,#3476);
#2923=AXIS2_PLACEMENT_3D('',#5083,#3477,#3478);
#2924=AXIS2_PLACEMENT_3D('',#5095,#3479,#3480);
#2925=AXIS2_PLACEMENT_3D('',#5101,#3481,#3482);
#2926=AXIS2_PLACEMENT_3D('',#5113,#3483,#3484);
#2927=AXIS2_PLACEMENT_3D('',#5114,#3485,#3486);
#2928=AXIS2_PLACEMENT_3D('',#5119,#3487,#3488);
#2929=AXIS2_PLACEMENT_3D('',#5128,#3489,#3490);
#2930=AXIS2_PLACEMENT_3D('',#5133,#3491,#3492);
#2931=DIRECTION('',(0.,0.,1.));
#2932=DIRECTION('',(1.,0.,0.));
#2933=DIRECTION('',(0.,0.,-1.));
#2934=DIRECTION('',(-1.,0.,0.));
#2935=DIRECTION('',(0.,0.,-1.));
#2936=DIRECTION('',(-1.,0.,0.));
#2937=DIRECTION('',(0.,0.,-1.));
#2938=DIRECTION('',(-4.32978028117746E-17,-4.32978028117746E-17,1.));
#2939=DIRECTION('',(1.,0.,4.32978028117746E-17));
#2940=DIRECTION('',(0.,0.,-1.));
#2941=DIRECTION('',(4.32978028117746E-17,4.32978028117746E-17,-1.));
#2942=DIRECTION('',(0.,1.,4.32978028117746E-17));
#2943=DIRECTION('',(0.,0.,-1.));
#2944=DIRECTION('',(0.,0.,-1.));
#2945=DIRECTION('',(-1.,0.,0.));
#2946=DIRECTION('',(0.,0.,-1.));
#2947=DIRECTION('',(0.,0.,1.));
#2948=DIRECTION('',(1.,0.,0.));
#2949=DIRECTION('',(0.,0.,-1.));
#2950=DIRECTION('',(-4.32978028117746E-17,4.32978028117746E-17,1.));
#2951=DIRECTION('',(1.,0.,4.32978028117746E-17));
#2952=DIRECTION('',(0.,0.,-1.));
#2953=DIRECTION('',(4.32978028117746E-17,-4.32978028117746E-17,-1.));
#2954=DIRECTION('',(-1.,0.,-4.32978028117746E-17));
#2955=DIRECTION('',(0.,0.,-1.));
#2956=DIRECTION('',(-1.,0.,0.));
#2957=DIRECTION('',(0.,0.,1.));
#2958=DIRECTION('',(1.,0.,0.));
#2959=DIRECTION('',(0.,0.,-1.));
#2960=DIRECTION('',(0.,0.,-1.));
#2961=DIRECTION('',(-1.,0.,0.));
#2962=DIRECTION('',(0.,0.,1.));
#2963=DIRECTION('',(1.,0.,0.));
#2964=DIRECTION('',(0.,0.,-1.));
#2965=DIRECTION('',(-1.,0.,0.));
#2966=DIRECTION('',(0.,0.,-1.));
#2967=DIRECTION('',(0.,0.,1.));
#2968=DIRECTION('',(1.,0.,0.));
#2969=DIRECTION('',(-4.32978028117746E-17,4.32978028117746E-17,1.));
#2970=DIRECTION('',(4.32978028117746E-17,-4.32978028117746E-17,-1.));
#2971=DIRECTION('',(-1.,0.,-4.32978028117746E-17));
#2972=DIRECTION('',(4.32978028117746E-17,-4.32978028117746E-17,-1.));
#2973=DIRECTION('',(-1.,0.,-4.32978028117746E-17));
#2974=DIRECTION('',(-4.32978028117746E-17,4.32978028117746E-17,1.));
#2975=DIRECTION('',(1.,0.,4.32978028117746E-17));
#2976=DIRECTION('',(4.32978028117746E-17,-4.32978028117746E-17,-1.));
#2977=DIRECTION('',(-4.32978028117746E-17,4.32978028117746E-17,1.));
#2978=DIRECTION('',(1.,0.,4.32978028117746E-17));
#2979=DIRECTION('',(4.32978028117746E-17,-4.32978028117746E-17,-1.));
#2980=DIRECTION('',(-1.,0.,-4.32978028117746E-17));
#2981=DIRECTION('',(0.,0.,-1.));
#2982=DIRECTION('',(0.,0.,1.));
#2983=DIRECTION('',(1.,0.,0.));
#2984=DIRECTION('',(0.,0.,-1.));
#2985=DIRECTION('',(-1.,0.,0.));
#2986=DIRECTION('',(0.,0.,1.));
#2987=DIRECTION('',(0.,0.,-1.));
#2988=DIRECTION('',(-1.,0.,0.));
#2989=DIRECTION('',(0.,0.,1.));
#2990=DIRECTION('',(1.,0.,0.));
#2991=DIRECTION('',(-4.32978028117746E-17,-4.32978028117746E-17,1.));
#2992=DIRECTION('',(4.32978028117746E-17,4.32978028117746E-17,-1.));
#2993=DIRECTION('',(0.,1.,4.32978028117746E-17));
#2994=DIRECTION('',(-4.32978028117746E-17,-4.32978028117746E-17,1.));
#2995=DIRECTION('',(1.,0.,4.32978028117746E-17));
#2996=DIRECTION('',(4.32978028117746E-17,4.32978028117746E-17,-1.));
#2997=DIRECTION('',(-4.32978028117746E-17,-4.32978028117746E-17,1.));
#2998=DIRECTION('',(1.,0.,4.32978028117746E-17));
#2999=DIRECTION('',(-4.32978028117746E-17,-4.32978028117746E-17,1.));
#3000=DIRECTION('',(1.,0.,4.32978028117746E-17));
#3001=DIRECTION('',(4.32978028117746E-17,4.32978028117746E-17,-1.));
#3002=DIRECTION('',(0.,1.,4.32978028117746E-17));
#3003=DIRECTION('',(0.,0.,-1.));
#3004=DIRECTION('',(0.,0.,1.));
#3005=DIRECTION('',(1.,0.,0.));
#3006=DIRECTION('',(0.,0.,-1.));
#3007=DIRECTION('',(-1.,0.,0.));
#3008=DIRECTION('',(0.,0.,1.));
#3009=DIRECTION('',(0.,0.,-1.));
#3010=DIRECTION('',(-1.,0.,0.));
#3011=DIRECTION('',(0.,0.,-1.));
#3012=DIRECTION('',(0.,0.,1.));
#3013=DIRECTION('',(1.,0.,0.));
#3014=DIRECTION('',(4.32978028117746E-17,-4.32978028117746E-17,1.));
#3015=DIRECTION('',(-4.32978028117746E-17,4.32978028117746E-17,-1.));
#3016=DIRECTION('',(-1.,0.,4.32978028117746E-17));
#3017=DIRECTION('',(0.,0.,-1.));
#3018=DIRECTION('',(4.32978028117746E-17,-4.32978028117746E-17,1.));
#3019=DIRECTION('',(0.,-1.,-4.32978028117746E-17));
#3020=DIRECTION('',(-4.32978028117746E-17,4.32978028117747E-17,-1.));
#3021=DIRECTION('',(4.32978028117746E-17,-4.32978028117746E-17,1.));
#3022=DIRECTION('',(0.,-1.,-4.32978028117746E-17));
#3023=DIRECTION('',(0.,0.,-1.));
#3024=DIRECTION('',(-4.32978028117746E-17,4.32978028117746E-17,-1.));
#3025=DIRECTION('',(-1.,0.,4.32978028117746E-17));
#3026=DIRECTION('',(0.,0.,-1.));
#3027=DIRECTION('',(0.,0.,1.));
#3028=DIRECTION('',(1.,0.,0.));
#3029=DIRECTION('',(0.,0.,-1.));
#3030=DIRECTION('',(0.,0.,-1.));
#3031=DIRECTION('',(-1.,0.,0.));
#3032=DIRECTION('',(0.,0.,1.));
#3033=DIRECTION('',(0.,0.,-1.));
#3034=DIRECTION('',(-1.,0.,0.));
#3035=DIRECTION('',(0.,0.,-1.));
#3036=DIRECTION('',(0.,0.,1.));
#3037=DIRECTION('',(1.,0.,0.));
#3038=DIRECTION('',(4.32978028117746E-17,4.32978028117746E-17,1.));
#3039=DIRECTION('',(-4.32978028117746E-17,-4.32978028117746E-17,-1.));
#3040=DIRECTION('',(-1.,0.,4.32978028117746E-17));
#3041=DIRECTION('',(0.,0.,-1.));
#3042=DIRECTION('',(4.32978028117746E-17,4.32978028117746E-17,1.));
#3043=DIRECTION('',(1.,0.,-4.32978028117746E-17));
#3044=DIRECTION('',(-4.32978028117747E-17,-4.32978028117746E-17,-1.));
#3045=DIRECTION('',(4.32978028117746E-17,4.32978028117746E-17,1.));
#3046=DIRECTION('',(1.,0.,-4.32978028117746E-17));
#3047=DIRECTION('',(0.,0.,-1.));
#3048=DIRECTION('',(-4.32978028117746E-17,-4.32978028117746E-17,-1.));
#3049=DIRECTION('',(-1.,0.,4.32978028117746E-17));
#3050=DIRECTION('',(-4.32978028117746E-17,-4.32978028117746E-17,-1.));
#3051=DIRECTION('',(-1.,0.,4.32978028117746E-17));
#3052=DIRECTION('',(0.,0.,-1.));
#3053=DIRECTION('',(0.,0.,1.));
#3054=DIRECTION('',(1.,0.,0.));
#3055=DIRECTION('',(0.,0.,-1.));
#3056=DIRECTION('',(0.,0.,-1.));
#3057=DIRECTION('',(-1.,0.,0.));
#3058=DIRECTION('',(0.,0.,1.));
#3059=DIRECTION('',(0.,0.,-1.));
#3060=DIRECTION('',(-1.,0.,0.));
#3061=DIRECTION('',(0.,0.,1.));
#3062=DIRECTION('',(1.,0.,0.));
#3063=DIRECTION('',(0.,0.,-1.));
#3064=DIRECTION('',(-1.,0.,0.));
#3065=DIRECTION('',(0.,0.,-1.));
#3066=DIRECTION('',(-1.,0.,0.));
#3067=DIRECTION('',(0.,0.,-1.));
#3068=DIRECTION('',(-1.,0.,0.));
#3069=DIRECTION('',(0.,0.,1.));
#3070=DIRECTION('',(1.,0.,0.));
#3071=DIRECTION('',(0.,0.,-1.));
#3072=DIRECTION('',(-1.,0.,0.));
#3073=DIRECTION('',(0.,0.,1.));
#3074=DIRECTION('',(1.,0.,0.));
#3075=DIRECTION('',(0.,0.,-1.));
#3076=DIRECTION('',(-1.,0.,0.));
#3077=DIRECTION('',(0.,0.,1.));
#3078=DIRECTION('',(1.,0.,0.));
#3079=DIRECTION('',(4.32978028117746E-17,-4.32978028117746E-17,1.));
#3080=DIRECTION('',(0.,-1.,-4.32978028117746E-17));
#3081=DIRECTION('',(-4.32978028117746E-17,4.32978028117746E-17,-1.));
#3082=DIRECTION('',(-1.,0.,4.32978028117746E-17));
#3083=DIRECTION('',(0.,0.,-1.));
#3084=DIRECTION('',(-1.,0.,0.));
#3085=DIRECTION('',(0.,0.,1.));
#3086=DIRECTION('',(1.,0.,0.));
#3087=DIRECTION('',(4.32978028117746E-17,4.32978028117746E-17,1.));
#3088=DIRECTION('',(1.,0.,-4.32978028117746E-17));
#3089=DIRECTION('',(-4.32978028117746E-17,-4.32978028117746E-17,-1.));
#3090=DIRECTION('',(-1.,0.,4.32978028117746E-17));
#3091=DIRECTION('',(0.707106781186548,0.,-0.707106781186547));
#3092=DIRECTION('',(0.,-1.,0.));
#3093=DIRECTION('',(0.,0.,-1.));
#3094=DIRECTION('',(-2.56996070515082E-16,0.,1.));
#3095=DIRECTION('',(1.,0.,0.));
#3096=DIRECTION('',(-1.,0.,0.));
#3097=DIRECTION('',(0.,0.,1.));
#3098=DIRECTION('',(0.,-1.,0.));
#3099=DIRECTION('',(0.,0.,-1.));
#3100=DIRECTION('',(-0.707106781186547,0.,-0.707106781186548));
#3101=DIRECTION('',(1.6326809185664E-16,0.,-1.));
#3102=DIRECTION('',(-2.56996070515082E-16,0.,1.));
#3103=DIRECTION('',(0.,-1.,0.));
#3104=DIRECTION('',(0.,0.,-1.));
#3105=DIRECTION('',(0.707106781186548,0.,-0.707106781186547));
#3106=DIRECTION('',(1.6326809185664E-16,0.,-1.));
#3107=DIRECTION('',(-0.707106781186547,0.,-0.707106781186548));
#3108=DIRECTION('',(0.,-1.,0.));
#3109=DIRECTION('',(0.,0.,-1.));
#3110=DIRECTION('',(0.,0.,1.));
#3111=DIRECTION('',(-1.,0.,0.));
#3112=DIRECTION('',(1.,0.,0.));
#3113=DIRECTION('',(0.,1.,0.));
#3114=DIRECTION('',(0.,1.,0.));
#3115=DIRECTION('',(0.,1.,0.));
#3116=DIRECTION('',(0.,1.,0.));
#3117=DIRECTION('',(0.707106781186548,0.707106781186548,-6.12323399573677E-17));
#3118=DIRECTION('',(-0.707106781186548,0.707106781186548,0.));
#3119=DIRECTION('',(0.525482745498759,-0.525482745498759,-0.669130606358858));
#3120=DIRECTION('',(-4.32978028117747E-17,-4.32978028117746E-17,-1.));
#3121=DIRECTION('',(-0.683676236709458,0.683676236709458,0.255291219429082));
#3122=DIRECTION('',(-0.707106781186548,0.707106781186548,0.));
#3123=DIRECTION('',(0.707106781186547,-0.707106781186548,6.79815536723446E-33));
#3124=DIRECTION('',(-6.98403707161104E-18,9.35796426951604E-17,1.));
#3125=DIRECTION('',(-4.32978028117747E-17,-4.32978028117746E-17,-1.));
#3126=DIRECTION('',(0.525482745498759,-0.525482745498759,-0.669130606358858));
#3127=DIRECTION('',(0.707106781186548,0.707106781186548,-6.12323399573677E-17));
#3128=DIRECTION('',(-0.707106781186548,0.707106781186548,0.));
#3129=DIRECTION('',(-6.98403707161104E-18,9.35796426951604E-17,1.));
#3130=DIRECTION('',(0.707106781186547,-0.707106781186548,6.79815536723446E-33));
#3131=DIRECTION('',(-0.707106781186548,0.707106781186548,0.));
#3132=DIRECTION('',(0.683676236709458,-0.683676236709458,-0.255291219429082));
#3133=DIRECTION('',(-0.707106781186548,-0.707106781186548,-8.89559483923653E-17));
#3134=DIRECTION('',(-0.707106781186548,-0.707106781186548,6.12323399573677E-17));
#3135=DIRECTION('',(-0.707106781186548,0.707106781186548,0.));
#3136=DIRECTION('',(0.,0.,1.));
#3137=DIRECTION('',(-0.707106781186548,-0.707106781186548,-8.89559483923653E-17));
#3138=DIRECTION('',(-0.707106781186548,0.707106781186548,0.));
#3139=DIRECTION('',(0.,0.,-1.));
#3140=DIRECTION('',(-0.177335961186117,-0.177335961186117,0.968041276878415));
#3141=DIRECTION('',(-0.707106781186548,-0.707106781186548,6.12323399573677E-17));
#3142=DIRECTION('',(0.177335961186115,0.177335961186115,0.968041276878415));
#3143=DIRECTION('',(-0.707106781186548,-0.707106781186548,6.12323399573677E-17));
#3144=DIRECTION('',(0.683676236709458,-0.683676236709458,-0.255291219429082));
#3145=DIRECTION('',(-0.683676236709458,0.683676236709458,0.255291219429082));
#3146=DIRECTION('',(-0.707106781186548,-0.707106781186548,6.12323399573677E-17));
#3147=DIRECTION('',(-0.177335961186115,-0.177335961186115,-0.968041276878415));
#3148=DIRECTION('',(0.177335961186117,0.177335961186117,-0.968041276878415));
#3149=DIRECTION('',(-0.753715119993958,0.657201276545088,3.91715232225378E-18));
#3150=DIRECTION('',(-0.657201276545087,0.753715119993959,-3.91715232225384E-18));
#3151=DIRECTION('',(0.,0.,1.));
#3152=DIRECTION('',(-1.,-6.12323399573677E-17,0.));
#3153=DIRECTION('',(6.12323399573677E-17,-1.,0.));
#3154=DIRECTION('',(-4.32978028117746E-17,0.707106781186547,-0.707106781186548));
#3155=DIRECTION('',(9.99728730475655E-33,-1.6326809185664E-16,-1.));
#3156=DIRECTION('',(4.32978028117747E-17,-0.707106781186548,-0.707106781186547));
#3157=DIRECTION('',(-1.,-6.12323399573677E-17,0.));
#3158=DIRECTION('',(6.12323399573677E-17,-1.,0.));
#3159=DIRECTION('',(-1.57364707574871E-32,2.56996070515082E-16,1.));
#3160=DIRECTION('',(6.12323399573677E-17,-1.,0.));
#3161=DIRECTION('',(-6.12323399573677E-17,1.,0.));
#3162=DIRECTION('',(-4.32978028117746E-17,0.707106781186547,-0.707106781186548));
#3163=DIRECTION('',(-1.,-6.12323399573677E-17,0.));
#3164=DIRECTION('',(6.12323399573677E-17,-1.,0.));
#3165=DIRECTION('',(0.,0.,1.));
#3166=DIRECTION('',(-6.12323399573677E-17,1.,0.));
#3167=DIRECTION('',(6.12323399573677E-17,-1.,0.));
#3168=DIRECTION('',(-1.57364707574871E-32,2.56996070515082E-16,1.));
#3169=DIRECTION('',(-1.,-6.12323399573677E-17,0.));
#3170=DIRECTION('',(6.12323399573677E-17,-1.,0.));
#3171=DIRECTION('',(4.32978028117747E-17,-0.707106781186548,-0.707106781186547));
#3172=DIRECTION('',(9.99728730475655E-33,-1.6326809185664E-16,-1.));
#3173=DIRECTION('',(1.,6.12323399573677E-17,-1.05208578180918E-32));
#3174=DIRECTION('',(1.,6.12323399573677E-17,0.));
#3175=DIRECTION('',(1.,6.12323399573677E-17,0.));
#3176=DIRECTION('',(1.,6.12323399573677E-17,-1.05208578180918E-32));
#3177=DIRECTION('',(0.707106781186548,-0.707106781186548,-6.12323399573677E-17));
#3178=DIRECTION('',(0.707106781186548,0.707106781186548,0.));
#3179=DIRECTION('',(-0.525482745498759,-0.525482745498759,-0.669130606358858));
#3180=DIRECTION('',(-4.32978028117746E-17,4.32978028117747E-17,-1.));
#3181=DIRECTION('',(0.683676236709458,0.683676236709458,0.255291219429082));
#3182=DIRECTION('',(0.707106781186548,0.707106781186548,0.));
#3183=DIRECTION('',(-0.707106781186548,-0.707106781186547,6.79815536723446E-33));
#3184=DIRECTION('',(9.35796426951604E-17,6.98403707161105E-18,1.));
#3185=DIRECTION('',(-4.32978028117746E-17,4.32978028117747E-17,-1.));
#3186=DIRECTION('',(-0.525482745498759,-0.525482745498759,-0.669130606358858));
#3187=DIRECTION('',(0.707106781186548,-0.707106781186548,-6.12323399573677E-17));
#3188=DIRECTION('',(0.707106781186548,0.707106781186548,0.));
#3189=DIRECTION('',(9.35796426951604E-17,6.98403707161105E-18,1.));
#3190=DIRECTION('',(-0.707106781186548,-0.707106781186547,6.79815536723446E-33));
#3191=DIRECTION('',(0.707106781186548,0.707106781186548,0.));
#3192=DIRECTION('',(-0.683676236709458,-0.683676236709458,-0.255291219429082));
#3193=DIRECTION('',(-0.707106781186548,0.707106781186548,-8.89559483923653E-17));
#3194=DIRECTION('',(-0.707106781186548,0.707106781186548,6.12323399573677E-17));
#3195=DIRECTION('',(0.707106781186548,0.707106781186548,0.));
#3196=DIRECTION('',(0.,0.,1.));
#3197=DIRECTION('',(-0.707106781186548,0.707106781186548,-8.89559483923653E-17));
#3198=DIRECTION('',(0.707106781186548,0.707106781186548,0.));
#3199=DIRECTION('',(0.,0.,-1.));
#3200=DIRECTION('',(-0.177335961186117,0.177335961186117,0.968041276878415));
#3201=DIRECTION('',(-0.707106781186548,0.707106781186548,6.12323399573677E-17));
#3202=DIRECTION('',(0.177335961186115,-0.177335961186115,0.968041276878415));
#3203=DIRECTION('',(-0.707106781186548,0.707106781186548,6.12323399573677E-17));
#3204=DIRECTION('',(-0.683676236709458,-0.683676236709458,-0.255291219429082));
#3205=DIRECTION('',(0.683676236709458,0.683676236709458,0.255291219429082));
#3206=DIRECTION('',(-0.707106781186548,0.707106781186548,6.12323399573677E-17));
#3207=DIRECTION('',(-0.177335961186115,0.177335961186115,-0.968041276878415));
#3208=DIRECTION('',(0.177335961186117,-0.177335961186117,-0.968041276878415));
#3209=DIRECTION('',(0.657201276545088,0.753715119993958,3.91715232225378E-18));
#3210=DIRECTION('',(0.753715119993959,0.657201276545087,-3.91715232225384E-18));
#3211=DIRECTION('',(0.,0.,1.));
#3212=DIRECTION('',(-1.22464679914735E-16,1.,0.));
#3213=DIRECTION('',(-1.,-1.22464679914735E-16,0.));
#3214=DIRECTION('',(0.707106781186547,8.65956056235493E-17,-0.707106781186548));
#3215=DIRECTION('',(-1.6326809185664E-16,-1.99945746095131E-32,-1.));
#3216=DIRECTION('',(-0.707106781186548,-8.65956056235494E-17,-0.707106781186547));
#3217=DIRECTION('',(-1.22464679914735E-16,1.,0.));
#3218=DIRECTION('',(-1.,-1.22464679914735E-16,0.));
#3219=DIRECTION('',(2.56996070515082E-16,3.14729415149743E-32,1.));
#3220=DIRECTION('',(-1.,-1.22464679914735E-16,0.));
#3221=DIRECTION('',(1.,1.22464679914735E-16,0.));
#3222=DIRECTION('',(0.707106781186547,8.65956056235493E-17,-0.707106781186548));
#3223=DIRECTION('',(-1.22464679914735E-16,1.,0.));
#3224=DIRECTION('',(-1.,-1.22464679914735E-16,0.));
#3225=DIRECTION('',(0.,0.,1.));
#3226=DIRECTION('',(1.,1.22464679914735E-16,0.));
#3227=DIRECTION('',(-1.,-1.22464679914735E-16,0.));
#3228=DIRECTION('',(2.56996070515082E-16,3.14729415149743E-32,1.));
#3229=DIRECTION('',(-1.22464679914735E-16,1.,0.));
#3230=DIRECTION('',(-1.,-1.22464679914735E-16,0.));
#3231=DIRECTION('',(-0.707106781186548,-8.65956056235494E-17,-0.707106781186547));
#3232=DIRECTION('',(-1.6326809185664E-16,-1.99945746095131E-32,-1.));
#3233=DIRECTION('',(1.22464679914735E-16,-1.,-2.10417156361836E-32));
#3234=DIRECTION('',(1.22464679914735E-16,-1.,0.));
#3235=DIRECTION('',(1.22464679914735E-16,-1.,0.));
#3236=DIRECTION('',(1.22464679914735E-16,-1.,-2.10417156361836E-32));
#3237=DIRECTION('',(-0.707106781186548,-0.707106781186548,-6.12323399573677E-17));
#3238=DIRECTION('',(0.707106781186548,-0.707106781186548,0.));
#3239=DIRECTION('',(-0.525482745498759,0.525482745498759,-0.669130606358858));
#3240=DIRECTION('',(4.32978028117747E-17,4.32978028117746E-17,-1.));
#3241=DIRECTION('',(0.683676236709458,-0.683676236709458,0.255291219429082));
#3242=DIRECTION('',(0.707106781186548,-0.707106781186548,0.));
#3243=DIRECTION('',(-0.707106781186548,0.707106781186548,6.79815536723446E-33));
#3244=DIRECTION('',(6.98403707161105E-18,-9.35796426951604E-17,1.));
#3245=DIRECTION('',(4.32978028117747E-17,4.32978028117746E-17,-1.));
#3246=DIRECTION('',(-0.525482745498759,0.525482745498759,-0.669130606358858));
#3247=DIRECTION('',(-0.707106781186548,-0.707106781186548,-6.12323399573677E-17));
#3248=DIRECTION('',(0.707106781186548,-0.707106781186548,0.));
#3249=DIRECTION('',(6.98403707161105E-18,-9.35796426951604E-17,1.));
#3250=DIRECTION('',(-0.707106781186548,0.707106781186548,6.79815536723446E-33));
#3251=DIRECTION('',(0.707106781186548,-0.707106781186548,0.));
#3252=DIRECTION('',(-0.683676236709458,0.683676236709458,-0.255291219429082));
#3253=DIRECTION('',(0.707106781186548,0.707106781186548,0.));
#3254=DIRECTION('',(0.707106781186548,0.707106781186548,6.12323399573677E-17));
#3255=DIRECTION('',(0.707106781186548,-0.707106781186548,4.01235405080674E-33));
#3256=DIRECTION('',(-2.83716275784676E-33,2.83716275784676E-33,1.));
#3257=DIRECTION('',(0.707106781186548,0.707106781186548,0.));
#3258=DIRECTION('',(0.707106781186548,-0.707106781186548,4.01235405080674E-33));
#3259=DIRECTION('',(2.83716275784676E-33,-2.83716275784676E-33,-1.));
#3260=DIRECTION('',(0.177335961186117,0.177335961186117,0.968041276878415));
#3261=DIRECTION('',(0.707106781186548,0.707106781186548,6.12323399573677E-17));
#3262=DIRECTION('',(-0.177335961186116,-0.177335961186116,0.968041276878415));
#3263=DIRECTION('',(0.707106781186548,0.707106781186548,6.12323399573677E-17));
#3264=DIRECTION('',(-0.683676236709458,0.683676236709458,-0.255291219429082));
#3265=DIRECTION('',(0.683676236709458,-0.683676236709458,0.255291219429082));
#3266=DIRECTION('',(0.707106781186548,0.707106781186548,6.12323399573677E-17));
#3267=DIRECTION('',(0.177335961186116,0.177335961186116,-0.968041276878415));
#3268=DIRECTION('',(-0.177335961186117,-0.177335961186117,-0.968041276878415));
#3269=DIRECTION('',(0.753715119993959,-0.657201276545088,3.9171523222538E-18));
#3270=DIRECTION('',(0.657201276545087,-0.753715119993959,-3.91715232225382E-18));
#3271=DIRECTION('',(0.,0.,1.));
#3272=DIRECTION('',(1.,1.83697019872103E-16,0.));
#3273=DIRECTION('',(-1.83697019872103E-16,1.,0.));
#3274=DIRECTION('',(1.29893408435324E-16,-0.707106781186547,-0.707106781186548));
#3275=DIRECTION('',(-2.99918619142696E-32,1.6326809185664E-16,-1.));
#3276=DIRECTION('',(-1.29893408435324E-16,0.707106781186548,-0.707106781186547));
#3277=DIRECTION('',(1.,1.83697019872103E-16,0.));
#3278=DIRECTION('',(-1.83697019872103E-16,1.,0.));
#3279=DIRECTION('',(4.72094122724615E-32,-2.56996070515082E-16,1.));
#3280=DIRECTION('',(-1.83697019872103E-16,1.,0.));
#3281=DIRECTION('',(1.83697019872103E-16,-1.,0.));
#3282=DIRECTION('',(1.29893408435324E-16,-0.707106781186547,-0.707106781186548));
#3283=DIRECTION('',(1.,1.83697019872103E-16,0.));
#3284=DIRECTION('',(-1.83697019872103E-16,1.,0.));
#3285=DIRECTION('',(0.,0.,1.));
#3286=DIRECTION('',(1.83697019872103E-16,-1.,0.));
#3287=DIRECTION('',(-1.83697019872103E-16,1.,0.));
#3288=DIRECTION('',(4.72094122724615E-32,-2.56996070515082E-16,1.));
#3289=DIRECTION('',(1.,1.83697019872103E-16,0.));
#3290=DIRECTION('',(-1.83697019872103E-16,1.,0.));
#3291=DIRECTION('',(-1.29893408435324E-16,0.707106781186548,-0.707106781186547));
#3292=DIRECTION('',(-2.99918619142696E-32,1.6326809185664E-16,-1.));
#3293=DIRECTION('',(-1.,-1.83697019872103E-16,-7.18409109006559E-32));
#3294=DIRECTION('',(-1.,-1.83697019872103E-16,0.));
#3295=DIRECTION('',(-1.,-1.83697019872103E-16,0.));
#3296=DIRECTION('',(-1.,-1.83697019872103E-16,-1.23259516440783E-32));
#3297=DIRECTION('',(-0.707106781186548,0.707106781186548,-6.12323399573677E-17));
#3298=DIRECTION('',(-0.707106781186548,-0.707106781186548,0.));
#3299=DIRECTION('',(0.525482745498759,0.525482745498759,-0.669130606358858));
#3300=DIRECTION('',(4.32978028117746E-17,-4.32978028117747E-17,-1.));
#3301=DIRECTION('',(-0.683676236709458,-0.683676236709458,0.255291219429082));
#3302=DIRECTION('',(-0.707106781186548,-0.707106781186548,0.));
#3303=DIRECTION('',(0.707106781186548,0.707106781186548,6.79815536723446E-33));
#3304=DIRECTION('',(-9.35796426951604E-17,-6.98403707161106E-18,1.));
#3305=DIRECTION('',(4.32978028117746E-17,-4.32978028117747E-17,-1.));
#3306=DIRECTION('',(0.525482745498759,0.525482745498759,-0.669130606358858));
#3307=DIRECTION('',(-0.707106781186548,0.707106781186548,-6.12323399573677E-17));
#3308=DIRECTION('',(-0.707106781186548,-0.707106781186548,0.));
#3309=DIRECTION('',(-9.35796426951604E-17,-6.98403707161106E-18,1.));
#3310=DIRECTION('',(0.707106781186548,0.707106781186548,6.79815536723446E-33));
#3311=DIRECTION('',(-0.707106781186548,-0.707106781186548,0.));
#3312=DIRECTION('',(0.683676236709458,0.683676236709458,-0.255291219429082));
#3313=DIRECTION('',(0.707106781186548,-0.707106781186548,0.));
#3314=DIRECTION('',(0.707106781186548,-0.707106781186548,6.12323399573677E-17));
#3315=DIRECTION('',(-0.707106781186548,-0.707106781186548,4.01235405080674E-33));
#3316=DIRECTION('',(2.83716275784676E-33,2.83716275784676E-33,1.));
#3317=DIRECTION('',(0.707106781186548,-0.707106781186548,0.));
#3318=DIRECTION('',(-0.707106781186548,-0.707106781186548,4.01235405080674E-33));
#3319=DIRECTION('',(-2.83716275784676E-33,-2.83716275784676E-33,-1.));
#3320=DIRECTION('',(0.177335961186117,-0.177335961186117,0.968041276878415));
#3321=DIRECTION('',(0.707106781186548,-0.707106781186548,6.12323399573677E-17));
#3322=DIRECTION('',(-0.177335961186116,0.177335961186116,0.968041276878415));
#3323=DIRECTION('',(0.707106781186548,-0.707106781186548,6.12323399573677E-17));
#3324=DIRECTION('',(0.683676236709458,0.683676236709458,-0.255291219429082));
#3325=DIRECTION('',(-0.683676236709458,-0.683676236709458,0.255291219429082));
#3326=DIRECTION('',(0.707106781186548,-0.707106781186548,6.12323399573677E-17));
#3327=DIRECTION('',(0.177335961186116,-0.177335961186116,-0.968041276878415));
#3328=DIRECTION('',(-0.177335961186117,0.177335961186117,-0.968041276878415));
#3329=DIRECTION('',(-0.657201276545088,-0.753715119993959,3.9171523222538E-18));
#3330=DIRECTION('',(-0.753715119993959,-0.657201276545087,-3.91715232225382E-18));
#3331=DIRECTION('',(0.871572412738697,-0.128427587261303,-0.473146789255815));
#3332=DIRECTION('',(0.128427587261303,-0.871572412738697,0.473146789255815));
#3333=DIRECTION('',(0.128427587261303,-0.871572412738697,0.473146789255815));
#3334=DIRECTION('',(0.871572412738697,-0.128427587261303,-0.473146789255815));
#3335=DIRECTION('',(0.871572412738697,-0.128427587261303,-0.473146789255815));
#3336=DIRECTION('',(0.128427587261303,-0.871572412738697,0.473146789255815));
#3337=DIRECTION('',(0.128427587261303,-0.871572412738697,0.473146789255815));
#3338=DIRECTION('',(0.871572412738697,-0.128427587261303,-0.473146789255815));
#3339=DIRECTION('',(-0.128427587261303,-0.871572412738697,-0.473146789255815));
#3340=DIRECTION('',(-0.871572412738697,-0.128427587261303,0.473146789255815));
#3341=DIRECTION('',(-0.871572412738697,-0.128427587261303,0.473146789255815));
#3342=DIRECTION('',(-0.128427587261303,-0.871572412738697,-0.473146789255815));
#3343=DIRECTION('',(-0.128427587261303,-0.871572412738697,-0.473146789255815));
#3344=DIRECTION('',(-0.871572412738697,-0.128427587261303,0.473146789255815));
#3345=DIRECTION('',(-0.871572412738697,-0.128427587261303,0.473146789255815));
#3346=DIRECTION('',(-0.128427587261303,-0.871572412738697,-0.473146789255815));
#3347=DIRECTION('',(-0.871572412738697,0.128427587261303,-0.473146789255815));
#3348=DIRECTION('',(-0.128427587261303,0.871572412738697,0.473146789255815));
#3349=DIRECTION('',(-0.128427587261303,0.871572412738697,0.473146789255815));
#3350=DIRECTION('',(-0.871572412738697,0.128427587261303,-0.473146789255815));
#3351=DIRECTION('',(-0.871572412738697,0.128427587261303,-0.473146789255815));
#3352=DIRECTION('',(-0.128427587261303,0.871572412738697,0.473146789255815));
#3353=DIRECTION('',(-0.128427587261303,0.871572412738697,0.473146789255815));
#3354=DIRECTION('',(-0.871572412738697,0.128427587261303,-0.473146789255815));
#3355=DIRECTION('',(0.128427587261303,0.871572412738697,-0.473146789255815));
#3356=DIRECTION('',(0.871572412738697,0.128427587261303,0.473146789255815));
#3357=DIRECTION('',(0.871572412738697,0.128427587261303,0.473146789255815));
#3358=DIRECTION('',(0.128427587261303,0.871572412738697,-0.473146789255815));
#3359=DIRECTION('',(0.128427587261303,0.871572412738697,-0.473146789255815));
#3360=DIRECTION('',(0.871572412738697,0.128427587261303,0.473146789255815));
#3361=DIRECTION('',(0.871572412738697,0.128427587261303,0.473146789255815));
#3362=DIRECTION('',(0.128427587261303,0.871572412738697,-0.473146789255815));
#3363=DIRECTION('',(-0.707106781186548,0.5,-0.5));
#3364=DIRECTION('',(-0.707106781186547,-0.5,0.5));
#3365=DIRECTION('',(-0.707106781186547,-0.5,0.5));
#3366=DIRECTION('',(-0.707106781186548,0.5,-0.5));
#3367=DIRECTION('',(0.,0.707106781186557,-0.707106781186538));
#3368=DIRECTION('',(0.,0.707106781186538,0.707106781186557));
#3369=DIRECTION('',(0.,0.707106781186557,-0.707106781186538));
#3370=DIRECTION('',(0.,0.707106781186538,0.707106781186557));
#3371=DIRECTION('',(-3.70074341541719E-14,-6.79815536723451E-30,1.));
#3372=DIRECTION('',(1.,0.,3.70074341541719E-14));
#3373=DIRECTION('',(0.,0.,-1.));
#3374=DIRECTION('',(-1.,0.,0.));
#3375=DIRECTION('',(1.3084103822365E-14,0.707106781186557,0.707106781186538));
#3376=DIRECTION('',(0.,-0.707106781186538,0.707106781186557));
#3377=DIRECTION('',(-0.707106781186548,0.5,0.5));
#3378=DIRECTION('',(-0.707106781186547,-0.5,-0.5));
#3379=DIRECTION('',(-0.707106781186547,-0.5,-0.5));
#3380=DIRECTION('',(-0.707106781186548,0.5,0.5));
#3381=DIRECTION('',(0.5,0.707106781186548,0.5));
#3382=DIRECTION('',(-0.5,0.707106781186548,-0.5));
#3383=DIRECTION('',(0.707106781186557,-1.3084103822365E-14,0.707106781186538));
#3384=DIRECTION('',(0.707106781186538,0.,-0.707106781186557));
#3385=DIRECTION('',(0.707106781186557,-1.3084103822365E-14,0.707106781186538));
#3386=DIRECTION('',(0.707106781186538,0.,-0.707106781186557));
#3387=DIRECTION('',(-0.5,0.707106781186548,-0.5));
#3388=DIRECTION('',(0.5,0.707106781186548,0.5));
#3389=DIRECTION('',(0.,0.,-1.));
#3390=DIRECTION('',(-1.,0.,0.));
#3391=DIRECTION('',(0.,3.70074341541719E-14,1.));
#3392=DIRECTION('',(0.,-1.,3.70074341541719E-14));
#3393=DIRECTION('',(0.707106781186557,0.,-0.707106781186538));
#3394=DIRECTION('',(-0.707106781186538,0.,-0.707106781186557));
#3395=DIRECTION('',(0.5,0.707106781186548,-0.5));
#3396=DIRECTION('',(-0.5,0.707106781186548,0.5));
#3397=DIRECTION('',(-0.5,0.707106781186548,0.5));
#3398=DIRECTION('',(0.5,0.707106781186548,-0.5));
#3399=DIRECTION('',(0.707106781186548,-0.5,-0.5));
#3400=DIRECTION('',(0.707106781186548,0.5,0.5));
#3401=DIRECTION('',(0.707106781186548,0.5,0.5));
#3402=DIRECTION('',(0.707106781186548,-0.5,-0.5));
#3403=DIRECTION('',(0.,-0.707106781186557,-0.707106781186538));
#3404=DIRECTION('',(0.,0.707106781186538,-0.707106781186557));
#3405=DIRECTION('',(3.70074341541719E-14,2.26605178907815E-30,1.));
#3406=DIRECTION('',(1.,0.,-3.70074341541719E-14));
#3407=DIRECTION('',(0.,0.,-1.));
#3408=DIRECTION('',(-1.,0.,0.));
#3409=DIRECTION('',(-1.3084103822365E-14,-0.707106781186557,0.707106781186538));
#3410=DIRECTION('',(0.,-0.707106781186538,-0.707106781186557));
#3411=DIRECTION('',(-1.3084103822365E-14,-0.707106781186557,0.707106781186538));
#3412=DIRECTION('',(0.,-0.707106781186538,-0.707106781186557));
#3413=DIRECTION('',(0.707106781186548,-0.5,0.5));
#3414=DIRECTION('',(0.707106781186548,0.5,-0.5));
#3415=DIRECTION('',(0.707106781186548,0.5,-0.5));
#3416=DIRECTION('',(0.707106781186548,-0.5,0.5));
#3417=DIRECTION('',(-0.5,-0.707106781186548,-0.5));
#3418=DIRECTION('',(0.5,-0.707106781186547,0.5));
#3419=DIRECTION('',(0.5,-0.707106781186547,0.5));
#3420=DIRECTION('',(-0.5,-0.707106781186548,-0.5));
#3421=DIRECTION('',(-0.707106781186557,0.,-0.707106781186538));
#3422=DIRECTION('',(-0.707106781186538,0.,0.707106781186557));
#3423=DIRECTION('',(-0.707106781186557,0.,-0.707106781186538));
#3424=DIRECTION('',(-0.707106781186538,0.,0.707106781186557));
#3425=DIRECTION('',(4.53210357815629E-30,-3.70074341541719E-14,1.));
#3426=DIRECTION('',(0.,-1.,-3.70074341541719E-14));
#3427=DIRECTION('',(0.,0.,-1.));
#3428=DIRECTION('',(-1.,0.,0.));
#3429=DIRECTION('',(0.,0.,-1.));
#3430=DIRECTION('',(-1.,0.,0.));
#3431=DIRECTION('',(-0.707106781186557,1.3084103822365E-14,0.707106781186538));
#3432=DIRECTION('',(0.707106781186538,0.,0.707106781186557));
#3433=DIRECTION('',(-0.5,-0.707106781186548,0.5));
#3434=DIRECTION('',(0.5,-0.707106781186547,-0.5));
#3435=DIRECTION('',(0.5,-0.707106781186547,-0.5));
#3436=DIRECTION('',(-0.5,-0.707106781186548,0.5));
#3437=DIRECTION('',(0.,0.,1.));
#3438=DIRECTION('',(1.,0.,0.));
#3439=DIRECTION('',(0.,0.,1.));
#3440=DIRECTION('',(1.,0.,0.));
#3441=DIRECTION('',(0.,0.,1.));
#3442=DIRECTION('',(1.,0.,0.));
#3443=DIRECTION('',(0.,0.,1.));
#3444=DIRECTION('',(1.,0.,0.));
#3445=DIRECTION('',(0.,0.,1.));
#3446=DIRECTION('',(1.,0.,0.));
#3447=DIRECTION('',(0.,0.,1.));
#3448=DIRECTION('',(1.,0.,0.));
#3449=DIRECTION('',(0.,0.,1.));
#3450=DIRECTION('',(1.,0.,0.));
#3451=DIRECTION('',(0.,0.,1.));
#3452=DIRECTION('',(1.,0.,0.));
#3453=DIRECTION('',(0.,0.,1.));
#3454=DIRECTION('',(1.,0.,0.));
#3455=DIRECTION('',(0.,0.,1.));
#3456=DIRECTION('',(1.,0.,0.));
#3457=DIRECTION('',(0.,0.,1.));
#3458=DIRECTION('',(1.,0.,0.));
#3459=DIRECTION('',(0.,0.,1.));
#3460=DIRECTION('',(1.,0.,0.));
#3461=DIRECTION('',(0.,0.,1.));
#3462=DIRECTION('',(1.,0.,0.));
#3463=DIRECTION('',(0.,0.,1.));
#3464=DIRECTION('',(1.,0.,0.));
#3465=DIRECTION('',(0.,0.,1.));
#3466=DIRECTION('',(1.,0.,0.));
#3467=DIRECTION('',(0.,0.,1.));
#3468=DIRECTION('',(1.,0.,0.));
#3469=DIRECTION('',(0.,0.,1.));
#3470=DIRECTION('',(1.,0.,0.));
#3471=DIRECTION('',(0.,0.,1.));
#3472=DIRECTION('',(1.,0.,0.));
#3473=DIRECTION('',(0.,0.,1.));
#3474=DIRECTION('',(1.,0.,0.));
#3475=DIRECTION('',(0.,0.,1.));
#3476=DIRECTION('',(1.,0.,0.));
#3477=DIRECTION('',(0.,0.,1.));
#3478=DIRECTION('',(1.,0.,0.));
#3479=DIRECTION('',(0.,0.,1.));
#3480=DIRECTION('',(1.,0.,0.));
#3481=DIRECTION('',(0.,0.,1.));
#3482=DIRECTION('',(1.,0.,0.));
#3483=DIRECTION('',(0.,0.,1.));
#3484=DIRECTION('',(1.,0.,0.));
#3485=DIRECTION('',(0.,0.,1.));
#3486=DIRECTION('',(1.,0.,0.));
#3487=DIRECTION('',(0.,0.,1.));
#3488=DIRECTION('',(1.,0.,0.));
#3489=DIRECTION('',(0.,0.,1.));
#3490=DIRECTION('',(1.,0.,0.));
#3491=DIRECTION('',(0.,0.,1.));
#3492=DIRECTION('',(1.,0.,0.));
#3493=CARTESIAN_POINT('',(0.,0.,0.));
#3494=CARTESIAN_POINT('',(0.047,2.87791997799628E-18,-0.42));
#3495=CARTESIAN_POINT('',(0.047,2.87791997799628E-18,-0.75));
#3496=CARTESIAN_POINT('',(0.047,-0.094,-0.42));
#3497=CARTESIAN_POINT('',(0.047,-0.094,-0.75));
#3498=CARTESIAN_POINT('',(-0.047,-0.094,-0.42));
#3499=CARTESIAN_POINT('',(-0.047,-0.094,-0.75));
#3500=CARTESIAN_POINT('',(-0.047,-2.87791997799628E-18,-0.42));
#3501=CARTESIAN_POINT('',(-0.047,-2.87791997799628E-18,-0.75));
#3502=CARTESIAN_POINT('',(0.,-2.87791997799628E-18,-0.42));
#3503=CARTESIAN_POINT('',(-0.047,-2.87791997799628E-18,-0.42));
#3504=CARTESIAN_POINT('',(0.047,2.87791997799628E-18,-0.42));
#3505=CARTESIAN_POINT('',(0.047,2.87791997799628E-18,-0.4035));
#3506=CARTESIAN_POINT('',(0.047,2.87791997799628E-18,-0.7665));
#3507=CARTESIAN_POINT('',(0.047,2.87791997799628E-18,-0.75));
#3508=CARTESIAN_POINT('',(0.,-2.87791997799628E-18,-0.75));
#3509=CARTESIAN_POINT('',(-0.047,-2.87791997799628E-18,-0.75));
#3510=CARTESIAN_POINT('',(-0.047,-2.87791997799628E-18,-0.4035));
#3511=CARTESIAN_POINT('',(-0.047,-2.87791997799628E-18,-0.7665));
#3512=CARTESIAN_POINT('',(-0.049,0.,-0.42));
#3513=CARTESIAN_POINT('',(-0.049,0.,-0.75));
#3514=CARTESIAN_POINT('',(-0.049,0.098,-0.42));
#3515=CARTESIAN_POINT('',(-0.049,0.098,-0.75));
#3516=CARTESIAN_POINT('',(0.049,0.098,-0.42));
#3517=CARTESIAN_POINT('',(0.049,0.098,-0.75));
#3518=CARTESIAN_POINT('',(0.049,6.00076931582203E-18,-0.42));
#3519=CARTESIAN_POINT('',(0.049,6.00076931582203E-18,-0.75));
#3520=CARTESIAN_POINT('',(-0.0429944555400964,0.0235048248836421,-0.419998));
#3521=CARTESIAN_POINT('',(-0.0429944555400964,0.0235048248836421,-0.588));
#3522=CARTESIAN_POINT('',(-0.0429944555400964,0.0235048248836421,-0.744));
#3523=CARTESIAN_POINT('',(0.,0.,-0.744));
#3524=CARTESIAN_POINT('',(-0.0235048248836421,0.0429944555400963,-0.744));
#3525=CARTESIAN_POINT('',(-0.0235048248836421,0.0429944555400963,-0.419998));
#3526=CARTESIAN_POINT('',(-0.0235048248836421,0.0429944555400963,-0.588));
#3527=CARTESIAN_POINT('',(0.,0.,-0.588));
#3528=CARTESIAN_POINT('',(-0.0126328125,0.0473435533979004,-0.419998));
#3529=CARTESIAN_POINT('',(-0.0126328125,0.0473435533979004,-0.426));
#3530=CARTESIAN_POINT('',(-0.0126328125,0.0473435533979004,-0.582));
#3531=CARTESIAN_POINT('',(0.,0.,-0.582));
#3532=CARTESIAN_POINT('',(0.0126328125,0.0473435533979004,-0.582));
#3533=CARTESIAN_POINT('',(0.0126328125,0.0473435533979004,-0.419998));
#3534=CARTESIAN_POINT('',(0.0126328125,0.0473435533979004,-0.426));
#3535=CARTESIAN_POINT('',(0.,0.,-0.426));
#3536=CARTESIAN_POINT('',(0.0235048248836421,0.0429944555400964,-0.419998));
#3537=CARTESIAN_POINT('',(0.0235048248836421,0.0429944555400964,-0.588));
#3538=CARTESIAN_POINT('',(0.0235048248836421,0.0429944555400964,-0.744));
#3539=CARTESIAN_POINT('',(0.,0.,-0.744));
#3540=CARTESIAN_POINT('',(0.0429944555400963,0.0235048248836421,-0.744));
#3541=CARTESIAN_POINT('',(0.0429944555400963,0.0235048248836421,-0.419998));
#3542=CARTESIAN_POINT('',(0.0429944555400963,0.0235048248836421,-0.588));
#3543=CARTESIAN_POINT('',(0.,0.,-0.588));
#3544=CARTESIAN_POINT('',(0.,0.,-0.42));
#3545=CARTESIAN_POINT('',(-0.049,0.,-0.42));
#3546=CARTESIAN_POINT('',(0.049,6.00076931582203E-18,-0.42));
#3547=CARTESIAN_POINT('',(0.049,6.00076931582203E-18,-0.4035));
#3548=CARTESIAN_POINT('',(0.049,6.00076931582203E-18,-0.7665));
#3549=CARTESIAN_POINT('',(0.049,6.00076931582203E-18,-0.426));
#3550=CARTESIAN_POINT('',(0.,0.,-0.426));
#3551=CARTESIAN_POINT('',(0.0473435533979004,0.0126328125,-0.426));
#3552=CARTESIAN_POINT('',(0.0473435533979004,0.0126328125,-0.419998));
#3553=CARTESIAN_POINT('',(0.0473435533979004,0.0126328125,-0.582));
#3554=CARTESIAN_POINT('',(0.,0.,-0.582));
#3555=CARTESIAN_POINT('',(0.049,6.00076931582203E-18,-0.582));
#3556=CARTESIAN_POINT('',(0.049,6.00076931582203E-18,-0.4035));
#3557=CARTESIAN_POINT('',(0.049,6.00076931582203E-18,-0.7665));
#3558=CARTESIAN_POINT('',(0.049,6.00076931582203E-18,-0.75));
#3559=CARTESIAN_POINT('',(0.,0.,-0.75));
#3560=CARTESIAN_POINT('',(-0.049,0.,-0.75));
#3561=CARTESIAN_POINT('',(-0.049,0.,-0.4035));
#3562=CARTESIAN_POINT('',(-0.049,0.,-0.7665));
#3563=CARTESIAN_POINT('',(-0.049,0.,-0.582));
#3564=CARTESIAN_POINT('',(0.,0.,-0.582));
#3565=CARTESIAN_POINT('',(-0.0473435533979004,0.0126328125,-0.582));
#3566=CARTESIAN_POINT('',(-0.0473435533979004,0.0126328125,-0.419998));
#3567=CARTESIAN_POINT('',(-0.0473435533979004,0.0126328125,-0.426));
#3568=CARTESIAN_POINT('',(0.,0.,-0.426));
#3569=CARTESIAN_POINT('',(-0.049,0.,-0.426));
#3570=CARTESIAN_POINT('',(-0.049,0.,-0.4035));
#3571=CARTESIAN_POINT('',(-0.049,0.,-0.7665));
#3572=CARTESIAN_POINT('',(0.0445758580901501,0.0211660424767532,-0.5802));
#3573=CARTESIAN_POINT('',(0.0445758580901501,0.0211660424767532,-0.7518));
#3574=CARTESIAN_POINT('',(0.038575094581629,0.0284545715442992,-0.5802));
#3575=CARTESIAN_POINT('',(0.038575094581629,0.0284545715442992,-0.7518));
#3576=CARTESIAN_POINT('',(0.0399163342056081,0.0377997786005784,-0.5802));
#3577=CARTESIAN_POINT('',(0.0399163342056081,0.0377997786005784,-0.7518));
#3578=CARTESIAN_POINT('',(0.0477247728947928,0.0431063880539775,-0.5802));
#3579=CARTESIAN_POINT('',(0.0477247728947928,0.0431063880539775,-0.7518));
#3580=CARTESIAN_POINT('',(0.0455494218447766,0.0413067811576573,-0.419998));
#3581=CARTESIAN_POINT('',(0.0455494218447766,0.0413067811576573,-0.588));
#3582=CARTESIAN_POINT('',(0.0455494218447766,0.0413067811576573,-0.744));
#3583=CARTESIAN_POINT('',(0.0561560235625748,0.0307001794398591,-0.588));
#3584=CARTESIAN_POINT('',(0.0411560235625748,0.0307001794398591,-0.588));
#3585=CARTESIAN_POINT('',(0.0561560235625748,0.0307001794398591,-0.588));
#3586=CARTESIAN_POINT('',(0.0561560235625748,0.0307001794398591,-0.744));
#3587=CARTESIAN_POINT('',(0.0431063880539775,0.0477247728947929,-0.5802));
#3588=CARTESIAN_POINT('',(0.0431063880539775,0.0477247728947929,-0.7518));
#3589=CARTESIAN_POINT('',(0.0377997786005783,0.0399163342056081,-0.5802));
#3590=CARTESIAN_POINT('',(0.0377997786005783,0.0399163342056081,-0.7518));
#3591=CARTESIAN_POINT('',(0.0284545715442991,0.0385750945816289,-0.5802));
#3592=CARTESIAN_POINT('',(0.0284545715442991,0.0385750945816289,-0.7518));
#3593=CARTESIAN_POINT('',(0.021166042476753,0.0445758580901501,-0.5802));
#3594=CARTESIAN_POINT('',(0.021166042476753,0.0445758580901501,-0.7518));
#3595=CARTESIAN_POINT('',(0.0413067811576572,0.0455494218447766,-0.629044444872763));
#3596=CARTESIAN_POINT('',(0.0413067811576573,0.0455494218447766,-0.744));
#3597=CARTESIAN_POINT('',(0.0413067811576573,0.0455494218447766,-0.588));
#3598=CARTESIAN_POINT('',(0.030700179439859,0.0561560235625748,-0.744));
#3599=CARTESIAN_POINT('',(0.030700179439859,0.0561560235625748,-0.588));
#3600=CARTESIAN_POINT('',(0.0154170142693659,0.0468756242584468,-0.4182));
#3601=CARTESIAN_POINT('',(0.0154170142693659,0.0468756242584468,-0.5898));
#3602=CARTESIAN_POINT('',(0.00582297961751898,0.0475701168904126,-0.4182));
#3603=CARTESIAN_POINT('',(0.00582297961751898,0.0475701168904126,-0.5898));
#3604=CARTESIAN_POINT('',(-3.67555337745134E-5,0.0551984407478133,-0.4182));
#3605=CARTESIAN_POINT('',(-3.67555337745134E-5,0.0551984407478133,-0.5898));
#3606=CARTESIAN_POINT('',(0.00176569123906967,0.0646471976262476,-0.4182));
#3607=CARTESIAN_POINT('',(0.00176569123906967,0.0646471976262476,-0.5898));
#3608=CARTESIAN_POINT('',(0.0015,0.0618364779074617,-0.45));
#3609=CARTESIAN_POINT('',(0.0015,0.0618364779074617,-0.426));
#3610=CARTESIAN_POINT('',(0.0015,0.0618364779074617,-0.582));
#3611=CARTESIAN_POINT('',(0.0165,0.0618364779074617,-0.426));
#3612=CARTESIAN_POINT('',(0.0165,0.0618364779074617,-0.582));
#3613=CARTESIAN_POINT('',(-0.00176569123906967,0.0646471976262476,-0.4182));
#3614=CARTESIAN_POINT('',(-0.00176569123906967,0.0646471976262476,-0.5898));
#3615=CARTESIAN_POINT('',(3.67555337745179E-5,0.0551984407478133,-0.4182));
#3616=CARTESIAN_POINT('',(3.67555337745179E-5,0.0551984407478133,-0.5898));
#3617=CARTESIAN_POINT('',(-0.00582297961751897,0.0475701168904126,-0.4182));
#3618=CARTESIAN_POINT('',(-0.00582297961751897,0.0475701168904126,-0.5898));
#3619=CARTESIAN_POINT('',(-0.0154170142693659,0.0468756242584468,-0.4182));
#3620=CARTESIAN_POINT('',(-0.0154170142693659,0.0468756242584468,-0.5898));
#3621=CARTESIAN_POINT('',(-0.0015,0.0618364779074617,-0.419998));
#3622=CARTESIAN_POINT('',(-0.0015,0.0618364779074617,-0.582));
#3623=CARTESIAN_POINT('',(-0.0015,0.0618364779074617,-0.426));
#3624=CARTESIAN_POINT('',(-0.0165,0.0618364779074617,-0.582));
#3625=CARTESIAN_POINT('',(-0.0165,0.0618364779074617,-0.426));
#3626=CARTESIAN_POINT('',(-0.0211660424767531,0.0445758580901501,-0.5802));
#3627=CARTESIAN_POINT('',(-0.0211660424767531,0.0445758580901501,-0.7518));
#3628=CARTESIAN_POINT('',(-0.0284545715442992,0.038575094581629,-0.5802));
#3629=CARTESIAN_POINT('',(-0.0284545715442992,0.038575094581629,-0.7518));
#3630=CARTESIAN_POINT('',(-0.0377997786005783,0.0399163342056081,-0.5802));
#3631=CARTESIAN_POINT('',(-0.0377997786005783,0.0399163342056081,-0.7518));
#3632=CARTESIAN_POINT('',(-0.0431063880539775,0.0477247728947928,-0.5802));
#3633=CARTESIAN_POINT('',(-0.0431063880539775,0.0477247728947928,-0.7518));
#3634=CARTESIAN_POINT('',(-0.0413067811576573,0.0455494218447766,-0.419998));
#3635=CARTESIAN_POINT('',(-0.0413067811576573,0.0455494218447766,-0.588));
#3636=CARTESIAN_POINT('',(-0.0413067811576573,0.0455494218447766,-0.744));
#3637=CARTESIAN_POINT('',(-0.0307001794398591,0.0561560235625748,-0.588));
#3638=CARTESIAN_POINT('',(-0.0307001794398591,0.0561560235625748,-0.744));
#3639=CARTESIAN_POINT('',(-0.0477247728947929,0.0431063880539775,-0.5802));
#3640=CARTESIAN_POINT('',(-0.0477247728947929,0.0431063880539775,-0.7518));
#3641=CARTESIAN_POINT('',(-0.0399163342056081,0.0377997786005783,-0.5802));
#3642=CARTESIAN_POINT('',(-0.0399163342056081,0.0377997786005783,-0.7518));
#3643=CARTESIAN_POINT('',(-0.0385750945816289,0.0284545715442991,-0.5802));
#3644=CARTESIAN_POINT('',(-0.0385750945816289,0.0284545715442991,-0.7518));
#3645=CARTESIAN_POINT('',(-0.0445758580901501,0.021166042476753,-0.5802));
#3646=CARTESIAN_POINT('',(-0.0445758580901501,0.021166042476753,-0.7518));
#3647=CARTESIAN_POINT('',(-0.0455494218447766,0.0413067811576572,-0.629044444872763));
#3648=CARTESIAN_POINT('',(-0.0455494218447766,0.0413067811576573,-0.744));
#3649=CARTESIAN_POINT('',(-0.0455494218447766,0.0413067811576573,-0.588));
#3650=CARTESIAN_POINT('',(-0.0561560235625748,0.030700179439859,-0.744));
#3651=CARTESIAN_POINT('',(-0.0411560235625748,0.030700179439859,-0.744));
#3652=CARTESIAN_POINT('',(-0.0561560235625748,0.030700179439859,-0.744));
#3653=CARTESIAN_POINT('',(-0.0561560235625748,0.030700179439859,-0.588));
#3654=CARTESIAN_POINT('',(-0.0468756242584468,0.0154170142693659,-0.4182));
#3655=CARTESIAN_POINT('',(-0.0468756242584468,0.0154170142693659,-0.5898));
#3656=CARTESIAN_POINT('',(-0.0475701168904126,0.00582297961751899,-0.4182));
#3657=CARTESIAN_POINT('',(-0.0475701168904126,0.00582297961751899,-0.5898));
#3658=CARTESIAN_POINT('',(-0.0551984407478133,-3.67555337745064E-5,-0.4182));
#3659=CARTESIAN_POINT('',(-0.0551984407478133,-3.67555337745064E-5,-0.5898));
#3660=CARTESIAN_POINT('',(-0.0646471976262475,0.00176569123906967,-0.4182));
#3661=CARTESIAN_POINT('',(-0.0646471976262475,0.00176569123906967,-0.5898));
#3662=CARTESIAN_POINT('',(-0.0618364779074617,0.0015,-0.45));
#3663=CARTESIAN_POINT('',(-0.0618364779074617,0.0015,-0.426));
#3664=CARTESIAN_POINT('',(-0.0618364779074617,0.0015,-0.582));
#3665=CARTESIAN_POINT('',(-0.0618364779074617,0.0165,-0.426));
#3666=CARTESIAN_POINT('',(-0.0618364779074617,0.0165,-0.582));
#3667=CARTESIAN_POINT('',(-0.0646471976262476,-0.00176569123906967,-0.4182));
#3668=CARTESIAN_POINT('',(-0.0646471976262476,-0.00176569123906967,-0.5898));
#3669=CARTESIAN_POINT('',(-0.0551984407478133,3.67555337745177E-5,-0.4182));
#3670=CARTESIAN_POINT('',(-0.0551984407478133,3.67555337745177E-5,-0.5898));
#3671=CARTESIAN_POINT('',(-0.0475701168904126,-0.00582297961751897,-0.4182));
#3672=CARTESIAN_POINT('',(-0.0475701168904126,-0.00582297961751897,-0.5898));
#3673=CARTESIAN_POINT('',(-0.0468756242584468,-0.0154170142693659,-0.4182));
#3674=CARTESIAN_POINT('',(-0.0468756242584468,-0.0154170142693659,-0.5898));
#3675=CARTESIAN_POINT('',(-0.0618364779074617,-0.0015,-0.419998));
#3676=CARTESIAN_POINT('',(-0.0618364779074617,-0.0015,-0.582));
#3677=CARTESIAN_POINT('',(-0.0618364779074617,-0.0015,-0.426));
#3678=CARTESIAN_POINT('',(-0.0618364779074617,-0.0165,-0.582));
#3679=CARTESIAN_POINT('',(-0.0473435533979004,-0.0126328125,-0.582));
#3680=CARTESIAN_POINT('',(-0.0473435533979004,-0.0126328125,-0.419998));
#3681=CARTESIAN_POINT('',(-0.0473435533979004,-0.0126328125,-0.426));
#3682=CARTESIAN_POINT('',(-0.0618364779074617,-0.0165,-0.426));
#3683=CARTESIAN_POINT('',(-0.0445758580901501,-0.0211660424767531,-0.5802));
#3684=CARTESIAN_POINT('',(-0.0445758580901501,-0.0211660424767531,-0.7518));
#3685=CARTESIAN_POINT('',(-0.038575094581629,-0.0284545715442991,-0.5802));
#3686=CARTESIAN_POINT('',(-0.038575094581629,-0.0284545715442991,-0.7518));
#3687=CARTESIAN_POINT('',(-0.0399163342056081,-0.0377997786005784,-0.5802));
#3688=CARTESIAN_POINT('',(-0.0399163342056081,-0.0377997786005784,-0.7518));
#3689=CARTESIAN_POINT('',(-0.0477247728947928,-0.0431063880539775,-0.5802));
#3690=CARTESIAN_POINT('',(-0.0477247728947928,-0.0431063880539775,-0.7518));
#3691=CARTESIAN_POINT('',(-0.0455494218447766,-0.0413067811576573,-0.419998));
#3692=CARTESIAN_POINT('',(-0.0455494218447766,-0.0413067811576573,-0.588));
#3693=CARTESIAN_POINT('',(-0.0455494218447766,-0.0413067811576573,-0.744));
#3694=CARTESIAN_POINT('',(-0.0561560235625748,-0.0307001794398591,-0.588));
#3695=CARTESIAN_POINT('',(-0.0429944555400963,-0.0235048248836421,-0.588));
#3696=CARTESIAN_POINT('',(-0.0429944555400963,-0.0235048248836421,-0.419998));
#3697=CARTESIAN_POINT('',(-0.0429944555400963,-0.0235048248836421,-0.744));
#3698=CARTESIAN_POINT('',(-0.0561560235625748,-0.0307001794398591,-0.744));
#3699=CARTESIAN_POINT('',(-0.0431063880539775,-0.0477247728947929,-0.5802));
#3700=CARTESIAN_POINT('',(-0.0431063880539775,-0.0477247728947929,-0.7518));
#3701=CARTESIAN_POINT('',(-0.0377997786005783,-0.0399163342056081,-0.5802));
#3702=CARTESIAN_POINT('',(-0.0377997786005783,-0.0399163342056081,-0.7518));
#3703=CARTESIAN_POINT('',(-0.0284545715442991,-0.038575094581629,-0.5802));
#3704=CARTESIAN_POINT('',(-0.0284545715442991,-0.038575094581629,-0.7518));
#3705=CARTESIAN_POINT('',(-0.0211660424767531,-0.0445758580901501,-0.5802));
#3706=CARTESIAN_POINT('',(-0.0211660424767531,-0.0445758580901501,-0.7518));
#3707=CARTESIAN_POINT('',(-0.0413067811576572,-0.0455494218447766,-0.629044444872763));
#3708=CARTESIAN_POINT('',(-0.0413067811576572,-0.0455494218447766,-0.744));
#3709=CARTESIAN_POINT('',(-0.0413067811576573,-0.0455494218447766,-0.588));
#3710=CARTESIAN_POINT('',(-0.030700179439859,-0.0561560235625748,-0.744));
#3711=CARTESIAN_POINT('',(-0.0235048248836421,-0.0429944555400964,-0.744));
#3712=CARTESIAN_POINT('',(-0.0235048248836421,-0.0429944555400964,-0.419998));
#3713=CARTESIAN_POINT('',(-0.0235048248836421,-0.0429944555400964,-0.588));
#3714=CARTESIAN_POINT('',(-0.030700179439859,-0.0561560235625748,-0.588));
#3715=CARTESIAN_POINT('',(-0.0154170142693659,-0.0468756242584468,-0.4182));
#3716=CARTESIAN_POINT('',(-0.0154170142693659,-0.0468756242584468,-0.5898));
#3717=CARTESIAN_POINT('',(-0.00582297961751898,-0.0475701168904126,-0.4182));
#3718=CARTESIAN_POINT('',(-0.00582297961751898,-0.0475701168904126,-0.5898));
#3719=CARTESIAN_POINT('',(3.67555337745095E-5,-0.0551984407478133,-0.4182));
#3720=CARTESIAN_POINT('',(3.67555337745095E-5,-0.0551984407478133,-0.5898));
#3721=CARTESIAN_POINT('',(-0.00176569123906967,-0.0646471976262476,-0.4182));
#3722=CARTESIAN_POINT('',(-0.00176569123906967,-0.0646471976262476,-0.5898));
#3723=CARTESIAN_POINT('',(-0.0015,-0.0618364779074617,-0.45));
#3724=CARTESIAN_POINT('',(-0.0015,-0.0618364779074617,-0.426));
#3725=CARTESIAN_POINT('',(-0.0015,-0.0618364779074617,-0.582));
#3726=CARTESIAN_POINT('',(-0.0165,-0.0618364779074617,-0.426));
#3727=CARTESIAN_POINT('',(-0.0126328125,-0.0473435533979004,-0.426));
#3728=CARTESIAN_POINT('',(-0.0126328125,-0.0473435533979004,-0.419998));
#3729=CARTESIAN_POINT('',(-0.0126328125,-0.0473435533979004,-0.582));
#3730=CARTESIAN_POINT('',(-0.0165,-0.0618364779074617,-0.582));
#3731=CARTESIAN_POINT('',(0.00176569123906967,-0.0646471976262476,-0.4182));
#3732=CARTESIAN_POINT('',(0.00176569123906967,-0.0646471976262476,-0.5898));
#3733=CARTESIAN_POINT('',(-3.67555337745229E-5,-0.0551984407478133,-0.4182));
#3734=CARTESIAN_POINT('',(-3.67555337745229E-5,-0.0551984407478133,-0.5898));
#3735=CARTESIAN_POINT('',(0.00582297961751897,-0.0475701168904126,-0.4182));
#3736=CARTESIAN_POINT('',(0.00582297961751897,-0.0475701168904126,-0.5898));
#3737=CARTESIAN_POINT('',(0.0154170142693659,-0.0468756242584468,-0.4182));
#3738=CARTESIAN_POINT('',(0.0154170142693659,-0.0468756242584468,-0.5898));
#3739=CARTESIAN_POINT('',(0.0015,-0.0618364779074617,-0.419998));
#3740=CARTESIAN_POINT('',(0.0015,-0.0618364779074617,-0.582));
#3741=CARTESIAN_POINT('',(0.0015,-0.0618364779074617,-0.426));
#3742=CARTESIAN_POINT('',(0.0165,-0.0618364779074617,-0.582));
#3743=CARTESIAN_POINT('',(0.0126328125,-0.0473435533979004,-0.582));
#3744=CARTESIAN_POINT('',(0.0126328125,-0.0473435533979004,-0.419998));
#3745=CARTESIAN_POINT('',(0.0126328125,-0.0473435533979004,-0.426));
#3746=CARTESIAN_POINT('',(0.0165,-0.0618364779074617,-0.426));
#3747=CARTESIAN_POINT('',(0.0211660424767531,-0.0445758580901501,-0.5802));
#3748=CARTESIAN_POINT('',(0.0211660424767531,-0.0445758580901501,-0.7518));
#3749=CARTESIAN_POINT('',(0.0284545715442991,-0.038575094581629,-0.5802));
#3750=CARTESIAN_POINT('',(0.0284545715442991,-0.038575094581629,-0.7518));
#3751=CARTESIAN_POINT('',(0.0377997786005783,-0.0399163342056081,-0.5802));
#3752=CARTESIAN_POINT('',(0.0377997786005783,-0.0399163342056081,-0.7518));
#3753=CARTESIAN_POINT('',(0.0431063880539775,-0.0477247728947928,-0.5802));
#3754=CARTESIAN_POINT('',(0.0431063880539775,-0.0477247728947928,-0.7518));
#3755=CARTESIAN_POINT('',(0.0413067811576573,-0.0455494218447766,-0.419998));
#3756=CARTESIAN_POINT('',(0.0413067811576573,-0.0455494218447766,-0.588));
#3757=CARTESIAN_POINT('',(0.0413067811576573,-0.0455494218447766,-0.744));
#3758=CARTESIAN_POINT('',(0.0307001794398591,-0.0561560235625748,-0.588));
#3759=CARTESIAN_POINT('',(0.0235048248836421,-0.0429944555400963,-0.588));
#3760=CARTESIAN_POINT('',(0.0235048248836421,-0.0429944555400963,-0.419998));
#3761=CARTESIAN_POINT('',(0.0235048248836421,-0.0429944555400963,-0.744));
#3762=CARTESIAN_POINT('',(0.0307001794398591,-0.0561560235625748,-0.744));
#3763=CARTESIAN_POINT('',(0.0477247728947929,-0.0431063880539775,-0.5802));
#3764=CARTESIAN_POINT('',(0.0477247728947929,-0.0431063880539775,-0.7518));
#3765=CARTESIAN_POINT('',(0.0399163342056081,-0.0377997786005783,-0.5802));
#3766=CARTESIAN_POINT('',(0.0399163342056081,-0.0377997786005783,-0.7518));
#3767=CARTESIAN_POINT('',(0.038575094581629,-0.0284545715442991,-0.5802));
#3768=CARTESIAN_POINT('',(0.038575094581629,-0.0284545715442991,-0.7518));
#3769=CARTESIAN_POINT('',(0.0445758580901501,-0.0211660424767531,-0.5802));
#3770=CARTESIAN_POINT('',(0.0445758580901501,-0.0211660424767531,-0.7518));
#3771=CARTESIAN_POINT('',(0.0455494218447766,-0.0413067811576572,-0.629044444872763));
#3772=CARTESIAN_POINT('',(0.0455494218447766,-0.0413067811576573,-0.744));
#3773=CARTESIAN_POINT('',(0.0455494218447766,-0.0413067811576573,-0.588));
#3774=CARTESIAN_POINT('',(0.0561560235625748,-0.030700179439859,-0.744));
#3775=CARTESIAN_POINT('',(0.0429944555400964,-0.0235048248836421,-0.744));
#3776=CARTESIAN_POINT('',(0.0429944555400964,-0.0235048248836421,-0.419998));
#3777=CARTESIAN_POINT('',(0.0429944555400964,-0.0235048248836421,-0.588));
#3778=CARTESIAN_POINT('',(0.0561560235625748,-0.030700179439859,-0.588));
#3779=CARTESIAN_POINT('',(0.0411560235625748,-0.030700179439859,-0.588));
#3780=CARTESIAN_POINT('',(0.0561560235625748,-0.030700179439859,-0.588));
#3781=CARTESIAN_POINT('',(0.0468756242584468,-0.0154170142693659,-0.4182));
#3782=CARTESIAN_POINT('',(0.0468756242584468,-0.0154170142693659,-0.5898));
#3783=CARTESIAN_POINT('',(0.0475701168904126,-0.00582297961751897,-0.4182));
#3784=CARTESIAN_POINT('',(0.0475701168904126,-0.00582297961751897,-0.5898));
#3785=CARTESIAN_POINT('',(0.0551984407478133,3.67555337745188E-5,-0.4182));
#3786=CARTESIAN_POINT('',(0.0551984407478133,3.67555337745188E-5,-0.5898));
#3787=CARTESIAN_POINT('',(0.0646471976262476,-0.00176569123906967,-0.4182));
#3788=CARTESIAN_POINT('',(0.0646471976262476,-0.00176569123906967,-0.5898));
#3789=CARTESIAN_POINT('',(0.0618364779074617,-0.0015,-0.45));
#3790=CARTESIAN_POINT('',(0.0618364779074617,-0.0015,-0.426));
#3791=CARTESIAN_POINT('',(0.0618364779074617,-0.0015,-0.582));
#3792=CARTESIAN_POINT('',(0.0618364779074617,-0.0165,-0.426));
#3793=CARTESIAN_POINT('',(0.0473435533979004,-0.0126328125,-0.426));
#3794=CARTESIAN_POINT('',(0.0473435533979004,-0.0126328125,-0.419998));
#3795=CARTESIAN_POINT('',(0.0473435533979004,-0.0126328125,-0.582));
#3796=CARTESIAN_POINT('',(0.0618364779074617,-0.0165,-0.582));
#3797=CARTESIAN_POINT('',(0.0646471976262476,0.00176569123906967,-0.4182));
#3798=CARTESIAN_POINT('',(0.0646471976262476,0.00176569123906967,-0.5898));
#3799=CARTESIAN_POINT('',(0.0551984407478134,-3.67555337745212E-5,-0.4182));
#3800=CARTESIAN_POINT('',(0.0551984407478134,-3.67555337745212E-5,-0.5898));
#3801=CARTESIAN_POINT('',(0.0475701168904126,0.00582297961751896,-0.4182));
#3802=CARTESIAN_POINT('',(0.0475701168904126,0.00582297961751896,-0.5898));
#3803=CARTESIAN_POINT('',(0.0468756242584468,0.0154170142693659,-0.4182));
#3804=CARTESIAN_POINT('',(0.0468756242584468,0.0154170142693659,-0.5898));
#3805=CARTESIAN_POINT('',(0.0618364779074617,0.0015,-0.419998));
#3806=CARTESIAN_POINT('',(0.0618364779074617,0.0015,-0.582));
#3807=CARTESIAN_POINT('',(0.0618364779074617,0.0015,-0.426));
#3808=CARTESIAN_POINT('',(0.0618364779074617,0.0165,-0.582));
#3809=CARTESIAN_POINT('',(0.0618364779074617,0.0165,-0.426));
#3810=CARTESIAN_POINT('',(0.04988505601883,-0.049971213585582,-0.42));
#3811=CARTESIAN_POINT('',(0.04988505601883,0.0497598986806119,-0.42));
#3812=CARTESIAN_POINT('',(-0.0495897717058777,-0.049971213585582,-0.42));
#3813=CARTESIAN_POINT('',(-0.0495897717058777,0.0497598986806119,-0.42));
#3814=CARTESIAN_POINT('',(0.,0.,-0.42));
#3815=CARTESIAN_POINT('',(0.,-2.87791997799628E-18,-0.42));
#3816=CARTESIAN_POINT('',(-0.047,-2.87791997799628E-18,-0.42));
#3817=CARTESIAN_POINT('',(-0.047,-2.87791997799628E-18,-0.75));
#3818=CARTESIAN_POINT('',(-0.047,0.094,-0.42));
#3819=CARTESIAN_POINT('',(-0.047,0.094,-0.75));
#3820=CARTESIAN_POINT('',(0.047,0.094,-0.42));
#3821=CARTESIAN_POINT('',(0.047,0.094,-0.75));
#3822=CARTESIAN_POINT('',(0.047,2.87791997799628E-18,-0.42));
#3823=CARTESIAN_POINT('',(0.047,2.87791997799628E-18,-0.75));
#3824=CARTESIAN_POINT('',(0.,-2.87791997799628E-18,-0.75));
#3825=CARTESIAN_POINT('',(0.049,6.00076931582203E-18,-0.42));
#3826=CARTESIAN_POINT('',(0.049,6.00076931582203E-18,-0.75));
#3827=CARTESIAN_POINT('',(0.049,-0.098,-0.42));
#3828=CARTESIAN_POINT('',(0.049,-0.098,-0.75));
#3829=CARTESIAN_POINT('',(-0.049,-0.098,-0.42));
#3830=CARTESIAN_POINT('',(-0.049,-0.098,-0.75));
#3831=CARTESIAN_POINT('',(-0.049,0.,-0.42));
#3832=CARTESIAN_POINT('',(-0.049,0.,-0.75));
#3833=CARTESIAN_POINT('',(0.,0.,-0.426));
#3834=CARTESIAN_POINT('',(0.,0.,-0.582));
#3835=CARTESIAN_POINT('',(0.,0.,-0.75));
#3836=CARTESIAN_POINT('',(0.,0.,-0.582));
#3837=CARTESIAN_POINT('',(0.,0.,-0.426));
#3838=CARTESIAN_POINT('',(0.,0.,-0.744));
#3839=CARTESIAN_POINT('',(0.,0.,-0.588));
#3840=CARTESIAN_POINT('',(0.,0.,-0.582));
#3841=CARTESIAN_POINT('',(0.,0.,-0.426));
#3842=CARTESIAN_POINT('',(0.,0.,-0.744));
#3843=CARTESIAN_POINT('',(0.,0.,-0.588));
#3844=CARTESIAN_POINT('',(-0.04988505601883,0.0497598986806119,-0.75));
#3845=CARTESIAN_POINT('',(-0.04988505601883,-0.049971213585582,-0.75));
#3846=CARTESIAN_POINT('',(0.0495897717058777,0.0497598986806119,-0.75));
#3847=CARTESIAN_POINT('',(0.0495897717058777,-0.049971213585582,-0.75));
#3848=CARTESIAN_POINT('',(0.0557533018028348,-0.0015,-0.714317473096775));
#3849=CARTESIAN_POINT('',(0.0557533018028348,-0.0015,-0.185682526903225));
#3850=CARTESIAN_POINT('',(0.189583176104627,-0.0015,-0.714317473096775));
#3851=CARTESIAN_POINT('',(0.189583176104627,-0.0015,-0.185682526903225));
#3852=CARTESIAN_POINT('',(0.234564339828221,-0.0015,-0.33168566017178));
#3853=CARTESIAN_POINT('',(0.1835,-0.0015,-0.28062132034356));
#3854=CARTESIAN_POINT('',(0.11543933982822,-0.0015,-0.21256066017178));
#3855=CARTESIAN_POINT('',(0.1165,-0.0015,-0.213621320343559));
#3856=CARTESIAN_POINT('',(0.115,-0.0015,-0.213621320343559));
#3857=CARTESIAN_POINT('',(0.115,-0.0015,-0.318));
#3858=CARTESIAN_POINT('',(0.115,-0.0015,-0.426));
#3859=CARTESIAN_POINT('',(0.08125,-0.0015,-0.426));
#3860=CARTESIAN_POINT('',(0.08125,-0.0015,-0.582));
#3861=CARTESIAN_POINT('',(0.115,-0.0015,-0.582));
#3862=CARTESIAN_POINT('',(0.115,-0.0015,-0.636));
#3863=CARTESIAN_POINT('',(0.115,-0.0015,-0.68637867965644));
#3864=CARTESIAN_POINT('',(0.1165,-0.0015,-0.68637867965644));
#3865=CARTESIAN_POINT('',(0.11543933982822,-0.0015,-0.68743933982822));
#3866=CARTESIAN_POINT('',(0.234564339828221,-0.0015,-0.56831433982822));
#3867=CARTESIAN_POINT('',(0.1835,-0.0015,-0.61937867965644));
#3868=CARTESIAN_POINT('',(0.1835,-0.0015,-0.45));
#3869=CARTESIAN_POINT('',(0.0557533018028348,0.0015,-0.714317473096775));
#3870=CARTESIAN_POINT('',(0.0557533018028348,0.0015,-0.185682526903225));
#3871=CARTESIAN_POINT('',(0.189583176104627,0.0015,-0.714317473096775));
#3872=CARTESIAN_POINT('',(0.189583176104627,0.0015,-0.185682526903225));
#3873=CARTESIAN_POINT('',(0.115,0.0015,-0.318));
#3874=CARTESIAN_POINT('',(0.115,0.0015,-0.426));
#3875=CARTESIAN_POINT('',(0.115,0.0015,-0.213621320343559));
#3876=CARTESIAN_POINT('',(0.1165,0.0015,-0.213621320343559));
#3877=CARTESIAN_POINT('',(0.11543933982822,0.0015,-0.21256066017178));
#3878=CARTESIAN_POINT('',(0.18393933982822,0.0015,-0.28106066017178));
#3879=CARTESIAN_POINT('',(0.1835,0.0015,-0.28062132034356));
#3880=CARTESIAN_POINT('',(0.1835,0.0015,-0.62));
#3881=CARTESIAN_POINT('',(0.1835,0.0015,-0.61937867965644));
#3882=CARTESIAN_POINT('',(0.11393933982822,0.0015,-0.68893933982822));
#3883=CARTESIAN_POINT('',(0.11543933982822,0.0015,-0.68743933982822));
#3884=CARTESIAN_POINT('',(0.1165,0.0015,-0.68637867965644));
#3885=CARTESIAN_POINT('',(0.115,0.0015,-0.68637867965644));
#3886=CARTESIAN_POINT('',(0.115,0.0015,-0.636));
#3887=CARTESIAN_POINT('',(0.115,0.0015,-0.582));
#3888=CARTESIAN_POINT('',(0.08125,0.0015,-0.582));
#3889=CARTESIAN_POINT('',(0.08125,0.0015,-0.426));
#3890=CARTESIAN_POINT('',(0.115,-0.00165,-0.436618933982822));
#3891=CARTESIAN_POINT('',(0.115,0.00165,-0.436618933982822));
#3892=CARTESIAN_POINT('',(0.115,-0.00165,-0.203002386360737));
#3893=CARTESIAN_POINT('',(0.115,0.00165,-0.203002386360737));
#3894=CARTESIAN_POINT('',(0.115,-0.0015,-0.213621320343559));
#3895=CARTESIAN_POINT('',(0.115,-0.0015,-0.426));
#3896=CARTESIAN_POINT('',(0.0435344954542022,-0.014062846875,-0.426));
#3897=CARTESIAN_POINT('',(0.0435344954542022,0.014062846875,-0.426));
#3898=CARTESIAN_POINT('',(0.118403119264086,-0.014062846875,-0.426));
#3899=CARTESIAN_POINT('',(0.118403119264086,0.014062846875,-0.426));
#3900=CARTESIAN_POINT('',(0.118403119264086,-0.014062846875,-0.582));
#3901=CARTESIAN_POINT('',(0.118403119264086,0.014062846875,-0.582));
#3902=CARTESIAN_POINT('',(0.0435344954542022,-0.014062846875,-0.582));
#3903=CARTESIAN_POINT('',(0.0435344954542022,0.014062846875,-0.582));
#3904=CARTESIAN_POINT('',(0.115,-0.0015,-0.582));
#3905=CARTESIAN_POINT('',(0.115,-0.00165,-0.691597613639262));
#3906=CARTESIAN_POINT('',(0.115,0.00165,-0.691597613639262));
#3907=CARTESIAN_POINT('',(0.115,-0.00165,-0.576781066017178));
#3908=CARTESIAN_POINT('',(0.115,0.00165,-0.576781066017178));
#3909=CARTESIAN_POINT('',(0.115,-0.0015,-0.68637867965644));
#3910=CARTESIAN_POINT('',(0.248674725550867,-0.244432084863748,-0.816068039418361));
#3911=CARTESIAN_POINT('',(0.248674725550867,-0.244432084863748,-0.435374583386385));
#3912=CARTESIAN_POINT('',(0.0358767883349627,-0.0316341476478433,-0.816068039418361));
#3913=CARTESIAN_POINT('',(0.0358767883349627,-0.0316341476478432,-0.435374583386385));
#3914=CARTESIAN_POINT('',(0.0855599205235722,-0.0813172798364529,-0.456738110321713));
#3915=CARTESIAN_POINT('',(0.0834386001800125,-0.0791959594928933,-0.456738110321713));
#3916=CARTESIAN_POINT('',(0.0839834722870759,-0.0797408315999566,-0.454730718502636));
#3917=CARTESIAN_POINT('',(0.237582651673286,-0.233340010986166,-0.650318324221957));
#3918=CARTESIAN_POINT('',(0.239002092041053,-0.234759451353934,-0.652125787934344));
#3919=CARTESIAN_POINT('',(0.239002092041053,-0.234759451353934,-0.728088889745525));
#3920=CARTESIAN_POINT('',(0.239002092041053,-0.234759451353934,-0.79671190430211));
#3921=CARTESIAN_POINT('',(0.0854242998568051,-0.0811816591696858,-0.739364493731506));
#3922=CARTESIAN_POINT('',(0.0978383009649292,-0.09359566027781,-0.744));
#3923=CARTESIAN_POINT('',(0.0595737463149666,-0.0553311056278474,-0.744));
#3924=CARTESIAN_POINT('',(0.0595737463149666,-0.0553311056278473,-0.588));
#3925=CARTESIAN_POINT('',(0.0834386001800125,-0.0791959594928933,-0.588));
#3926=CARTESIAN_POINT('',(0.0834386001800125,-0.0791959594928933,-0.519));
#3927=CARTESIAN_POINT('',(0.244432084863748,-0.248674725550867,-0.816068039418361));
#3928=CARTESIAN_POINT('',(0.244432084863748,-0.248674725550867,-0.435374583386385));
#3929=CARTESIAN_POINT('',(0.0316341476478433,-0.0358767883349627,-0.816068039418361));
#3930=CARTESIAN_POINT('',(0.0316341476478433,-0.0358767883349627,-0.435374583386385));
#3931=CARTESIAN_POINT('',(0.234759451353934,-0.239002092041053,-0.728088889745525));
#3932=CARTESIAN_POINT('',(0.234759451353934,-0.239002092041053,-0.652125787934344));
#3933=CARTESIAN_POINT('',(0.234759451353934,-0.239002092041053,-0.79671190430211));
#3934=CARTESIAN_POINT('',(0.170507886922949,-0.174750527610069,-0.570310183834149));
#3935=CARTESIAN_POINT('',(0.0797408315999567,-0.083983472287076,-0.454730718502636));
#3936=CARTESIAN_POINT('',(0.0813172798364529,-0.0855599205235722,-0.456738110321713));
#3937=CARTESIAN_POINT('',(0.0791959594928933,-0.0834386001800126,-0.456738110321713));
#3938=CARTESIAN_POINT('',(0.0791959594928933,-0.0834386001800126,-0.519));
#3939=CARTESIAN_POINT('',(0.0791959594928933,-0.0834386001800126,-0.588));
#3940=CARTESIAN_POINT('',(0.0553311056278473,-0.0595737463149666,-0.588));
#3941=CARTESIAN_POINT('',(0.0553311056278474,-0.0595737463149667,-0.744));
#3942=CARTESIAN_POINT('',(0.0935956602778099,-0.0978383009649292,-0.744));
#3943=CARTESIAN_POINT('',(0.110473428810697,-0.114716069497816,-0.75030231954637));
#3944=CARTESIAN_POINT('',(0.0789838274585373,-0.0836507322143685,-0.594563094483915));
#3945=CARTESIAN_POINT('',(0.0789838274585373,-0.0836507322143685,-0.450175015837798));
#3946=CARTESIAN_POINT('',(0.0836507322143685,-0.0789838274585373,-0.594563094483915));
#3947=CARTESIAN_POINT('',(0.0836507322143685,-0.0789838274585373,-0.450175015837798));
#3948=CARTESIAN_POINT('',(0.0834386001800125,-0.0791959594928933,-0.456738110321713));
#3949=CARTESIAN_POINT('',(0.0834386001800125,-0.0791959594928933,-0.588));
#3950=CARTESIAN_POINT('',(0.239214224075409,-0.234547319319578,-0.816022105442729));
#3951=CARTESIAN_POINT('',(0.239214224075409,-0.234547319319578,-0.641491360104246));
#3952=CARTESIAN_POINT('',(0.234547319319578,-0.239214224075409,-0.816022105442729));
#3953=CARTESIAN_POINT('',(0.234547319319578,-0.239214224075409,-0.641491360104246));
#3954=CARTESIAN_POINT('',(0.236880771697493,-0.236880771697493,-0.652125787934344));
#3955=CARTESIAN_POINT('',(0.238457219933989,-0.235304323460997,-0.64942457580145));
#3956=CARTESIAN_POINT('',(0.239002092041053,-0.234759451353934,-0.64942457580145));
#3957=CARTESIAN_POINT('',(0.235304323460997,-0.238457219933989,-0.64942457580145));
#3958=CARTESIAN_POINT('',(0.236880771697493,-0.236880771697493,-0.652125787934344));
#3959=CARTESIAN_POINT('',(0.231857589789954,-0.241903953605032,-0.780871226782842));
#3960=CARTESIAN_POINT('',(0.236843606954731,-0.236917936440256,-0.808088889745525));
#3961=CARTESIAN_POINT('',(0.239002092041053,-0.234759451353934,-0.808088889745525));
#3962=CARTESIAN_POINT('',(0.236917936440256,-0.236843606954731,-0.808088889745525));
#3963=CARTESIAN_POINT('',(0.246969157248046,-0.22679238614694,-0.753221300792439));
#3964=CARTESIAN_POINT('',(0.0666377638214259,-0.245727037128472,-0.777955349205196));
#3965=CARTESIAN_POINT('',(0.0724738015794419,-0.0724710144054742,-0.746697240597955));
#3966=CARTESIAN_POINT('',(0.245724249954504,-0.245727037128472,-0.811391649147571));
#3967=CARTESIAN_POINT('',(0.25156028771252,-0.0724710144054742,-0.780133540540329));
#3968=CARTESIAN_POINT('',(0.0834386001800126,-0.0791959594928933,-0.75));
#3969=CARTESIAN_POINT('',(0.081354444579216,-0.0812801150936899,-0.75));
#3970=CARTESIAN_POINT('',(0.0812801150936899,-0.081354444579216,-0.75));
#3971=CARTESIAN_POINT('',(0.236917936440256,-0.236843606954731,-0.808088889745525));
#3972=CARTESIAN_POINT('',(0.15906186102421,-0.159136190509736,-0.779044444872763));
#3973=CARTESIAN_POINT('',(0.0800523420871944,-0.0825822175857115,-0.7503));
#3974=CARTESIAN_POINT('',(0.0800523420871944,-0.0825822175857115,-0.7437));
#3975=CARTESIAN_POINT('',(0.0825822175857115,-0.0800523420871944,-0.7503));
#3976=CARTESIAN_POINT('',(0.0825822175857115,-0.0800523420871944,-0.7437));
#3977=CARTESIAN_POINT('',(0.0834386001800126,-0.0791959594928933,-0.744));
#3978=CARTESIAN_POINT('',(0.0824535875522799,-0.080180972120626,-0.744));
#3979=CARTESIAN_POINT('',(0.080180972120626,-0.0824535875522799,-0.744));
#3980=CARTESIAN_POINT('',(0.081433631057455,-0.0812009286154509,-0.74956773697228));
#3981=CARTESIAN_POINT('',(0.0862661322584655,-0.0763684274144403,-0.777217662962683));
#3982=CARTESIAN_POINT('',(0.0192975501374413,-0.10204557571113,-0.744));
#3983=CARTESIAN_POINT('',(0.0192975501374413,-0.0192975501374412,-0.744));
#3984=CARTESIAN_POINT('',(0.10204557571113,-0.10204557571113,-0.744));
#3985=CARTESIAN_POINT('',(0.10204557571113,-0.0192975501374412,-0.744));
#3986=CARTESIAN_POINT('',(0.05714666306997,-0.0581146202139035,-0.744));
#3987=CARTESIAN_POINT('',(0.0578455136681605,-0.0568380366572488,-0.744));
#3988=CARTESIAN_POINT('',(0.0868308518617871,-0.0868308518617872,-0.588));
#3989=CARTESIAN_POINT('',(0.0868308518617871,-0.0201125732018675,-0.588));
#3990=CARTESIAN_POINT('',(0.0201125732018675,-0.0868308518617872,-0.588));
#3991=CARTESIAN_POINT('',(0.0201125732018675,-0.0201125732018675,-0.588));
#3992=CARTESIAN_POINT('',(-0.0015,-0.0557533018028348,-0.714317473096775));
#3993=CARTESIAN_POINT('',(-0.0015,-0.0557533018028348,-0.185682526903225));
#3994=CARTESIAN_POINT('',(-0.0015,-0.189583176104627,-0.714317473096775));
#3995=CARTESIAN_POINT('',(-0.0015,-0.189583176104627,-0.185682526903225));
#3996=CARTESIAN_POINT('',(-0.0015,-0.115,-0.636));
#3997=CARTESIAN_POINT('',(-0.0015,-0.115,-0.68637867965644));
#3998=CARTESIAN_POINT('',(-0.0015,-0.115,-0.582));
#3999=CARTESIAN_POINT('',(-0.0015,-0.1165,-0.68637867965644));
#4000=CARTESIAN_POINT('',(-0.0015,-0.11543933982822,-0.68743933982822));
#4001=CARTESIAN_POINT('',(-0.00149999999999999,-0.234564339828221,-0.56831433982822));
#4002=CARTESIAN_POINT('',(-0.0015,-0.1835,-0.61937867965644));
#4003=CARTESIAN_POINT('',(-0.0015,-0.1835,-0.45));
#4004=CARTESIAN_POINT('',(-0.0015,-0.1835,-0.28062132034356));
#4005=CARTESIAN_POINT('',(-0.00149999999999999,-0.234564339828221,-0.33168566017178));
#4006=CARTESIAN_POINT('',(-0.0015,-0.11543933982822,-0.21256066017178));
#4007=CARTESIAN_POINT('',(-0.0015,-0.1165,-0.213621320343559));
#4008=CARTESIAN_POINT('',(-0.0015,-0.115,-0.213621320343559));
#4009=CARTESIAN_POINT('',(-0.0015,-0.115,-0.318));
#4010=CARTESIAN_POINT('',(-0.0015,-0.115,-0.426));
#4011=CARTESIAN_POINT('',(-0.0015,-0.08125,-0.426));
#4012=CARTESIAN_POINT('',(-0.0015,-0.08125,-0.582));
#4013=CARTESIAN_POINT('',(0.0015,-0.0557533018028348,-0.714317473096775));
#4014=CARTESIAN_POINT('',(0.0015,-0.0557533018028348,-0.185682526903225));
#4015=CARTESIAN_POINT('',(0.0015,-0.189583176104627,-0.714317473096775));
#4016=CARTESIAN_POINT('',(0.0015,-0.189583176104627,-0.185682526903225));
#4017=CARTESIAN_POINT('',(0.0015,-0.11393933982822,-0.68893933982822));
#4018=CARTESIAN_POINT('',(0.0015,-0.1835,-0.61937867965644));
#4019=CARTESIAN_POINT('',(0.0015,-0.11543933982822,-0.68743933982822));
#4020=CARTESIAN_POINT('',(0.0015,-0.1165,-0.68637867965644));
#4021=CARTESIAN_POINT('',(0.0015,-0.115,-0.68637867965644));
#4022=CARTESIAN_POINT('',(0.0015,-0.115,-0.636));
#4023=CARTESIAN_POINT('',(0.0015,-0.115,-0.582));
#4024=CARTESIAN_POINT('',(0.0015,-0.08125,-0.582));
#4025=CARTESIAN_POINT('',(0.0015,-0.08125,-0.426));
#4026=CARTESIAN_POINT('',(0.0015,-0.115,-0.426));
#4027=CARTESIAN_POINT('',(0.0015,-0.115,-0.318));
#4028=CARTESIAN_POINT('',(0.0015,-0.115,-0.213621320343559));
#4029=CARTESIAN_POINT('',(0.0015,-0.1165,-0.213621320343559));
#4030=CARTESIAN_POINT('',(0.0015,-0.11543933982822,-0.21256066017178));
#4031=CARTESIAN_POINT('',(0.0015,-0.18393933982822,-0.28106066017178));
#4032=CARTESIAN_POINT('',(0.0015,-0.1835,-0.28062132034356));
#4033=CARTESIAN_POINT('',(0.0015,-0.1835,-0.62));
#4034=CARTESIAN_POINT('',(-0.00165,-0.115,-0.436618933982822));
#4035=CARTESIAN_POINT('',(0.00165,-0.115,-0.436618933982822));
#4036=CARTESIAN_POINT('',(-0.00165,-0.115,-0.203002386360737));
#4037=CARTESIAN_POINT('',(0.00165,-0.115,-0.203002386360737));
#4038=CARTESIAN_POINT('',(-0.0015,-0.115,-0.213621320343559));
#4039=CARTESIAN_POINT('',(-0.0015,-0.115,-0.426));
#4040=CARTESIAN_POINT('',(-0.014062846875,-0.118403119264086,-0.426));
#4041=CARTESIAN_POINT('',(-0.014062846875,-0.0435344954542022,-0.426));
#4042=CARTESIAN_POINT('',(0.014062846875,-0.118403119264086,-0.426));
#4043=CARTESIAN_POINT('',(0.014062846875,-0.0435344954542022,-0.426));
#4044=CARTESIAN_POINT('',(0.014062846875,-0.118403119264086,-0.582));
#4045=CARTESIAN_POINT('',(0.014062846875,-0.0435344954542022,-0.582));
#4046=CARTESIAN_POINT('',(-0.014062846875,-0.118403119264086,-0.582));
#4047=CARTESIAN_POINT('',(-0.014062846875,-0.0435344954542022,-0.582));
#4048=CARTESIAN_POINT('',(-0.0015,-0.115,-0.582));
#4049=CARTESIAN_POINT('',(0.00165,-0.115,-0.691597613639262));
#4050=CARTESIAN_POINT('',(0.00165,-0.115,-0.576781066017178));
#4051=CARTESIAN_POINT('',(-0.00165,-0.115,-0.691597613639262));
#4052=CARTESIAN_POINT('',(-0.00165,-0.115,-0.576781066017178));
#4053=CARTESIAN_POINT('',(-0.0015,-0.115,-0.68637867965644));
#4054=CARTESIAN_POINT('',(-0.244432084863748,-0.248674725550867,-0.816068039418361));
#4055=CARTESIAN_POINT('',(-0.244432084863747,-0.248674725550867,-0.435374583386385));
#4056=CARTESIAN_POINT('',(-0.0316341476478433,-0.0358767883349627,-0.816068039418361));
#4057=CARTESIAN_POINT('',(-0.0316341476478432,-0.0358767883349627,-0.435374583386385));
#4058=CARTESIAN_POINT('',(-0.0813172798364529,-0.0855599205235722,-0.456738110321713));
#4059=CARTESIAN_POINT('',(-0.0791959594928933,-0.0834386001800125,-0.456738110321713));
#4060=CARTESIAN_POINT('',(-0.0797408315999566,-0.0839834722870759,-0.454730718502636));
#4061=CARTESIAN_POINT('',(-0.233340010986166,-0.237582651673286,-0.650318324221957));
#4062=CARTESIAN_POINT('',(-0.234759451353934,-0.239002092041053,-0.652125787934344));
#4063=CARTESIAN_POINT('',(-0.234759451353934,-0.239002092041053,-0.728088889745525));
#4064=CARTESIAN_POINT('',(-0.234759451353934,-0.239002092041053,-0.79671190430211));
#4065=CARTESIAN_POINT('',(-0.0811816591696858,-0.0854242998568051,-0.739364493731506));
#4066=CARTESIAN_POINT('',(-0.09359566027781,-0.0978383009649292,-0.744));
#4067=CARTESIAN_POINT('',(-0.0553311056278474,-0.0595737463149667,-0.744));
#4068=CARTESIAN_POINT('',(-0.0553311056278473,-0.0595737463149666,-0.588));
#4069=CARTESIAN_POINT('',(-0.0791959594928933,-0.0834386001800125,-0.588));
#4070=CARTESIAN_POINT('',(-0.0791959594928933,-0.0834386001800125,-0.519));
#4071=CARTESIAN_POINT('',(-0.248674725550867,-0.244432084863748,-0.816068039418361));
#4072=CARTESIAN_POINT('',(-0.248674725550867,-0.244432084863748,-0.435374583386385));
#4073=CARTESIAN_POINT('',(-0.0358767883349627,-0.0316341476478433,-0.816068039418361));
#4074=CARTESIAN_POINT('',(-0.0358767883349627,-0.0316341476478433,-0.435374583386385));
#4075=CARTESIAN_POINT('',(-0.239002092041053,-0.234759451353934,-0.728088889745525));
#4076=CARTESIAN_POINT('',(-0.239002092041053,-0.234759451353934,-0.652125787934344));
#4077=CARTESIAN_POINT('',(-0.239002092041053,-0.234759451353934,-0.79671190430211));
#4078=CARTESIAN_POINT('',(-0.174750527610069,-0.170507886922949,-0.570310183834149));
#4079=CARTESIAN_POINT('',(-0.083983472287076,-0.0797408315999567,-0.454730718502636));
#4080=CARTESIAN_POINT('',(-0.0855599205235722,-0.0813172798364529,-0.456738110321713));
#4081=CARTESIAN_POINT('',(-0.0834386001800126,-0.0791959594928933,-0.456738110321713));
#4082=CARTESIAN_POINT('',(-0.0834386001800126,-0.0791959594928933,-0.519));
#4083=CARTESIAN_POINT('',(-0.0834386001800126,-0.0791959594928933,-0.588));
#4084=CARTESIAN_POINT('',(-0.0595737463149666,-0.0553311056278473,-0.588));
#4085=CARTESIAN_POINT('',(-0.0595737463149666,-0.0553311056278474,-0.744));
#4086=CARTESIAN_POINT('',(-0.0978383009649292,-0.0935956602778099,-0.744));
#4087=CARTESIAN_POINT('',(-0.114716069497816,-0.110473428810697,-0.75030231954637));
#4088=CARTESIAN_POINT('',(-0.0836507322143685,-0.0789838274585373,-0.594563094483915));
#4089=CARTESIAN_POINT('',(-0.0836507322143685,-0.0789838274585373,-0.450175015837798));
#4090=CARTESIAN_POINT('',(-0.0789838274585373,-0.0836507322143685,-0.594563094483915));
#4091=CARTESIAN_POINT('',(-0.0789838274585373,-0.0836507322143685,-0.450175015837798));
#4092=CARTESIAN_POINT('',(-0.0791959594928933,-0.0834386001800125,-0.456738110321713));
#4093=CARTESIAN_POINT('',(-0.0791959594928933,-0.0834386001800125,-0.588));
#4094=CARTESIAN_POINT('',(-0.234547319319578,-0.239214224075409,-0.816022105442729));
#4095=CARTESIAN_POINT('',(-0.234547319319578,-0.239214224075409,-0.641491360104246));
#4096=CARTESIAN_POINT('',(-0.239214224075409,-0.234547319319578,-0.816022105442729));
#4097=CARTESIAN_POINT('',(-0.239214224075409,-0.234547319319578,-0.641491360104246));
#4098=CARTESIAN_POINT('',(-0.236880771697493,-0.236880771697493,-0.652125787934344));
#4099=CARTESIAN_POINT('',(-0.235304323460997,-0.238457219933989,-0.64942457580145));
#4100=CARTESIAN_POINT('',(-0.234759451353934,-0.239002092041053,-0.64942457580145));
#4101=CARTESIAN_POINT('',(-0.238457219933989,-0.235304323460997,-0.64942457580145));
#4102=CARTESIAN_POINT('',(-0.236880771697493,-0.236880771697493,-0.652125787934344));
#4103=CARTESIAN_POINT('',(-0.241903953605032,-0.231857589789954,-0.780871226782842));
#4104=CARTESIAN_POINT('',(-0.236917936440256,-0.236843606954731,-0.808088889745525));
#4105=CARTESIAN_POINT('',(-0.234759451353934,-0.239002092041053,-0.808088889745525));
#4106=CARTESIAN_POINT('',(-0.236843606954731,-0.236917936440256,-0.808088889745525));
#4107=CARTESIAN_POINT('',(-0.22679238614694,-0.246969157248046,-0.753221300792439));
#4108=CARTESIAN_POINT('',(-0.245724249954504,-0.245727037128472,-0.811391649147571));
#4109=CARTESIAN_POINT('',(-0.25156028771252,-0.0724710144054742,-0.780133540540329));
#4110=CARTESIAN_POINT('',(-0.0666377638214259,-0.245727037128472,-0.777955349205196));
#4111=CARTESIAN_POINT('',(-0.0724738015794419,-0.0724710144054742,-0.746697240597955));
#4112=CARTESIAN_POINT('',(-0.0791959594928933,-0.0834386001800126,-0.75));
#4113=CARTESIAN_POINT('',(-0.0812801150936899,-0.081354444579216,-0.75));
#4114=CARTESIAN_POINT('',(-0.081354444579216,-0.0812801150936899,-0.75));
#4115=CARTESIAN_POINT('',(-0.236843606954731,-0.236917936440256,-0.808088889745525));
#4116=CARTESIAN_POINT('',(-0.159136190509736,-0.15906186102421,-0.779044444872763));
#4117=CARTESIAN_POINT('',(-0.0825822175857115,-0.0800523420871944,-0.7503));
#4118=CARTESIAN_POINT('',(-0.0825822175857115,-0.0800523420871944,-0.7437));
#4119=CARTESIAN_POINT('',(-0.0800523420871944,-0.0825822175857115,-0.7503));
#4120=CARTESIAN_POINT('',(-0.0800523420871944,-0.0825822175857115,-0.7437));
#4121=CARTESIAN_POINT('',(-0.0791959594928933,-0.0834386001800126,-0.744));
#4122=CARTESIAN_POINT('',(-0.080180972120626,-0.0824535875522799,-0.744));
#4123=CARTESIAN_POINT('',(-0.0824535875522799,-0.080180972120626,-0.744));
#4124=CARTESIAN_POINT('',(-0.0812009286154509,-0.081433631057455,-0.74956773697228));
#4125=CARTESIAN_POINT('',(-0.0763684274144403,-0.0862661322584655,-0.777217662962683));
#4126=CARTESIAN_POINT('',(-0.10204557571113,-0.0192975501374412,-0.744));
#4127=CARTESIAN_POINT('',(-0.0192975501374412,-0.0192975501374412,-0.744));
#4128=CARTESIAN_POINT('',(-0.10204557571113,-0.10204557571113,-0.744));
#4129=CARTESIAN_POINT('',(-0.0192975501374412,-0.10204557571113,-0.744));
#4130=CARTESIAN_POINT('',(-0.0581146202139035,-0.05714666306997,-0.744));
#4131=CARTESIAN_POINT('',(-0.0568380366572488,-0.0578455136681605,-0.744));
#4132=CARTESIAN_POINT('',(-0.0201125732018675,-0.0868308518617871,-0.588));
#4133=CARTESIAN_POINT('',(-0.0201125732018675,-0.0201125732018675,-0.588));
#4134=CARTESIAN_POINT('',(-0.0868308518617872,-0.0868308518617871,-0.588));
#4135=CARTESIAN_POINT('',(-0.0868308518617872,-0.0201125732018675,-0.588));
#4136=CARTESIAN_POINT('',(-0.0557533018028348,0.00149999999999999,-0.714317473096775));
#4137=CARTESIAN_POINT('',(-0.0557533018028348,0.00149999999999999,-0.185682526903225));
#4138=CARTESIAN_POINT('',(-0.189583176104627,0.00149999999999998,-0.714317473096775));
#4139=CARTESIAN_POINT('',(-0.189583176104627,0.00149999999999998,-0.185682526903225));
#4140=CARTESIAN_POINT('',(-0.115,0.00149999999999999,-0.636));
#4141=CARTESIAN_POINT('',(-0.115,0.00149999999999999,-0.68637867965644));
#4142=CARTESIAN_POINT('',(-0.115,0.00149999999999999,-0.582));
#4143=CARTESIAN_POINT('',(-0.1165,0.00149999999999999,-0.68637867965644));
#4144=CARTESIAN_POINT('',(-0.11543933982822,0.00149999999999999,-0.68743933982822));
#4145=CARTESIAN_POINT('',(-0.234564339828221,0.00149999999999997,-0.56831433982822));
#4146=CARTESIAN_POINT('',(-0.1835,0.00149999999999998,-0.61937867965644));
#4147=CARTESIAN_POINT('',(-0.1835,0.00149999999999998,-0.45));
#4148=CARTESIAN_POINT('',(-0.1835,0.00149999999999998,-0.28062132034356));
#4149=CARTESIAN_POINT('',(-0.234564339828221,0.00149999999999997,-0.33168566017178));
#4150=CARTESIAN_POINT('',(-0.11543933982822,0.00149999999999999,-0.21256066017178));
#4151=CARTESIAN_POINT('',(-0.1165,0.00149999999999999,-0.213621320343559));
#4152=CARTESIAN_POINT('',(-0.115,0.00149999999999999,-0.213621320343559));
#4153=CARTESIAN_POINT('',(-0.115,0.00149999999999999,-0.318));
#4154=CARTESIAN_POINT('',(-0.115,0.00149999999999999,-0.426));
#4155=CARTESIAN_POINT('',(-0.08125,0.0015,-0.426));
#4156=CARTESIAN_POINT('',(-0.08125,0.0015,-0.582));
#4157=CARTESIAN_POINT('',(-0.0557533018028348,-0.00149999999999999,-0.714317473096775));
#4158=CARTESIAN_POINT('',(-0.0557533018028348,-0.00149999999999999,-0.185682526903225));
#4159=CARTESIAN_POINT('',(-0.189583176104627,-0.00150000000000001,-0.714317473096775));
#4160=CARTESIAN_POINT('',(-0.189583176104627,-0.00150000000000001,-0.185682526903225));
#4161=CARTESIAN_POINT('',(-0.11393933982822,-0.0015,-0.68893933982822));
#4162=CARTESIAN_POINT('',(-0.1835,-0.00150000000000002,-0.61937867965644));
#4163=CARTESIAN_POINT('',(-0.11543933982822,-0.0015,-0.68743933982822));
#4164=CARTESIAN_POINT('',(-0.1165,-0.0015,-0.68637867965644));
#4165=CARTESIAN_POINT('',(-0.115,-0.0015,-0.68637867965644));
#4166=CARTESIAN_POINT('',(-0.115,-0.0015,-0.636));
#4167=CARTESIAN_POINT('',(-0.115,-0.0015,-0.582));
#4168=CARTESIAN_POINT('',(-0.08125,-0.0015,-0.582));
#4169=CARTESIAN_POINT('',(-0.08125,-0.0015,-0.426));
#4170=CARTESIAN_POINT('',(-0.115,-0.0015,-0.426));
#4171=CARTESIAN_POINT('',(-0.115,-0.0015,-0.318));
#4172=CARTESIAN_POINT('',(-0.115,-0.0015,-0.213621320343559));
#4173=CARTESIAN_POINT('',(-0.1165,-0.0015,-0.213621320343559));
#4174=CARTESIAN_POINT('',(-0.11543933982822,-0.0015,-0.21256066017178));
#4175=CARTESIAN_POINT('',(-0.18393933982822,-0.00150000000000002,-0.28106066017178));
#4176=CARTESIAN_POINT('',(-0.1835,-0.00150000000000002,-0.28062132034356));
#4177=CARTESIAN_POINT('',(-0.1835,-0.00150000000000002,-0.62));
#4178=CARTESIAN_POINT('',(-0.115,-0.00165,-0.203002386360737));
#4179=CARTESIAN_POINT('',(-0.115,0.00164999999999999,-0.203002386360737));
#4180=CARTESIAN_POINT('',(-0.115,-0.00165,-0.436618933982822));
#4181=CARTESIAN_POINT('',(-0.115,0.00164999999999999,-0.436618933982822));
#4182=CARTESIAN_POINT('',(-0.115,0.00149999999999999,-0.213621320343559));
#4183=CARTESIAN_POINT('',(-0.115,0.00149999999999999,-0.426));
#4184=CARTESIAN_POINT('',(-0.118403119264086,-0.014062846875,-0.426));
#4185=CARTESIAN_POINT('',(-0.118403119264086,0.014062846875,-0.426));
#4186=CARTESIAN_POINT('',(-0.0435344954542022,-0.014062846875,-0.426));
#4187=CARTESIAN_POINT('',(-0.0435344954542022,0.014062846875,-0.426));
#4188=CARTESIAN_POINT('',(-0.0435344954542022,-0.014062846875,-0.582));
#4189=CARTESIAN_POINT('',(-0.0435344954542022,0.014062846875,-0.582));
#4190=CARTESIAN_POINT('',(-0.118403119264086,-0.014062846875,-0.582));
#4191=CARTESIAN_POINT('',(-0.118403119264086,0.014062846875,-0.582));
#4192=CARTESIAN_POINT('',(-0.115,0.00149999999999999,-0.582));
#4193=CARTESIAN_POINT('',(-0.115,-0.00165,-0.691597613639262));
#4194=CARTESIAN_POINT('',(-0.115,-0.00165,-0.576781066017178));
#4195=CARTESIAN_POINT('',(-0.115,0.00164999999999999,-0.691597613639262));
#4196=CARTESIAN_POINT('',(-0.115,0.00164999999999999,-0.576781066017178));
#4197=CARTESIAN_POINT('',(-0.115,0.00149999999999999,-0.68637867965644));
#4198=CARTESIAN_POINT('',(-0.248674725550867,0.244432084863748,-0.816068039418361));
#4199=CARTESIAN_POINT('',(-0.248674725550867,0.244432084863747,-0.435374583386385));
#4200=CARTESIAN_POINT('',(-0.0358767883349627,0.0316341476478433,-0.816068039418361));
#4201=CARTESIAN_POINT('',(-0.0358767883349627,0.0316341476478433,-0.435374583386385));
#4202=CARTESIAN_POINT('',(-0.0855599205235722,0.0813172798364529,-0.456738110321713));
#4203=CARTESIAN_POINT('',(-0.0834386001800126,0.0791959594928933,-0.456738110321713));
#4204=CARTESIAN_POINT('',(-0.083983472287076,0.0797408315999567,-0.454730718502636));
#4205=CARTESIAN_POINT('',(-0.237582651673286,0.233340010986166,-0.650318324221957));
#4206=CARTESIAN_POINT('',(-0.239002092041053,0.234759451353934,-0.652125787934344));
#4207=CARTESIAN_POINT('',(-0.239002092041053,0.234759451353934,-0.728088889745525));
#4208=CARTESIAN_POINT('',(-0.239002092041053,0.234759451353934,-0.79671190430211));
#4209=CARTESIAN_POINT('',(-0.0854242998568052,0.0811816591696858,-0.739364493731506));
#4210=CARTESIAN_POINT('',(-0.0978383009649292,0.09359566027781,-0.744));
#4211=CARTESIAN_POINT('',(-0.0595737463149667,0.0553311056278474,-0.744));
#4212=CARTESIAN_POINT('',(-0.0595737463149666,0.0553311056278473,-0.588));
#4213=CARTESIAN_POINT('',(-0.0834386001800126,0.0791959594928933,-0.588));
#4214=CARTESIAN_POINT('',(-0.0834386001800126,0.0791959594928933,-0.519));
#4215=CARTESIAN_POINT('',(-0.244432084863748,0.248674725550867,-0.816068039418361));
#4216=CARTESIAN_POINT('',(-0.244432084863748,0.248674725550867,-0.435374583386385));
#4217=CARTESIAN_POINT('',(-0.0316341476478433,0.0358767883349627,-0.816068039418361));
#4218=CARTESIAN_POINT('',(-0.0316341476478433,0.0358767883349627,-0.435374583386385));
#4219=CARTESIAN_POINT('',(-0.234759451353934,0.239002092041053,-0.728088889745525));
#4220=CARTESIAN_POINT('',(-0.234759451353934,0.239002092041053,-0.652125787934344));
#4221=CARTESIAN_POINT('',(-0.234759451353934,0.239002092041053,-0.79671190430211));
#4222=CARTESIAN_POINT('',(-0.170507886922949,0.174750527610069,-0.570310183834149));
#4223=CARTESIAN_POINT('',(-0.0797408315999567,0.0839834722870759,-0.454730718502636));
#4224=CARTESIAN_POINT('',(-0.0813172798364529,0.0855599205235722,-0.456738110321713));
#4225=CARTESIAN_POINT('',(-0.0791959594928933,0.0834386001800126,-0.456738110321713));
#4226=CARTESIAN_POINT('',(-0.0791959594928933,0.0834386001800126,-0.519));
#4227=CARTESIAN_POINT('',(-0.0791959594928933,0.0834386001800126,-0.588));
#4228=CARTESIAN_POINT('',(-0.0553311056278473,0.0595737463149666,-0.588));
#4229=CARTESIAN_POINT('',(-0.0553311056278474,0.0595737463149666,-0.744));
#4230=CARTESIAN_POINT('',(-0.09359566027781,0.0978383009649292,-0.744));
#4231=CARTESIAN_POINT('',(-0.110473428810697,0.114716069497816,-0.75030231954637));
#4232=CARTESIAN_POINT('',(-0.0789838274585373,0.0836507322143686,-0.594563094483915));
#4233=CARTESIAN_POINT('',(-0.0789838274585373,0.0836507322143686,-0.450175015837798));
#4234=CARTESIAN_POINT('',(-0.0836507322143686,0.0789838274585373,-0.594563094483915));
#4235=CARTESIAN_POINT('',(-0.0836507322143686,0.0789838274585373,-0.450175015837798));
#4236=CARTESIAN_POINT('',(-0.0834386001800126,0.0791959594928933,-0.456738110321713));
#4237=CARTESIAN_POINT('',(-0.0834386001800126,0.0791959594928933,-0.588));
#4238=CARTESIAN_POINT('',(-0.239214224075409,0.234547319319578,-0.816022105442729));
#4239=CARTESIAN_POINT('',(-0.239214224075409,0.234547319319578,-0.641491360104246));
#4240=CARTESIAN_POINT('',(-0.234547319319578,0.239214224075409,-0.816022105442729));
#4241=CARTESIAN_POINT('',(-0.234547319319578,0.239214224075409,-0.641491360104246));
#4242=CARTESIAN_POINT('',(-0.236880771697493,0.236880771697493,-0.652125787934344));
#4243=CARTESIAN_POINT('',(-0.238457219933989,0.235304323460997,-0.64942457580145));
#4244=CARTESIAN_POINT('',(-0.239002092041053,0.234759451353934,-0.64942457580145));
#4245=CARTESIAN_POINT('',(-0.235304323460997,0.238457219933989,-0.64942457580145));
#4246=CARTESIAN_POINT('',(-0.236880771697493,0.236880771697493,-0.652125787934344));
#4247=CARTESIAN_POINT('',(-0.231857589789954,0.241903953605032,-0.780871226782842));
#4248=CARTESIAN_POINT('',(-0.236843606954731,0.236917936440256,-0.808088889745525));
#4249=CARTESIAN_POINT('',(-0.239002092041053,0.234759451353934,-0.808088889745525));
#4250=CARTESIAN_POINT('',(-0.236917936440256,0.236843606954731,-0.808088889745525));
#4251=CARTESIAN_POINT('',(-0.246969157248046,0.22679238614694,-0.753221300792439));
#4252=CARTESIAN_POINT('',(-0.25156028771252,0.0724710144054739,-0.78013354054033));
#4253=CARTESIAN_POINT('',(-0.245724249954504,0.245727037128472,-0.811391649147571));
#4254=CARTESIAN_POINT('',(-0.0724738015794419,0.0724710144054739,-0.746697240597955));
#4255=CARTESIAN_POINT('',(-0.0666377638214259,0.245727037128472,-0.777955349205196));
#4256=CARTESIAN_POINT('',(-0.0834386001800126,0.0791959594928933,-0.75));
#4257=CARTESIAN_POINT('',(-0.081354444579216,0.0812801150936898,-0.75));
#4258=CARTESIAN_POINT('',(-0.0812801150936899,0.081354444579216,-0.75));
#4259=CARTESIAN_POINT('',(-0.236917936440256,0.236843606954731,-0.808088889745525));
#4260=CARTESIAN_POINT('',(-0.15906186102421,0.159136190509736,-0.779044444872763));
#4261=CARTESIAN_POINT('',(-0.0800523420871944,0.0825822175857115,-0.7503));
#4262=CARTESIAN_POINT('',(-0.0800523420871944,0.0825822175857115,-0.7437));
#4263=CARTESIAN_POINT('',(-0.0825822175857116,0.0800523420871943,-0.7503));
#4264=CARTESIAN_POINT('',(-0.0825822175857116,0.0800523420871943,-0.7437));
#4265=CARTESIAN_POINT('',(-0.0834386001800126,0.0791959594928933,-0.744));
#4266=CARTESIAN_POINT('',(-0.08245358755228,0.0801809721206259,-0.744));
#4267=CARTESIAN_POINT('',(-0.080180972120626,0.0824535875522799,-0.744));
#4268=CARTESIAN_POINT('',(-0.081433631057455,0.0812009286154508,-0.74956773697228));
#4269=CARTESIAN_POINT('',(-0.0862661322584655,0.0763684274144403,-0.777217662962683));
#4270=CARTESIAN_POINT('',(-0.10204557571113,0.0192975501374412,-0.744));
#4271=CARTESIAN_POINT('',(-0.10204557571113,0.10204557571113,-0.744));
#4272=CARTESIAN_POINT('',(-0.0192975501374413,0.0192975501374412,-0.744));
#4273=CARTESIAN_POINT('',(-0.0192975501374413,0.10204557571113,-0.744));
#4274=CARTESIAN_POINT('',(-0.05714666306997,0.0581146202139035,-0.744));
#4275=CARTESIAN_POINT('',(-0.0578455136681605,0.0568380366572488,-0.744));
#4276=CARTESIAN_POINT('',(-0.0868308518617872,0.0201125732018675,-0.588));
#4277=CARTESIAN_POINT('',(-0.0201125732018676,0.0201125732018675,-0.588));
#4278=CARTESIAN_POINT('',(-0.0868308518617872,0.0868308518617872,-0.588));
#4279=CARTESIAN_POINT('',(-0.0201125732018676,0.0868308518617872,-0.588));
#4280=CARTESIAN_POINT('',(0.00149999999999999,0.0557533018028348,-0.714317473096775));
#4281=CARTESIAN_POINT('',(0.00149999999999999,0.0557533018028348,-0.185682526903225));
#4282=CARTESIAN_POINT('',(0.00149999999999997,0.189583176104627,-0.714317473096775));
#4283=CARTESIAN_POINT('',(0.00149999999999997,0.189583176104627,-0.185682526903225));
#4284=CARTESIAN_POINT('',(0.00149999999999998,0.115,-0.636));
#4285=CARTESIAN_POINT('',(0.00149999999999998,0.115,-0.68637867965644));
#4286=CARTESIAN_POINT('',(0.00149999999999998,0.115,-0.582));
#4287=CARTESIAN_POINT('',(0.00149999999999998,0.1165,-0.68637867965644));
#4288=CARTESIAN_POINT('',(0.00149999999999998,0.11543933982822,-0.68743933982822));
#4289=CARTESIAN_POINT('',(0.00149999999999996,0.234564339828221,-0.56831433982822));
#4290=CARTESIAN_POINT('',(0.00149999999999997,0.1835,-0.61937867965644));
#4291=CARTESIAN_POINT('',(0.00149999999999997,0.1835,-0.45));
#4292=CARTESIAN_POINT('',(0.00149999999999997,0.1835,-0.28062132034356));
#4293=CARTESIAN_POINT('',(0.00149999999999996,0.234564339828221,-0.33168566017178));
#4294=CARTESIAN_POINT('',(0.00149999999999998,0.11543933982822,-0.21256066017178));
#4295=CARTESIAN_POINT('',(0.00149999999999998,0.1165,-0.213621320343559));
#4296=CARTESIAN_POINT('',(0.00149999999999998,0.115,-0.213621320343559));
#4297=CARTESIAN_POINT('',(0.00149999999999998,0.115,-0.318));
#4298=CARTESIAN_POINT('',(0.00149999999999998,0.115,-0.426));
#4299=CARTESIAN_POINT('',(0.00149999999999998,0.08125,-0.426));
#4300=CARTESIAN_POINT('',(0.00149999999999998,0.08125,-0.582));
#4301=CARTESIAN_POINT('',(-0.00149999999999999,0.0557533018028348,-0.714317473096775));
#4302=CARTESIAN_POINT('',(-0.00149999999999999,0.0557533018028348,-0.185682526903225));
#4303=CARTESIAN_POINT('',(-0.00150000000000001,0.189583176104627,-0.714317473096775));
#4304=CARTESIAN_POINT('',(-0.00150000000000001,0.189583176104627,-0.185682526903225));
#4305=CARTESIAN_POINT('',(-0.0015,0.11393933982822,-0.68893933982822));
#4306=CARTESIAN_POINT('',(-0.00150000000000003,0.1835,-0.61937867965644));
#4307=CARTESIAN_POINT('',(-0.0015,0.11543933982822,-0.68743933982822));
#4308=CARTESIAN_POINT('',(-0.0015,0.1165,-0.68637867965644));
#4309=CARTESIAN_POINT('',(-0.0015,0.115,-0.68637867965644));
#4310=CARTESIAN_POINT('',(-0.0015,0.115,-0.636));
#4311=CARTESIAN_POINT('',(-0.0015,0.115,-0.582));
#4312=CARTESIAN_POINT('',(-0.0015,0.08125,-0.582));
#4313=CARTESIAN_POINT('',(-0.0015,0.08125,-0.426));
#4314=CARTESIAN_POINT('',(-0.0015,0.115,-0.426));
#4315=CARTESIAN_POINT('',(-0.0015,0.115,-0.318));
#4316=CARTESIAN_POINT('',(-0.0015,0.115,-0.213621320343559));
#4317=CARTESIAN_POINT('',(-0.0015,0.1165,-0.213621320343559));
#4318=CARTESIAN_POINT('',(-0.0015,0.11543933982822,-0.21256066017178));
#4319=CARTESIAN_POINT('',(-0.00150000000000003,0.18393933982822,-0.28106066017178));
#4320=CARTESIAN_POINT('',(-0.00150000000000003,0.1835,-0.28062132034356));
#4321=CARTESIAN_POINT('',(-0.00150000000000003,0.1835,-0.62));
#4322=CARTESIAN_POINT('',(-0.00165,0.115,-0.203002386360737));
#4323=CARTESIAN_POINT('',(0.00164999999999998,0.115,-0.203002386360737));
#4324=CARTESIAN_POINT('',(-0.00165,0.115,-0.436618933982822));
#4325=CARTESIAN_POINT('',(0.00164999999999998,0.115,-0.436618933982822));
#4326=CARTESIAN_POINT('',(0.00149999999999998,0.115,-0.213621320343559));
#4327=CARTESIAN_POINT('',(0.00149999999999998,0.115,-0.426));
#4328=CARTESIAN_POINT('',(-0.014062846875,0.0435344954542022,-0.426));
#4329=CARTESIAN_POINT('',(-0.014062846875,0.118403119264086,-0.426));
#4330=CARTESIAN_POINT('',(0.014062846875,0.0435344954542022,-0.426));
#4331=CARTESIAN_POINT('',(0.014062846875,0.118403119264086,-0.426));
#4332=CARTESIAN_POINT('',(0.014062846875,0.0435344954542022,-0.582));
#4333=CARTESIAN_POINT('',(0.014062846875,0.118403119264086,-0.582));
#4334=CARTESIAN_POINT('',(-0.014062846875,0.0435344954542022,-0.582));
#4335=CARTESIAN_POINT('',(-0.014062846875,0.118403119264086,-0.582));
#4336=CARTESIAN_POINT('',(0.00149999999999998,0.115,-0.582));
#4337=CARTESIAN_POINT('',(-0.00165,0.115,-0.691597613639262));
#4338=CARTESIAN_POINT('',(-0.00165,0.115,-0.576781066017178));
#4339=CARTESIAN_POINT('',(0.00164999999999998,0.115,-0.691597613639262));
#4340=CARTESIAN_POINT('',(0.00164999999999998,0.115,-0.576781066017178));
#4341=CARTESIAN_POINT('',(0.00149999999999998,0.115,-0.68637867965644));
#4342=CARTESIAN_POINT('',(0.244432084863748,0.248674725550867,-0.816068039418361));
#4343=CARTESIAN_POINT('',(0.244432084863747,0.248674725550867,-0.435374583386385));
#4344=CARTESIAN_POINT('',(0.0316341476478433,0.0358767883349627,-0.816068039418361));
#4345=CARTESIAN_POINT('',(0.0316341476478433,0.0358767883349627,-0.435374583386385));
#4346=CARTESIAN_POINT('',(0.0813172798364529,0.0855599205235722,-0.456738110321713));
#4347=CARTESIAN_POINT('',(0.0791959594928933,0.0834386001800126,-0.456738110321713));
#4348=CARTESIAN_POINT('',(0.0797408315999567,0.083983472287076,-0.454730718502636));
#4349=CARTESIAN_POINT('',(0.233340010986166,0.237582651673286,-0.650318324221957));
#4350=CARTESIAN_POINT('',(0.234759451353934,0.239002092041053,-0.652125787934344));
#4351=CARTESIAN_POINT('',(0.234759451353934,0.239002092041053,-0.728088889745525));
#4352=CARTESIAN_POINT('',(0.234759451353934,0.239002092041053,-0.79671190430211));
#4353=CARTESIAN_POINT('',(0.0811816591696858,0.0854242998568052,-0.739364493731506));
#4354=CARTESIAN_POINT('',(0.09359566027781,0.0978383009649293,-0.744));
#4355=CARTESIAN_POINT('',(0.0553311056278474,0.0595737463149667,-0.744));
#4356=CARTESIAN_POINT('',(0.0553311056278473,0.0595737463149666,-0.588));
#4357=CARTESIAN_POINT('',(0.0791959594928933,0.0834386001800126,-0.588));
#4358=CARTESIAN_POINT('',(0.0791959594928933,0.0834386001800126,-0.519));
#4359=CARTESIAN_POINT('',(0.248674725550867,0.244432084863748,-0.816068039418361));
#4360=CARTESIAN_POINT('',(0.248674725550867,0.244432084863748,-0.435374583386385));
#4361=CARTESIAN_POINT('',(0.0358767883349627,0.0316341476478433,-0.816068039418361));
#4362=CARTESIAN_POINT('',(0.0358767883349627,0.0316341476478433,-0.435374583386385));
#4363=CARTESIAN_POINT('',(0.239002092041053,0.234759451353934,-0.728088889745525));
#4364=CARTESIAN_POINT('',(0.239002092041053,0.234759451353934,-0.652125787934344));
#4365=CARTESIAN_POINT('',(0.239002092041053,0.234759451353934,-0.79671190430211));
#4366=CARTESIAN_POINT('',(0.174750527610069,0.170507886922949,-0.570310183834149));
#4367=CARTESIAN_POINT('',(0.0839834722870759,0.0797408315999567,-0.454730718502636));
#4368=CARTESIAN_POINT('',(0.0855599205235722,0.0813172798364529,-0.456738110321713));
#4369=CARTESIAN_POINT('',(0.0834386001800126,0.0791959594928933,-0.456738110321713));
#4370=CARTESIAN_POINT('',(0.0834386001800126,0.0791959594928933,-0.519));
#4371=CARTESIAN_POINT('',(0.0834386001800126,0.0791959594928933,-0.588));
#4372=CARTESIAN_POINT('',(0.0595737463149666,0.0553311056278473,-0.588));
#4373=CARTESIAN_POINT('',(0.0595737463149666,0.0553311056278474,-0.744));
#4374=CARTESIAN_POINT('',(0.0978383009649292,0.09359566027781,-0.744));
#4375=CARTESIAN_POINT('',(0.114716069497816,0.110473428810697,-0.75030231954637));
#4376=CARTESIAN_POINT('',(0.0836507322143686,0.0789838274585373,-0.594563094483915));
#4377=CARTESIAN_POINT('',(0.0836507322143686,0.0789838274585373,-0.450175015837798));
#4378=CARTESIAN_POINT('',(0.0789838274585373,0.0836507322143686,-0.594563094483915));
#4379=CARTESIAN_POINT('',(0.0789838274585373,0.0836507322143686,-0.450175015837798));
#4380=CARTESIAN_POINT('',(0.0791959594928933,0.0834386001800126,-0.456738110321713));
#4381=CARTESIAN_POINT('',(0.0791959594928933,0.0834386001800126,-0.588));
#4382=CARTESIAN_POINT('',(0.234547319319578,0.239214224075409,-0.816022105442729));
#4383=CARTESIAN_POINT('',(0.234547319319578,0.239214224075409,-0.641491360104246));
#4384=CARTESIAN_POINT('',(0.239214224075409,0.234547319319578,-0.816022105442729));
#4385=CARTESIAN_POINT('',(0.239214224075409,0.234547319319578,-0.641491360104246));
#4386=CARTESIAN_POINT('',(0.236880771697493,0.236880771697493,-0.652125787934344));
#4387=CARTESIAN_POINT('',(0.235304323460997,0.238457219933989,-0.64942457580145));
#4388=CARTESIAN_POINT('',(0.234759451353934,0.239002092041053,-0.64942457580145));
#4389=CARTESIAN_POINT('',(0.238457219933989,0.235304323460997,-0.64942457580145));
#4390=CARTESIAN_POINT('',(0.236880771697493,0.236880771697493,-0.652125787934344));
#4391=CARTESIAN_POINT('',(0.241903953605032,0.231857589789954,-0.780871226782842));
#4392=CARTESIAN_POINT('',(0.236917936440256,0.236843606954731,-0.808088889745525));
#4393=CARTESIAN_POINT('',(0.234759451353934,0.239002092041053,-0.808088889745525));
#4394=CARTESIAN_POINT('',(0.236843606954731,0.236917936440256,-0.808088889745525));
#4395=CARTESIAN_POINT('',(0.22679238614694,0.246969157248046,-0.753221300792439));
#4396=CARTESIAN_POINT('',(0.0724710144054739,0.25156028771252,-0.78013354054033));
#4397=CARTESIAN_POINT('',(0.245727037128472,0.245724249954504,-0.811391649147571));
#4398=CARTESIAN_POINT('',(0.0724710144054739,0.0724738015794419,-0.746697240597955));
#4399=CARTESIAN_POINT('',(0.245727037128472,0.0666377638214259,-0.777955349205196));
#4400=CARTESIAN_POINT('',(0.0791959594928933,0.0834386001800126,-0.75));
#4401=CARTESIAN_POINT('',(0.0812801150936898,0.081354444579216,-0.75));
#4402=CARTESIAN_POINT('',(0.081354444579216,0.0812801150936899,-0.75));
#4403=CARTESIAN_POINT('',(0.236843606954731,0.236917936440256,-0.808088889745525));
#4404=CARTESIAN_POINT('',(0.159136190509736,0.15906186102421,-0.779044444872763));
#4405=CARTESIAN_POINT('',(0.0825822175857115,0.0800523420871944,-0.7503));
#4406=CARTESIAN_POINT('',(0.0825822175857115,0.0800523420871944,-0.7437));
#4407=CARTESIAN_POINT('',(0.0800523420871943,0.0825822175857116,-0.7503));
#4408=CARTESIAN_POINT('',(0.0800523420871943,0.0825822175857116,-0.7437));
#4409=CARTESIAN_POINT('',(0.0791959594928933,0.0834386001800126,-0.744));
#4410=CARTESIAN_POINT('',(0.0801809721206259,0.08245358755228,-0.744));
#4411=CARTESIAN_POINT('',(0.0824535875522799,0.080180972120626,-0.744));
#4412=CARTESIAN_POINT('',(0.0812009286154508,0.081433631057455,-0.74956773697228));
#4413=CARTESIAN_POINT('',(0.0763684274144403,0.0862661322584655,-0.777217662962683));
#4414=CARTESIAN_POINT('',(0.0192975501374412,0.0192975501374413,-0.744));
#4415=CARTESIAN_POINT('',(0.0192975501374412,0.10204557571113,-0.744));
#4416=CARTESIAN_POINT('',(0.10204557571113,0.0192975501374413,-0.744));
#4417=CARTESIAN_POINT('',(0.10204557571113,0.10204557571113,-0.744));
#4418=CARTESIAN_POINT('',(0.0581146202139035,0.05714666306997,-0.744));
#4419=CARTESIAN_POINT('',(0.0568380366572488,0.0578455136681605,-0.744));
#4420=CARTESIAN_POINT('',(0.0868308518617872,0.0201125732018676,-0.588));
#4421=CARTESIAN_POINT('',(0.0868308518617872,0.0868308518617872,-0.588));
#4422=CARTESIAN_POINT('',(0.0201125732018675,0.0201125732018676,-0.588));
#4423=CARTESIAN_POINT('',(0.0201125732018675,0.0868308518617872,-0.588));
#4424=CARTESIAN_POINT('',(0.0722989815773988,0.0767500378245978,-0.735517680208484));
#4425=CARTESIAN_POINT('',(0.0724072830938032,0.0722731970192497,-0.747216737103828));
#4426=CARTESIAN_POINT('',(0.244570763789628,0.249021820036827,-0.799845604732898));
#4427=CARTESIAN_POINT('',(0.244679065306032,0.244544979231479,-0.811544661628241));
#4428=CARTESIAN_POINT('',(0.244544979231479,0.244679065306032,-0.811544661628241));
#4429=CARTESIAN_POINT('',(0.249021820036827,0.244570763789628,-0.799845604732898));
#4430=CARTESIAN_POINT('',(0.0722731970192497,0.0724072830938032,-0.747216737103828));
#4431=CARTESIAN_POINT('',(0.0767500378245978,0.0722989815773988,-0.735517680208484));
#4432=CARTESIAN_POINT('',(-0.0767500378245978,0.0722989815773988,-0.735517680208484));
#4433=CARTESIAN_POINT('',(-0.0722731970192497,0.0724072830938032,-0.747216737103828));
#4434=CARTESIAN_POINT('',(-0.249021820036827,0.244570763789628,-0.799845604732898));
#4435=CARTESIAN_POINT('',(-0.244544979231479,0.244679065306032,-0.811544661628241));
#4436=CARTESIAN_POINT('',(-0.244679065306032,0.244544979231479,-0.811544661628241));
#4437=CARTESIAN_POINT('',(-0.244570763789628,0.249021820036827,-0.799845604732898));
#4438=CARTESIAN_POINT('',(-0.0724072830938032,0.0722731970192497,-0.747216737103828));
#4439=CARTESIAN_POINT('',(-0.0722989815773988,0.0767500378245978,-0.735517680208484));
#4440=CARTESIAN_POINT('',(-0.0722989815773988,-0.0767500378245978,-0.735517680208484));
#4441=CARTESIAN_POINT('',(-0.0724072830938032,-0.0722731970192497,-0.747216737103828));
#4442=CARTESIAN_POINT('',(-0.244570763789628,-0.249021820036827,-0.799845604732898));
#4443=CARTESIAN_POINT('',(-0.244679065306032,-0.244544979231479,-0.811544661628241));
#4444=CARTESIAN_POINT('',(-0.244544979231479,-0.244679065306032,-0.811544661628241));
#4445=CARTESIAN_POINT('',(-0.249021820036827,-0.244570763789628,-0.799845604732898));
#4446=CARTESIAN_POINT('',(-0.0722731970192497,-0.0724072830938032,-0.747216737103828));
#4447=CARTESIAN_POINT('',(-0.0767500378245978,-0.0722989815773987,-0.735517680208484));
#4448=CARTESIAN_POINT('',(0.0767500378245978,-0.0722989815773988,-0.735517680208484));
#4449=CARTESIAN_POINT('',(0.0722731970192497,-0.0724072830938032,-0.747216737103828));
#4450=CARTESIAN_POINT('',(0.249021820036827,-0.244570763789628,-0.799845604732898));
#4451=CARTESIAN_POINT('',(0.244544979231479,-0.244679065306032,-0.811544661628241));
#4452=CARTESIAN_POINT('',(0.244679065306032,-0.244544979231479,-0.811544661628241));
#4453=CARTESIAN_POINT('',(0.244570763789628,-0.249021820036827,-0.799845604732898));
#4454=CARTESIAN_POINT('',(0.0724072830938032,-0.0722731970192497,-0.747216737103828));
#4455=CARTESIAN_POINT('',(0.0722989815773987,-0.0767500378245978,-0.735517680208484));
#4456=CARTESIAN_POINT('',(0.0707383755351626,0.0749058673915427,-0.443975911935778));
#4457=CARTESIAN_POINT('',(0.24330510304529,0.24747259490167,-0.663716103227155));
#4458=CARTESIAN_POINT('',(0.0714136289521162,0.0761196636499928,-0.442492400345692));
#4459=CARTESIAN_POINT('',(0.243980356462244,0.24868639116012,-0.662232591637069));
#4460=CARTESIAN_POINT('',(0.0730705145690964,0.0759445622973203,-0.44132872309637));
#4461=CARTESIAN_POINT('',(0.245637242079224,0.248511289807448,-0.661068914387747));
#4462=CARTESIAN_POINT('',(0.0745075384332083,0.0745075384332083,-0.44132872309637));
#4463=CARTESIAN_POINT('',(0.247074265943336,0.247074265943336,-0.661068914387747));
#4464=CARTESIAN_POINT('',(0.0759445622973202,0.0730705145690964,-0.44132872309637));
#4465=CARTESIAN_POINT('',(0.248511289807448,0.245637242079224,-0.661068914387747));
#4466=CARTESIAN_POINT('',(0.0761196636499928,0.0714136289521162,-0.442492400345692));
#4467=CARTESIAN_POINT('',(0.24868639116012,0.243980356462244,-0.662232591637069));
#4468=CARTESIAN_POINT('',(0.0749058673915427,0.0707383755351626,-0.443975911935778));
#4469=CARTESIAN_POINT('',(0.24747259490167,0.24330510304529,-0.663716103227155));
#4470=CARTESIAN_POINT('',(0.0834386001800125,0.0834386001800126,-0.456738110321713));
#4471=CARTESIAN_POINT('',(0.08485804054778,0.0848580405477801,-0.454508675845281));
#4472=CARTESIAN_POINT('',(0.234759451353934,0.234759451353934,-0.64942457580145));
#4473=CARTESIAN_POINT('',(0.236178891721701,0.236178891721701,-0.647195141325018));
#4474=CARTESIAN_POINT('',(0.234759451353934,0.234759451353934,-0.649424575801451));
#4475=CARTESIAN_POINT('',(0.0834386001800125,0.0834386001800126,-0.456738110321713));
#4476=CARTESIAN_POINT('',(0.0827539324756686,0.0869965731627879,-0.454530836349486));
#4477=CARTESIAN_POINT('',(0.0869965731627879,0.0827539324756686,-0.454530836349486));
#4478=CARTESIAN_POINT('',(0.0811680257570214,0.0854106664441407,-0.452466392060682));
#4479=CARTESIAN_POINT('',(0.0854106664441407,0.0811680257570214,-0.452466392060682));
#4480=CARTESIAN_POINT('',(0.0791959594928933,0.0834386001800126,-0.453692956509814));
#4481=CARTESIAN_POINT('',(0.0834386001800126,0.0791959594928933,-0.453692956509814));
#4482=CARTESIAN_POINT('',(0.0791959594928932,0.0834386001800126,-0.456738110321713));
#4483=CARTESIAN_POINT('',(0.0834386001800125,0.0791959594928933,-0.456738110321713));
#4484=CARTESIAN_POINT('',(0.235285406082159,0.238476137312828,-0.64942457580145));
#4485=CARTESIAN_POINT('',(0.238476137312828,0.235285406082159,-0.64942457580145));
#4486=CARTESIAN_POINT('',(0.235285406082159,0.238476137312828,-0.648556013384049));
#4487=CARTESIAN_POINT('',(0.238476137312828,0.235285406082159,-0.648556013384049));
#4488=CARTESIAN_POINT('',(0.235034234733466,0.238224965964135,-0.647763400681847));
#4489=CARTESIAN_POINT('',(0.238224965964135,0.235034234733466,-0.647763400681847));
#4490=CARTESIAN_POINT('',(0.23457581471041,0.237766545941079,-0.647185370000211));
#4491=CARTESIAN_POINT('',(0.237766545941079,0.23457581471041,-0.647185370000211));
#4492=CARTESIAN_POINT('',(0.0749058673915428,-0.0707383755351626,-0.443975911935778));
#4493=CARTESIAN_POINT('',(0.24747259490167,-0.24330510304529,-0.663716103227155));
#4494=CARTESIAN_POINT('',(0.0761196636499928,-0.0714136289521163,-0.442492400345692));
#4495=CARTESIAN_POINT('',(0.24868639116012,-0.243980356462244,-0.662232591637069));
#4496=CARTESIAN_POINT('',(0.0759445622973201,-0.0730705145690965,-0.441328723096369));
#4497=CARTESIAN_POINT('',(0.248511289807448,-0.245637242079224,-0.661068914387747));
#4498=CARTESIAN_POINT('',(0.0745075384332082,-0.0745075384332083,-0.44132872309637));
#4499=CARTESIAN_POINT('',(0.247074265943336,-0.247074265943336,-0.661068914387747));
#4500=CARTESIAN_POINT('',(0.0730705145690962,-0.0759445622973202,-0.44132872309637));
#4501=CARTESIAN_POINT('',(0.245637242079224,-0.248511289807448,-0.661068914387747));
#4502=CARTESIAN_POINT('',(0.0714136289521161,-0.0761196636499927,-0.442492400345692));
#4503=CARTESIAN_POINT('',(0.243980356462244,-0.24868639116012,-0.66223259163707));
#4504=CARTESIAN_POINT('',(0.0707383755351626,-0.0749058673915427,-0.443975911935778));
#4505=CARTESIAN_POINT('',(0.24330510304529,-0.24747259490167,-0.663716103227156));
#4506=CARTESIAN_POINT('',(0.0834386001800126,-0.0834386001800126,-0.456738110321713));
#4507=CARTESIAN_POINT('',(0.08485804054778,-0.08485804054778,-0.454508675845281));
#4508=CARTESIAN_POINT('',(0.234759451353934,-0.234759451353934,-0.64942457580145));
#4509=CARTESIAN_POINT('',(0.236178891721701,-0.236178891721701,-0.647195141325018));
#4510=CARTESIAN_POINT('',(0.234759451353934,-0.234759451353934,-0.64942457580145));
#4511=CARTESIAN_POINT('',(0.0834386001800126,-0.0834386001800125,-0.456738110321713));
#4512=CARTESIAN_POINT('',(0.0869965731627879,-0.0827539324756685,-0.454530836349486));
#4513=CARTESIAN_POINT('',(0.0827539324756685,-0.0869965731627879,-0.454530836349486));
#4514=CARTESIAN_POINT('',(0.0854106664441406,-0.0811680257570212,-0.452466392060682));
#4515=CARTESIAN_POINT('',(0.0811680257570212,-0.0854106664441406,-0.452466392060682));
#4516=CARTESIAN_POINT('',(0.0834386001800125,-0.0791959594928932,-0.453692956509814));
#4517=CARTESIAN_POINT('',(0.0791959594928932,-0.0834386001800125,-0.453692956509814));
#4518=CARTESIAN_POINT('',(0.0834386001800126,-0.0791959594928932,-0.456738110321713));
#4519=CARTESIAN_POINT('',(0.0791959594928932,-0.0834386001800126,-0.456738110321713));
#4520=CARTESIAN_POINT('',(0.238476137312828,-0.235285406082159,-0.64942457580145));
#4521=CARTESIAN_POINT('',(0.235285406082159,-0.238476137312828,-0.64942457580145));
#4522=CARTESIAN_POINT('',(0.238476137312828,-0.235285406082159,-0.648556013384049));
#4523=CARTESIAN_POINT('',(0.235285406082159,-0.238476137312828,-0.648556013384049));
#4524=CARTESIAN_POINT('',(0.238224965964135,-0.235034234733466,-0.647763400681847));
#4525=CARTESIAN_POINT('',(0.235034234733466,-0.238224965964135,-0.647763400681847));
#4526=CARTESIAN_POINT('',(0.237766545941079,-0.23457581471041,-0.647185370000211));
#4527=CARTESIAN_POINT('',(0.23457581471041,-0.237766545941079,-0.647185370000211));
#4528=CARTESIAN_POINT('',(-0.0707383755351626,-0.0749058673915427,-0.443975911935778));
#4529=CARTESIAN_POINT('',(-0.24330510304529,-0.24747259490167,-0.663716103227155));
#4530=CARTESIAN_POINT('',(-0.0714136289521162,-0.0761196636499928,-0.442492400345692));
#4531=CARTESIAN_POINT('',(-0.243980356462244,-0.24868639116012,-0.662232591637069));
#4532=CARTESIAN_POINT('',(-0.0730705145690963,-0.0759445622973202,-0.44132872309637));
#4533=CARTESIAN_POINT('',(-0.245637242079224,-0.248511289807448,-0.661068914387747));
#4534=CARTESIAN_POINT('',(-0.0745075384332083,-0.0745075384332083,-0.44132872309637));
#4535=CARTESIAN_POINT('',(-0.247074265943336,-0.247074265943336,-0.661068914387747));
#4536=CARTESIAN_POINT('',(-0.0759445622973202,-0.0730705145690963,-0.44132872309637));
#4537=CARTESIAN_POINT('',(-0.248511289807448,-0.245637242079224,-0.661068914387747));
#4538=CARTESIAN_POINT('',(-0.0761196636499928,-0.0714136289521162,-0.442492400345692));
#4539=CARTESIAN_POINT('',(-0.24868639116012,-0.243980356462244,-0.662232591637069));
#4540=CARTESIAN_POINT('',(-0.0749058673915427,-0.0707383755351626,-0.443975911935778));
#4541=CARTESIAN_POINT('',(-0.24747259490167,-0.24330510304529,-0.663716103227155));
#4542=CARTESIAN_POINT('',(-0.0834386001800126,-0.0834386001800126,-0.456738110321713));
#4543=CARTESIAN_POINT('',(-0.08485804054778,-0.08485804054778,-0.454508675845281));
#4544=CARTESIAN_POINT('',(-0.234759451353934,-0.234759451353934,-0.64942457580145));
#4545=CARTESIAN_POINT('',(-0.236178891721701,-0.236178891721701,-0.647195141325018));
#4546=CARTESIAN_POINT('',(-0.234759451353934,-0.234759451353934,-0.64942457580145));
#4547=CARTESIAN_POINT('',(-0.0834386001800125,-0.0834386001800126,-0.456738110321713));
#4548=CARTESIAN_POINT('',(-0.0827539324756685,-0.0869965731627879,-0.454530836349486));
#4549=CARTESIAN_POINT('',(-0.0869965731627879,-0.0827539324756685,-0.454530836349486));
#4550=CARTESIAN_POINT('',(-0.0811680257570212,-0.0854106664441406,-0.452466392060682));
#4551=CARTESIAN_POINT('',(-0.0854106664441406,-0.0811680257570212,-0.452466392060682));
#4552=CARTESIAN_POINT('',(-0.0791959594928932,-0.0834386001800125,-0.453692956509814));
#4553=CARTESIAN_POINT('',(-0.0834386001800125,-0.0791959594928932,-0.453692956509814));
#4554=CARTESIAN_POINT('',(-0.0791959594928932,-0.0834386001800126,-0.456738110321713));
#4555=CARTESIAN_POINT('',(-0.0834386001800126,-0.0791959594928932,-0.456738110321713));
#4556=CARTESIAN_POINT('',(-0.235285406082159,-0.238476137312828,-0.64942457580145));
#4557=CARTESIAN_POINT('',(-0.238476137312828,-0.235285406082159,-0.64942457580145));
#4558=CARTESIAN_POINT('',(-0.235285406082159,-0.238476137312828,-0.648556013384049));
#4559=CARTESIAN_POINT('',(-0.238476137312828,-0.235285406082159,-0.648556013384049));
#4560=CARTESIAN_POINT('',(-0.235034234733466,-0.238224965964135,-0.647763400681847));
#4561=CARTESIAN_POINT('',(-0.238224965964135,-0.235034234733466,-0.647763400681847));
#4562=CARTESIAN_POINT('',(-0.23457581471041,-0.237766545941079,-0.647185370000211));
#4563=CARTESIAN_POINT('',(-0.237766545941079,-0.23457581471041,-0.647185370000211));
#4564=CARTESIAN_POINT('',(-0.0749058673915427,0.0707383755351626,-0.443975911935778));
#4565=CARTESIAN_POINT('',(-0.24747259490167,0.24330510304529,-0.663716103227155));
#4566=CARTESIAN_POINT('',(-0.0761196636499928,0.0714136289521162,-0.442492400345692));
#4567=CARTESIAN_POINT('',(-0.24868639116012,0.243980356462244,-0.662232591637069));
#4568=CARTESIAN_POINT('',(-0.0759445622973203,0.0730705145690964,-0.44132872309637));
#4569=CARTESIAN_POINT('',(-0.248511289807448,0.245637242079224,-0.661068914387747));
#4570=CARTESIAN_POINT('',(-0.0745075384332083,0.0745075384332083,-0.44132872309637));
#4571=CARTESIAN_POINT('',(-0.247074265943336,0.247074265943336,-0.661068914387747));
#4572=CARTESIAN_POINT('',(-0.0730705145690964,0.0759445622973202,-0.44132872309637));
#4573=CARTESIAN_POINT('',(-0.245637242079224,0.248511289807448,-0.661068914387747));
#4574=CARTESIAN_POINT('',(-0.0714136289521162,0.0761196636499928,-0.442492400345692));
#4575=CARTESIAN_POINT('',(-0.243980356462244,0.24868639116012,-0.662232591637069));
#4576=CARTESIAN_POINT('',(-0.0707383755351626,0.0749058673915427,-0.443975911935778));
#4577=CARTESIAN_POINT('',(-0.24330510304529,0.24747259490167,-0.663716103227155));
#4578=CARTESIAN_POINT('',(-0.0834386001800126,0.0834386001800125,-0.456738110321713));
#4579=CARTESIAN_POINT('',(-0.0848580405477801,0.08485804054778,-0.454508675845281));
#4580=CARTESIAN_POINT('',(-0.234759451353934,0.234759451353934,-0.64942457580145));
#4581=CARTESIAN_POINT('',(-0.236178891721701,0.236178891721701,-0.647195141325018));
#4582=CARTESIAN_POINT('',(-0.234759451353934,0.234759451353934,-0.649424575801451));
#4583=CARTESIAN_POINT('',(-0.0834386001800126,0.0834386001800125,-0.456738110321713));
#4584=CARTESIAN_POINT('',(-0.0869965731627879,0.0827539324756686,-0.454530836349486));
#4585=CARTESIAN_POINT('',(-0.0827539324756686,0.0869965731627879,-0.454530836349486));
#4586=CARTESIAN_POINT('',(-0.0854106664441407,0.0811680257570214,-0.452466392060682));
#4587=CARTESIAN_POINT('',(-0.0811680257570214,0.0854106664441407,-0.452466392060682));
#4588=CARTESIAN_POINT('',(-0.0834386001800126,0.0791959594928933,-0.453692956509814));
#4589=CARTESIAN_POINT('',(-0.0791959594928933,0.0834386001800126,-0.453692956509814));
#4590=CARTESIAN_POINT('',(-0.0834386001800126,0.0791959594928932,-0.456738110321713));
#4591=CARTESIAN_POINT('',(-0.0791959594928933,0.0834386001800125,-0.456738110321713));
#4592=CARTESIAN_POINT('',(-0.238476137312828,0.235285406082159,-0.64942457580145));
#4593=CARTESIAN_POINT('',(-0.235285406082159,0.238476137312828,-0.64942457580145));
#4594=CARTESIAN_POINT('',(-0.238476137312828,0.235285406082159,-0.648556013384049));
#4595=CARTESIAN_POINT('',(-0.235285406082159,0.238476137312828,-0.648556013384049));
#4596=CARTESIAN_POINT('',(-0.238224965964135,0.235034234733466,-0.647763400681847));
#4597=CARTESIAN_POINT('',(-0.235034234733466,0.238224965964135,-0.647763400681847));
#4598=CARTESIAN_POINT('',(-0.237766545941079,0.23457581471041,-0.647185370000211));
#4599=CARTESIAN_POINT('',(-0.23457581471041,0.237766545941079,-0.647185370000211));
#4600=CARTESIAN_POINT('',(0.0015,0.115,-0.213621320343559));
#4601=CARTESIAN_POINT('',(-0.00150000000000002,0.115,-0.213621320343559));
#4602=CARTESIAN_POINT('',(0.0015,0.115,-0.212039446610582));
#4603=CARTESIAN_POINT('',(-0.00150000000000002,0.115,-0.212039446610582));
#4604=CARTESIAN_POINT('',(0.0015,0.116465006151554,-0.211440281093165));
#4605=CARTESIAN_POINT('',(-0.00150000000000002,0.116465006151554,-0.211440281093165));
#4606=CARTESIAN_POINT('',(0.0015,0.117572365757993,-0.212572496392133));
#4607=CARTESIAN_POINT('',(-0.00150000000000002,0.117572365757993,-0.212572496392133));
#4608=CARTESIAN_POINT('',(-2.12733247081999E-17,0.1165,-0.213621320343559));
#4609=CARTESIAN_POINT('',(-2.15577248062252E-17,0.11756066017178,-0.21256066017178));
#4610=CARTESIAN_POINT('',(-2.14150438543926E-17,0.1165,-0.213621320343559));
#4611=CARTESIAN_POINT('',(0.00149999999999997,0.1835,-0.28062132034356));
#4612=CARTESIAN_POINT('',(0.00149999999999998,0.11503097586719,-0.212152296210749));
#4613=CARTESIAN_POINT('',(0.00150000000000012,0.18562132034356,-0.2785));
#4614=CARTESIAN_POINT('',(0.00150000000000014,0.11715229621075,-0.210030975867189));
#4615=CARTESIAN_POINT('',(-0.0015000000000007,0.18562132034356,-0.2785));
#4616=CARTESIAN_POINT('',(-0.00150000000000069,0.11715229621075,-0.210030975867189));
#4617=CARTESIAN_POINT('',(-0.00150000000000003,0.1835,-0.28062132034356));
#4618=CARTESIAN_POINT('',(-0.00150000000000002,0.115030975867189,-0.212152296210749));
#4619=CARTESIAN_POINT('',(-3.36102673470506E-17,0.1835,-0.28062132034356));
#4620=CARTESIAN_POINT('',(-3.36102673470506E-17,0.18456066017178,-0.27956066017178));
#4621=CARTESIAN_POINT('',(-3.36102673470506E-17,0.1835,-0.28062132034356));
#4622=CARTESIAN_POINT('',(-0.00150000000000003,0.1835,-0.28062132034356));
#4623=CARTESIAN_POINT('',(-0.00150000000000003,0.1835,-0.28062132034356));
#4624=CARTESIAN_POINT('',(-0.00150000000000003,0.1835,-0.28062132034356));
#4625=CARTESIAN_POINT('',(-0.00150000000000003,0.1835,-0.28062132034356));
#4626=CARTESIAN_POINT('',(-0.00150000000000011,0.185621320343561,-0.278500000000001));
#4627=CARTESIAN_POINT('',(-0.00150000000000009,0.186191448736927,-0.279070128393368));
#4628=CARTESIAN_POINT('',(-0.00150000000000006,0.1865,-0.279815037037366));
#4629=CARTESIAN_POINT('',(-0.00150000000000003,0.1865,-0.28062132034356));
#4630=CARTESIAN_POINT('',(0.00149999999999989,0.185621320343561,-0.278500000000001));
#4631=CARTESIAN_POINT('',(0.00149999999999991,0.186191448736927,-0.279070128393368));
#4632=CARTESIAN_POINT('',(0.00149999999999994,0.1865,-0.279815037037366));
#4633=CARTESIAN_POINT('',(0.00149999999999997,0.1865,-0.280621320343559));
#4634=CARTESIAN_POINT('',(0.00149999999999997,0.1835,-0.280621320343559));
#4635=CARTESIAN_POINT('',(0.00149999999999997,0.1835,-0.28062132034356));
#4636=CARTESIAN_POINT('',(0.00149999999999997,0.1835,-0.28062132034356));
#4637=CARTESIAN_POINT('',(0.00149999999999997,0.1835,-0.280621320343559));
#4638=CARTESIAN_POINT('',(-3.36039871671148E-17,0.1835,-0.28062132034356));
#4639=CARTESIAN_POINT('',(0.00149999999999997,0.1835,-0.61937867965644));
#4640=CARTESIAN_POINT('',(0.00149999999999997,0.1835,-0.28062132034356));
#4641=CARTESIAN_POINT('',(0.00150000000000002,0.1865,-0.61937867965644));
#4642=CARTESIAN_POINT('',(0.00150000000000002,0.1865,-0.28062132034356));
#4643=CARTESIAN_POINT('',(-0.00150000000000009,0.1865,-0.61937867965644));
#4644=CARTESIAN_POINT('',(-0.00150000000000009,0.1865,-0.28062132034356));
#4645=CARTESIAN_POINT('',(-0.00150000000000003,0.1835,-0.61937867965644));
#4646=CARTESIAN_POINT('',(-0.00150000000000003,0.1835,-0.28062132034356));
#4647=CARTESIAN_POINT('',(-3.36102673470506E-17,0.1835,-0.61937867965644));
#4648=CARTESIAN_POINT('',(-0.00150000000000003,0.1835,-0.61937867965644));
#4649=CARTESIAN_POINT('',(-0.00150000000000003,0.1835,-0.61937867965644));
#4650=CARTESIAN_POINT('',(-0.00150000000000003,0.1835,-0.61937867965644));
#4651=CARTESIAN_POINT('',(-0.00150000000000003,0.1835,-0.61937867965644));
#4652=CARTESIAN_POINT('',(-0.00150000000000003,0.1865,-0.61937867965644));
#4653=CARTESIAN_POINT('',(-0.00150000000000003,0.1865,-0.620184962962634));
#4654=CARTESIAN_POINT('',(-0.00150000000000003,0.186191448736927,-0.620929871606632));
#4655=CARTESIAN_POINT('',(-0.00150000000000003,0.18562132034356,-0.621499999999999));
#4656=CARTESIAN_POINT('',(0.00149999999999997,0.1865,-0.61937867965644));
#4657=CARTESIAN_POINT('',(0.00149999999999997,0.1865,-0.620184962962634));
#4658=CARTESIAN_POINT('',(0.00149999999999997,0.186191448736927,-0.620929871606632));
#4659=CARTESIAN_POINT('',(0.00149999999999997,0.18562132034356,-0.621499999999999));
#4660=CARTESIAN_POINT('',(0.00149999999999997,0.1835,-0.61937867965644));
#4661=CARTESIAN_POINT('',(0.00149999999999997,0.1835,-0.61937867965644));
#4662=CARTESIAN_POINT('',(0.00149999999999997,0.1835,-0.61937867965644));
#4663=CARTESIAN_POINT('',(0.00149999999999997,0.1835,-0.61937867965644));
#4664=CARTESIAN_POINT('',(-3.36039871671148E-17,0.1835,-0.61937867965644));
#4665=CARTESIAN_POINT('',(0.00149999999999998,0.115030975867189,-0.687847703789251));
#4666=CARTESIAN_POINT('',(0.00149999999999997,0.1835,-0.61937867965644));
#4667=CARTESIAN_POINT('',(0.00150000000000084,0.11715229621075,-0.689969024132811));
#4668=CARTESIAN_POINT('',(0.00150000000000083,0.185621320343561,-0.621500000000001));
#4669=CARTESIAN_POINT('',(-0.00150000000000088,0.11715229621075,-0.689969024132811));
#4670=CARTESIAN_POINT('',(-0.0015000000000009,0.185621320343561,-0.621500000000001));
#4671=CARTESIAN_POINT('',(-0.00150000000000002,0.115030975867189,-0.687847703789251));
#4672=CARTESIAN_POINT('',(-0.00150000000000003,0.1835,-0.61937867965644));
#4673=CARTESIAN_POINT('',(-2.12733247081999E-17,0.1165,-0.68637867965644));
#4674=CARTESIAN_POINT('',(-2.15577248062252E-17,0.11756066017178,-0.68743933982822));
#4675=CARTESIAN_POINT('',(-2.14150438543926E-17,0.1165,-0.68637867965644));
#4676=CARTESIAN_POINT('',(0.00149999999999998,0.117572365757992,-0.687427503607866));
#4677=CARTESIAN_POINT('',(-0.0015,0.117572365757992,-0.687427503607866));
#4678=CARTESIAN_POINT('',(0.00149999999999998,0.116465006151553,-0.688559718906835));
#4679=CARTESIAN_POINT('',(-0.0015,0.116465006151553,-0.688559718906835));
#4680=CARTESIAN_POINT('',(0.00149999999999998,0.115,-0.687960553389417));
#4681=CARTESIAN_POINT('',(-0.0015,0.115,-0.687960553389417));
#4682=CARTESIAN_POINT('',(0.00149999999999998,0.115,-0.68637867965644));
#4683=CARTESIAN_POINT('',(-0.0015,0.115,-0.68637867965644));
#4684=CARTESIAN_POINT('',(0.115030975867189,-0.0015,-0.687847703789251));
#4685=CARTESIAN_POINT('',(0.1835,-0.0015,-0.61937867965644));
#4686=CARTESIAN_POINT('',(0.11715229621075,-0.00150000000000089,-0.689969024132811));
#4687=CARTESIAN_POINT('',(0.185621320343561,-0.00150000000000089,-0.621500000000001));
#4688=CARTESIAN_POINT('',(0.11715229621075,0.00150000000000086,-0.689969024132811));
#4689=CARTESIAN_POINT('',(0.185621320343561,0.00150000000000086,-0.621500000000001));
#4690=CARTESIAN_POINT('',(0.115030975867189,0.0015,-0.687847703789251));
#4691=CARTESIAN_POINT('',(0.1835,0.0015,-0.61937867965644));
#4692=CARTESIAN_POINT('',(0.1165,0.,-0.68637867965644));
#4693=CARTESIAN_POINT('',(0.11756066017178,0.,-0.68743933982822));
#4694=CARTESIAN_POINT('',(0.1835,0.,-0.61937867965644));
#4695=CARTESIAN_POINT('',(0.18456066017178,0.,-0.62043933982822));
#4696=CARTESIAN_POINT('',(0.1835,0.,-0.61937867965644));
#4697=CARTESIAN_POINT('',(0.1165,0.,-0.68637867965644));
#4698=CARTESIAN_POINT('',(0.117572365757992,-0.0015,-0.687427503607867));
#4699=CARTESIAN_POINT('',(0.117572365757992,0.0015,-0.687427503607866));
#4700=CARTESIAN_POINT('',(0.116465006151553,-0.0015,-0.688559718906835));
#4701=CARTESIAN_POINT('',(0.116465006151553,0.0015,-0.688559718906835));
#4702=CARTESIAN_POINT('',(0.115,-0.0015,-0.687960553389417));
#4703=CARTESIAN_POINT('',(0.115,0.0015,-0.687960553389417));
#4704=CARTESIAN_POINT('',(0.115,-0.0015,-0.68637867965644));
#4705=CARTESIAN_POINT('',(0.115,0.0015,-0.68637867965644));
#4706=CARTESIAN_POINT('',(0.1835,0.0015,-0.61937867965644));
#4707=CARTESIAN_POINT('',(0.1835,0.0015,-0.61937867965644));
#4708=CARTESIAN_POINT('',(0.1835,0.0015,-0.61937867965644));
#4709=CARTESIAN_POINT('',(0.1835,0.0015,-0.61937867965644));
#4710=CARTESIAN_POINT('',(0.1865,0.0015,-0.619378679656439));
#4711=CARTESIAN_POINT('',(0.1865,0.0015,-0.620184962962634));
#4712=CARTESIAN_POINT('',(0.186191448736927,0.0015,-0.620929871606632));
#4713=CARTESIAN_POINT('',(0.18562132034356,0.0015,-0.621499999999999));
#4714=CARTESIAN_POINT('',(0.1865,-0.0015,-0.619378679656439));
#4715=CARTESIAN_POINT('',(0.1865,-0.0015,-0.620184962962634));
#4716=CARTESIAN_POINT('',(0.186191448736927,-0.0015,-0.620929871606632));
#4717=CARTESIAN_POINT('',(0.18562132034356,-0.0015,-0.621499999999999));
#4718=CARTESIAN_POINT('',(0.1835,-0.0015,-0.61937867965644));
#4719=CARTESIAN_POINT('',(0.1835,-0.0015,-0.61937867965644));
#4720=CARTESIAN_POINT('',(0.1835,-0.0015,-0.61937867965644));
#4721=CARTESIAN_POINT('',(0.1835,-0.0015,-0.61937867965644));
#4722=CARTESIAN_POINT('',(0.1835,0.,-0.61937867965644));
#4723=CARTESIAN_POINT('',(0.1835,-0.0015,-0.61937867965644));
#4724=CARTESIAN_POINT('',(0.1835,-0.0015,-0.28062132034356));
#4725=CARTESIAN_POINT('',(0.1865,-0.00150000000000006,-0.61937867965644));
#4726=CARTESIAN_POINT('',(0.1865,-0.00150000000000006,-0.28062132034356));
#4727=CARTESIAN_POINT('',(0.1865,0.00150000000000006,-0.61937867965644));
#4728=CARTESIAN_POINT('',(0.1865,0.00150000000000006,-0.28062132034356));
#4729=CARTESIAN_POINT('',(0.1835,0.0015,-0.61937867965644));
#4730=CARTESIAN_POINT('',(0.1835,0.0015,-0.28062132034356));
#4731=CARTESIAN_POINT('',(0.1835,0.,-0.28062132034356));
#4732=CARTESIAN_POINT('',(0.1835,0.0015,-0.28062132034356));
#4733=CARTESIAN_POINT('',(0.1835,0.0015,-0.28062132034356));
#4734=CARTESIAN_POINT('',(0.1835,0.0015,-0.28062132034356));
#4735=CARTESIAN_POINT('',(0.1835,0.0015,-0.28062132034356));
#4736=CARTESIAN_POINT('',(0.185621320343561,0.00150000000000008,-0.278500000000001));
#4737=CARTESIAN_POINT('',(0.186191448736927,0.00150000000000006,-0.279070128393368));
#4738=CARTESIAN_POINT('',(0.1865,0.00150000000000003,-0.279815037037366));
#4739=CARTESIAN_POINT('',(0.1865,0.0015,-0.28062132034356));
#4740=CARTESIAN_POINT('',(0.185621320343561,-0.00149999999999992,-0.278500000000001));
#4741=CARTESIAN_POINT('',(0.186191448736927,-0.00149999999999994,-0.279070128393368));
#4742=CARTESIAN_POINT('',(0.1865,-0.00149999999999997,-0.279815037037366));
#4743=CARTESIAN_POINT('',(0.1865,-0.0015,-0.28062132034356));
#4744=CARTESIAN_POINT('',(0.1835,-0.0015,-0.280621320343559));
#4745=CARTESIAN_POINT('',(0.1835,-0.0015,-0.280621320343559));
#4746=CARTESIAN_POINT('',(0.1835,-0.0015,-0.280621320343559));
#4747=CARTESIAN_POINT('',(0.1835,-0.0015,-0.280621320343559));
#4748=CARTESIAN_POINT('',(0.1835,0.,-0.28062132034356));
#4749=CARTESIAN_POINT('',(0.115,-0.00150000000000002,-0.213621320343559));
#4750=CARTESIAN_POINT('',(0.115,0.00150000000000002,-0.213621320343559));
#4751=CARTESIAN_POINT('',(0.115,-0.00150000000000002,-0.212039446610582));
#4752=CARTESIAN_POINT('',(0.115,0.00150000000000002,-0.212039446610582));
#4753=CARTESIAN_POINT('',(0.116465006151554,-0.00150000000000002,-0.211440281093165));
#4754=CARTESIAN_POINT('',(0.116465006151554,0.00150000000000002,-0.211440281093165));
#4755=CARTESIAN_POINT('',(0.117572365757993,-0.00150000000000002,-0.212572496392133));
#4756=CARTESIAN_POINT('',(0.117572365757993,0.00150000000000002,-0.212572496392133));
#4757=CARTESIAN_POINT('',(0.1165,0.,-0.213621320343559));
#4758=CARTESIAN_POINT('',(0.11756066017178,0.,-0.21256066017178));
#4759=CARTESIAN_POINT('',(0.1165,0.,-0.213621320343559));
#4760=CARTESIAN_POINT('',(0.1835,-0.0015,-0.28062132034356));
#4761=CARTESIAN_POINT('',(0.11503097586719,-0.0015,-0.212152296210749));
#4762=CARTESIAN_POINT('',(0.18562132034356,-0.00150000000000016,-0.2785));
#4763=CARTESIAN_POINT('',(0.11715229621075,-0.00150000000000016,-0.210030975867189));
#4764=CARTESIAN_POINT('',(0.18562132034356,0.00150000000000067,-0.2785));
#4765=CARTESIAN_POINT('',(0.11715229621075,0.00150000000000067,-0.210030975867189));
#4766=CARTESIAN_POINT('',(0.1835,0.0015,-0.28062132034356));
#4767=CARTESIAN_POINT('',(0.115030975867189,0.0015,-0.212152296210749));
#4768=CARTESIAN_POINT('',(-0.00150000000000002,-0.115,-0.213621320343559));
#4769=CARTESIAN_POINT('',(0.00150000000000002,-0.115,-0.213621320343559));
#4770=CARTESIAN_POINT('',(-0.00150000000000002,-0.115,-0.212039446610582));
#4771=CARTESIAN_POINT('',(0.00150000000000002,-0.115,-0.212039446610582));
#4772=CARTESIAN_POINT('',(-0.00150000000000002,-0.116465006151554,-0.211440281093165));
#4773=CARTESIAN_POINT('',(0.00150000000000002,-0.116465006151554,-0.211440281093165));
#4774=CARTESIAN_POINT('',(-0.00150000000000002,-0.117572365757993,-0.212572496392133));
#4775=CARTESIAN_POINT('',(0.00150000000000002,-0.117572365757993,-0.212572496392133));
#4776=CARTESIAN_POINT('',(7.163388380899E-18,-0.1165,-0.213621320343559));
#4777=CARTESIAN_POINT('',(7.18590826874175E-18,-0.11756066017178,-0.21256066017178));
#4778=CARTESIAN_POINT('',(7.13834795146421E-18,-0.1165,-0.213621320343559));
#4779=CARTESIAN_POINT('',(-0.00149999999999999,-0.1835,-0.28062132034356));
#4780=CARTESIAN_POINT('',(-0.00149999999999999,-0.11503097586719,-0.212152296210749));
#4781=CARTESIAN_POINT('',(-0.00150000000000015,-0.18562132034356,-0.2785));
#4782=CARTESIAN_POINT('',(-0.00150000000000015,-0.11715229621075,-0.210030975867189));
#4783=CARTESIAN_POINT('',(0.00150000000000068,-0.18562132034356,-0.2785));
#4784=CARTESIAN_POINT('',(0.00150000000000067,-0.11715229621075,-0.210030975867189));
#4785=CARTESIAN_POINT('',(0.00150000000000001,-0.1835,-0.28062132034356));
#4786=CARTESIAN_POINT('',(0.00150000000000001,-0.115030975867189,-0.212152296210749));
#4787=CARTESIAN_POINT('',(1.12757025938492E-17,-0.1835,-0.28062132034356));
#4788=CARTESIAN_POINT('',(0.00150000000000001,-0.1835,-0.28062132034356));
#4789=CARTESIAN_POINT('',(0.00150000000000001,-0.1835,-0.28062132034356));
#4790=CARTESIAN_POINT('',(0.00150000000000001,-0.1835,-0.28062132034356));
#4791=CARTESIAN_POINT('',(0.00150000000000001,-0.1835,-0.28062132034356));
#4792=CARTESIAN_POINT('',(0.00150000000000009,-0.185621320343561,-0.278500000000001));
#4793=CARTESIAN_POINT('',(0.00150000000000007,-0.186191448736928,-0.279070128393369));
#4794=CARTESIAN_POINT('',(0.00150000000000004,-0.1865,-0.279815037037366));
#4795=CARTESIAN_POINT('',(0.00150000000000001,-0.1865,-0.28062132034356));
#4796=CARTESIAN_POINT('',(-0.00149999999999991,-0.185621320343561,-0.278500000000001));
#4797=CARTESIAN_POINT('',(-0.00149999999999993,-0.186191448736928,-0.279070128393368));
#4798=CARTESIAN_POINT('',(-0.00149999999999996,-0.1865,-0.279815037037366));
#4799=CARTESIAN_POINT('',(-0.00149999999999999,-0.1865,-0.28062132034356));
#4800=CARTESIAN_POINT('',(-0.00149999999999999,-0.1835,-0.28062132034356));
#4801=CARTESIAN_POINT('',(-0.00149999999999999,-0.1835,-0.280621320343559));
#4802=CARTESIAN_POINT('',(-0.00149999999999999,-0.1835,-0.280621320343559));
#4803=CARTESIAN_POINT('',(-0.00149999999999999,-0.1835,-0.280621320343559));
#4804=CARTESIAN_POINT('',(1.12736092005373E-17,-0.1835,-0.28062132034356));
#4805=CARTESIAN_POINT('',(-0.00149999999999999,-0.1835,-0.61937867965644));
#4806=CARTESIAN_POINT('',(-0.00149999999999999,-0.1835,-0.28062132034356));
#4807=CARTESIAN_POINT('',(-0.00150000000000005,-0.1865,-0.61937867965644));
#4808=CARTESIAN_POINT('',(-0.00150000000000005,-0.1865,-0.28062132034356));
#4809=CARTESIAN_POINT('',(0.00150000000000007,-0.1865,-0.61937867965644));
#4810=CARTESIAN_POINT('',(0.00150000000000007,-0.1865,-0.28062132034356));
#4811=CARTESIAN_POINT('',(0.00150000000000001,-0.1835,-0.61937867965644));
#4812=CARTESIAN_POINT('',(0.00150000000000001,-0.1835,-0.28062132034356));
#4813=CARTESIAN_POINT('',(1.12757025938492E-17,-0.1835,-0.61937867965644));
#4814=CARTESIAN_POINT('',(0.00150000000000001,-0.1835,-0.61937867965644));
#4815=CARTESIAN_POINT('',(0.00150000000000001,-0.1835,-0.61937867965644));
#4816=CARTESIAN_POINT('',(0.00150000000000001,-0.1835,-0.61937867965644));
#4817=CARTESIAN_POINT('',(0.00150000000000001,-0.1835,-0.61937867965644));
#4818=CARTESIAN_POINT('',(0.00150000000000001,-0.1865,-0.61937867965644));
#4819=CARTESIAN_POINT('',(0.00150000000000001,-0.1865,-0.620184962962634));
#4820=CARTESIAN_POINT('',(0.00150000000000001,-0.186191448736927,-0.620929871606632));
#4821=CARTESIAN_POINT('',(0.00150000000000001,-0.18562132034356,-0.621499999999999));
#4822=CARTESIAN_POINT('',(-0.00149999999999999,-0.1865,-0.61937867965644));
#4823=CARTESIAN_POINT('',(-0.00149999999999999,-0.1865,-0.620184962962634));
#4824=CARTESIAN_POINT('',(-0.00149999999999999,-0.186191448736927,-0.620929871606632));
#4825=CARTESIAN_POINT('',(-0.00149999999999999,-0.18562132034356,-0.621499999999999));
#4826=CARTESIAN_POINT('',(-0.00149999999999999,-0.1835,-0.61937867965644));
#4827=CARTESIAN_POINT('',(-0.00149999999999999,-0.1835,-0.61937867965644));
#4828=CARTESIAN_POINT('',(-0.00149999999999999,-0.1835,-0.61937867965644));
#4829=CARTESIAN_POINT('',(-0.00149999999999999,-0.1835,-0.61937867965644));
#4830=CARTESIAN_POINT('',(1.12736092005373E-17,-0.1835,-0.61937867965644));
#4831=CARTESIAN_POINT('',(1.12736092005373E-17,-0.18456066017178,-0.62043933982822));
#4832=CARTESIAN_POINT('',(1.12736092005373E-17,-0.1835,-0.61937867965644));
#4833=CARTESIAN_POINT('',(-0.00149999999999999,-0.115030975867189,-0.687847703789251));
#4834=CARTESIAN_POINT('',(-0.00149999999999999,-0.1835,-0.61937867965644));
#4835=CARTESIAN_POINT('',(-0.00150000000000088,-0.11715229621075,-0.689969024132811));
#4836=CARTESIAN_POINT('',(-0.00150000000000087,-0.185621320343561,-0.621500000000001));
#4837=CARTESIAN_POINT('',(0.00150000000000087,-0.11715229621075,-0.689969024132811));
#4838=CARTESIAN_POINT('',(0.00150000000000087,-0.185621320343561,-0.621500000000001));
#4839=CARTESIAN_POINT('',(0.00150000000000001,-0.115030975867189,-0.687847703789251));
#4840=CARTESIAN_POINT('',(0.00150000000000001,-0.1835,-0.61937867965644));
#4841=CARTESIAN_POINT('',(7.163388380899E-18,-0.1165,-0.68637867965644));
#4842=CARTESIAN_POINT('',(7.18590826874174E-18,-0.11756066017178,-0.68743933982822));
#4843=CARTESIAN_POINT('',(7.1383479514642E-18,-0.1165,-0.68637867965644));
#4844=CARTESIAN_POINT('',(-0.0015,-0.117572365757992,-0.687427503607866));
#4845=CARTESIAN_POINT('',(0.0015,-0.117572365757992,-0.687427503607866));
#4846=CARTESIAN_POINT('',(-0.0015,-0.116465006151553,-0.688559718906835));
#4847=CARTESIAN_POINT('',(0.0015,-0.116465006151553,-0.688559718906835));
#4848=CARTESIAN_POINT('',(-0.0015,-0.115,-0.687960553389418));
#4849=CARTESIAN_POINT('',(0.0015,-0.115,-0.687960553389418));
#4850=CARTESIAN_POINT('',(-0.0015,-0.115,-0.68637867965644));
#4851=CARTESIAN_POINT('',(0.0015,-0.115,-0.68637867965644));
#4852=CARTESIAN_POINT('',(-0.115,0.00150000000000001,-0.213621320343559));
#4853=CARTESIAN_POINT('',(-0.115,-0.00150000000000002,-0.213621320343559));
#4854=CARTESIAN_POINT('',(-0.115,0.00150000000000001,-0.212039446610582));
#4855=CARTESIAN_POINT('',(-0.115,-0.00150000000000002,-0.212039446610582));
#4856=CARTESIAN_POINT('',(-0.116465006151554,0.00150000000000001,-0.211440281093165));
#4857=CARTESIAN_POINT('',(-0.116465006151554,-0.00150000000000002,-0.211440281093165));
#4858=CARTESIAN_POINT('',(-0.117572365757993,0.00150000000000001,-0.212572496392133));
#4859=CARTESIAN_POINT('',(-0.117572365757993,-0.00150000000000002,-0.212572496392133));
#4860=CARTESIAN_POINT('',(-0.1165,-1.4326776761798E-17,-0.213621320343559));
#4861=CARTESIAN_POINT('',(-0.11756066017178,-1.43718165374835E-17,-0.21256066017178));
#4862=CARTESIAN_POINT('',(-0.1165,-1.42766959029284E-17,-0.213621320343559));
#4863=CARTESIAN_POINT('',(-0.1835,0.00149999999999998,-0.28062132034356));
#4864=CARTESIAN_POINT('',(-0.11503097586719,0.00149999999999999,-0.212152296210749));
#4865=CARTESIAN_POINT('',(-0.18562132034356,0.00150000000000013,-0.2785));
#4866=CARTESIAN_POINT('',(-0.11715229621075,0.00150000000000014,-0.210030975867189));
#4867=CARTESIAN_POINT('',(-0.18562132034356,-0.00150000000000069,-0.2785));
#4868=CARTESIAN_POINT('',(-0.11715229621075,-0.00150000000000068,-0.210030975867189));
#4869=CARTESIAN_POINT('',(-0.1835,-0.00150000000000002,-0.28062132034356));
#4870=CARTESIAN_POINT('',(-0.115030975867189,-0.00150000000000001,-0.212152296210749));
#4871=CARTESIAN_POINT('',(-0.1835,-2.25514051876985E-17,-0.28062132034356));
#4872=CARTESIAN_POINT('',(-0.18456066017178,-2.25514051876985E-17,-0.27956066017178));
#4873=CARTESIAN_POINT('',(-0.1835,-2.25514051876985E-17,-0.28062132034356));
#4874=CARTESIAN_POINT('',(-0.1835,-0.00150000000000002,-0.28062132034356));
#4875=CARTESIAN_POINT('',(-0.1835,-0.00150000000000002,-0.28062132034356));
#4876=CARTESIAN_POINT('',(-0.1835,-0.00150000000000002,-0.28062132034356));
#4877=CARTESIAN_POINT('',(-0.1835,-0.00150000000000002,-0.28062132034356));
#4878=CARTESIAN_POINT('',(-0.185621320343561,-0.0015000000000001,-0.278500000000001));
#4879=CARTESIAN_POINT('',(-0.186191448736927,-0.00150000000000008,-0.279070128393368));
#4880=CARTESIAN_POINT('',(-0.1865,-0.00150000000000005,-0.279815037037366));
#4881=CARTESIAN_POINT('',(-0.1865,-0.00150000000000002,-0.280621320343559));
#4882=CARTESIAN_POINT('',(-0.185621320343561,0.0014999999999999,-0.278500000000001));
#4883=CARTESIAN_POINT('',(-0.186191448736927,0.00149999999999992,-0.279070128393368));
#4884=CARTESIAN_POINT('',(-0.1865,0.00149999999999995,-0.279815037037366));
#4885=CARTESIAN_POINT('',(-0.1865,0.00149999999999998,-0.280621320343559));
#4886=CARTESIAN_POINT('',(-0.1835,0.00149999999999998,-0.280621320343559));
#4887=CARTESIAN_POINT('',(-0.1835,0.00149999999999998,-0.280621320343559));
#4888=CARTESIAN_POINT('',(-0.1835,0.00149999999999998,-0.28062132034356));
#4889=CARTESIAN_POINT('',(-0.1835,0.00149999999999998,-0.280621320343559));
#4890=CARTESIAN_POINT('',(-0.1835,-2.25472184010746E-17,-0.28062132034356));
#4891=CARTESIAN_POINT('',(-0.1835,0.00149999999999998,-0.61937867965644));
#4892=CARTESIAN_POINT('',(-0.1835,0.00149999999999998,-0.28062132034356));
#4893=CARTESIAN_POINT('',(-0.1865,0.00150000000000003,-0.61937867965644));
#4894=CARTESIAN_POINT('',(-0.1865,0.00150000000000003,-0.28062132034356));
#4895=CARTESIAN_POINT('',(-0.1865,-0.00150000000000008,-0.61937867965644));
#4896=CARTESIAN_POINT('',(-0.1865,-0.00150000000000008,-0.28062132034356));
#4897=CARTESIAN_POINT('',(-0.1835,-0.00150000000000002,-0.61937867965644));
#4898=CARTESIAN_POINT('',(-0.1835,-0.00150000000000002,-0.28062132034356));
#4899=CARTESIAN_POINT('',(-0.1835,-2.25514051876985E-17,-0.61937867965644));
#4900=CARTESIAN_POINT('',(-0.185,-2.25514051876985E-17,-0.61937867965644));
#4901=CARTESIAN_POINT('',(-0.1835,-2.25514051876985E-17,-0.61937867965644));
#4902=CARTESIAN_POINT('',(-0.1835,-0.00150000000000002,-0.61937867965644));
#4903=CARTESIAN_POINT('',(-0.1835,-0.00150000000000002,-0.61937867965644));
#4904=CARTESIAN_POINT('',(-0.1835,-0.00150000000000002,-0.61937867965644));
#4905=CARTESIAN_POINT('',(-0.1835,-0.00150000000000002,-0.61937867965644));
#4906=CARTESIAN_POINT('',(-0.1865,-0.00150000000000002,-0.61937867965644));
#4907=CARTESIAN_POINT('',(-0.1865,-0.00150000000000002,-0.620184962962634));
#4908=CARTESIAN_POINT('',(-0.186191448736927,-0.00150000000000002,-0.620929871606632));
#4909=CARTESIAN_POINT('',(-0.18562132034356,-0.00150000000000002,-0.621499999999999));
#4910=CARTESIAN_POINT('',(-0.1865,0.00149999999999998,-0.61937867965644));
#4911=CARTESIAN_POINT('',(-0.1865,0.00149999999999998,-0.620184962962634));
#4912=CARTESIAN_POINT('',(-0.186191448736927,0.00149999999999998,-0.620929871606632));
#4913=CARTESIAN_POINT('',(-0.18562132034356,0.00149999999999998,-0.621499999999999));
#4914=CARTESIAN_POINT('',(-0.1835,0.00149999999999998,-0.61937867965644));
#4915=CARTESIAN_POINT('',(-0.1835,0.00149999999999998,-0.61937867965644));
#4916=CARTESIAN_POINT('',(-0.1835,0.00149999999999998,-0.61937867965644));
#4917=CARTESIAN_POINT('',(-0.1835,0.00149999999999998,-0.61937867965644));
#4918=CARTESIAN_POINT('',(-0.1835,-2.25472184010746E-17,-0.61937867965644));
#4919=CARTESIAN_POINT('',(-0.115030975867189,0.00149999999999999,-0.687847703789251));
#4920=CARTESIAN_POINT('',(-0.1835,0.00149999999999998,-0.61937867965644));
#4921=CARTESIAN_POINT('',(-0.11715229621075,0.00150000000000085,-0.689969024132811));
#4922=CARTESIAN_POINT('',(-0.185621320343561,0.00150000000000084,-0.621500000000001));
#4923=CARTESIAN_POINT('',(-0.11715229621075,-0.00150000000000088,-0.689969024132811));
#4924=CARTESIAN_POINT('',(-0.185621320343561,-0.00150000000000089,-0.621500000000001));
#4925=CARTESIAN_POINT('',(-0.115030975867189,-0.00150000000000001,-0.687847703789251));
#4926=CARTESIAN_POINT('',(-0.1835,-0.00150000000000002,-0.61937867965644));
#4927=CARTESIAN_POINT('',(-0.1165,-1.4326776761798E-17,-0.68637867965644));
#4928=CARTESIAN_POINT('',(-0.11756066017178,-1.43718165374835E-17,-0.68743933982822));
#4929=CARTESIAN_POINT('',(-0.1165,-1.42766959029284E-17,-0.68637867965644));
#4930=CARTESIAN_POINT('',(-0.117572365757992,0.00149999999999999,-0.687427503607866));
#4931=CARTESIAN_POINT('',(-0.117572365757992,-0.0015,-0.687427503607866));
#4932=CARTESIAN_POINT('',(-0.116465006151553,0.00149999999999999,-0.688559718906835));
#4933=CARTESIAN_POINT('',(-0.116465006151553,-0.0015,-0.688559718906835));
#4934=CARTESIAN_POINT('',(-0.115,0.00149999999999999,-0.687960553389418));
#4935=CARTESIAN_POINT('',(-0.115,-0.0015,-0.687960553389418));
#4936=CARTESIAN_POINT('',(-0.115,0.00149999999999999,-0.68637867965644));
#4937=CARTESIAN_POINT('',(-0.115,-0.0015,-0.68637867965644));
#4938=CARTESIAN_POINT('',(-2.77555756156289E-17,0.,0.05));
#4939=CARTESIAN_POINT('',(0.113,0.,-0.588));
#4940=CARTESIAN_POINT('',(0.113,0.,-0.582));
#4941=CARTESIAN_POINT('',(0.113,0.226,-0.588));
#4942=CARTESIAN_POINT('',(0.113,0.226,-0.582));
#4943=CARTESIAN_POINT('',(-0.113,0.226,-0.588));
#4944=CARTESIAN_POINT('',(-0.113,0.226,-0.582));
#4945=CARTESIAN_POINT('',(-0.113,1.38385088303651E-17,-0.588));
#4946=CARTESIAN_POINT('',(-0.113,1.38385088303651E-17,-0.582));
#4947=CARTESIAN_POINT('',(0.,0.,-0.588));
#4948=CARTESIAN_POINT('',(0.113,0.,-0.588));
#4949=CARTESIAN_POINT('',(-0.113,1.38385088303651E-17,-0.588));
#4950=CARTESIAN_POINT('',(-0.113,1.38385088303651E-17,-0.5883));
#4951=CARTESIAN_POINT('',(-0.113,1.38385088303651E-17,-0.5817));
#4952=CARTESIAN_POINT('',(-0.113,1.38385088303651E-17,-0.582));
#4953=CARTESIAN_POINT('',(0.,0.,-0.582));
#4954=CARTESIAN_POINT('',(0.113,0.,-0.582));
#4955=CARTESIAN_POINT('',(0.113,0.,-0.5883));
#4956=CARTESIAN_POINT('',(0.113,0.,-0.5817));
#4957=CARTESIAN_POINT('',(-0.049,6.00076931582203E-18,-0.588));
#4958=CARTESIAN_POINT('',(-0.049,6.00076931582203E-18,-0.582));
#4959=CARTESIAN_POINT('',(-0.049,-0.098,-0.588));
#4960=CARTESIAN_POINT('',(-0.049,-0.098,-0.582));
#4961=CARTESIAN_POINT('',(0.049,-0.098,-0.588));
#4962=CARTESIAN_POINT('',(0.049,-0.098,-0.582));
#4963=CARTESIAN_POINT('',(0.049,0.,-0.588));
#4964=CARTESIAN_POINT('',(0.049,0.,-0.582));
#4965=CARTESIAN_POINT('',(0.,0.,-0.588));
#4966=CARTESIAN_POINT('',(-0.049,6.00076931582203E-18,-0.588));
#4967=CARTESIAN_POINT('',(0.049,0.,-0.588));
#4968=CARTESIAN_POINT('',(-0.049,6.00076931582203E-18,-0.5883));
#4969=CARTESIAN_POINT('',(-0.049,6.00076931582203E-18,-0.5817));
#4970=CARTESIAN_POINT('',(-0.049,6.00076931582203E-18,-0.582));
#4971=CARTESIAN_POINT('',(0.,0.,-0.582));
#4972=CARTESIAN_POINT('',(0.049,0.,-0.582));
#4973=CARTESIAN_POINT('',(0.049,0.,-0.5883));
#4974=CARTESIAN_POINT('',(0.049,0.,-0.5817));
#4975=CARTESIAN_POINT('',(-0.115041047553628,-0.115239737452465,-0.588));
#4976=CARTESIAN_POINT('',(-0.115041047553628,0.114752419406309,-0.588));
#4977=CARTESIAN_POINT('',(0.114360085770698,-0.115239737452465,-0.588));
#4978=CARTESIAN_POINT('',(0.114360085770698,0.114752419406309,-0.588));
#4979=CARTESIAN_POINT('',(0.,0.,-0.588));
#4980=CARTESIAN_POINT('',(0.,0.,-0.588));
#4981=CARTESIAN_POINT('',(0.049,0.,-0.588));
#4982=CARTESIAN_POINT('',(0.049,0.,-0.582));
#4983=CARTESIAN_POINT('',(0.049,0.098,-0.588));
#4984=CARTESIAN_POINT('',(0.049,0.098,-0.582));
#4985=CARTESIAN_POINT('',(-0.049,0.098,-0.588));
#4986=CARTESIAN_POINT('',(-0.049,0.098,-0.582));
#4987=CARTESIAN_POINT('',(-0.049,6.00076931582203E-18,-0.588));
#4988=CARTESIAN_POINT('',(-0.049,6.00076931582203E-18,-0.582));
#4989=CARTESIAN_POINT('',(0.,0.,-0.582));
#4990=CARTESIAN_POINT('',(0.114360085770698,-0.115239737452465,-0.582));
#4991=CARTESIAN_POINT('',(0.114360085770698,0.114752419406309,-0.582));
#4992=CARTESIAN_POINT('',(-0.115041047553628,-0.115239737452465,-0.582));
#4993=CARTESIAN_POINT('',(-0.115041047553628,0.114752419406309,-0.582));
#4994=CARTESIAN_POINT('',(0.,0.,-0.582));
#4995=CARTESIAN_POINT('',(-0.113,1.38385088303651E-17,-0.588));
#4996=CARTESIAN_POINT('',(-0.113,1.38385088303651E-17,-0.582));
#4997=CARTESIAN_POINT('',(-0.113,-0.226,-0.588));
#4998=CARTESIAN_POINT('',(-0.113,-0.226,-0.582));
#4999=CARTESIAN_POINT('',(0.113,-0.226,-0.588));
#5000=CARTESIAN_POINT('',(0.113,-0.226,-0.582));
#5001=CARTESIAN_POINT('',(0.113,0.,-0.588));
#5002=CARTESIAN_POINT('',(0.113,0.,-0.582));
#5003=CARTESIAN_POINT('',(-2.77555756156289E-17,0.,0.05));
#5004=CARTESIAN_POINT('',(-0.049,6.00076931582203E-18,-0.75));
#5005=CARTESIAN_POINT('',(-0.049,6.00076931582203E-18,-0.744));
#5006=CARTESIAN_POINT('',(-0.049,-0.098,-0.75));
#5007=CARTESIAN_POINT('',(-0.049,-0.098,-0.744));
#5008=CARTESIAN_POINT('',(0.049,-0.098,-0.75));
#5009=CARTESIAN_POINT('',(0.049,-0.098,-0.744));
#5010=CARTESIAN_POINT('',(0.049,0.,-0.75));
#5011=CARTESIAN_POINT('',(0.049,0.,-0.744));
#5012=CARTESIAN_POINT('',(0.,0.,-0.75));
#5013=CARTESIAN_POINT('',(-0.049,6.00076931582203E-18,-0.75));
#5014=CARTESIAN_POINT('',(0.049,0.,-0.75));
#5015=CARTESIAN_POINT('',(-0.049,6.00076931582203E-18,-0.7503));
#5016=CARTESIAN_POINT('',(-0.049,6.00076931582203E-18,-0.7437));
#5017=CARTESIAN_POINT('',(-0.049,6.00076931582203E-18,-0.744));
#5018=CARTESIAN_POINT('',(0.,0.,-0.744));
#5019=CARTESIAN_POINT('',(0.049,0.,-0.744));
#5020=CARTESIAN_POINT('',(0.049,0.,-0.7503));
#5021=CARTESIAN_POINT('',(0.049,0.,-0.7437));
#5022=CARTESIAN_POINT('',(0.113,0.,-0.75));
#5023=CARTESIAN_POINT('',(0.113,0.,-0.744));
#5024=CARTESIAN_POINT('',(0.113,0.226,-0.75));
#5025=CARTESIAN_POINT('',(0.113,0.226,-0.744));
#5026=CARTESIAN_POINT('',(-0.113,0.226,-0.75));
#5027=CARTESIAN_POINT('',(-0.113,0.226,-0.744));
#5028=CARTESIAN_POINT('',(-0.113,1.38385088303651E-17,-0.75));
#5029=CARTESIAN_POINT('',(-0.113,1.38385088303651E-17,-0.744));
#5030=CARTESIAN_POINT('',(0.,0.,-0.75));
#5031=CARTESIAN_POINT('',(0.113,0.,-0.75));
#5032=CARTESIAN_POINT('',(-0.113,1.38385088303651E-17,-0.75));
#5033=CARTESIAN_POINT('',(-0.113,1.38385088303651E-17,-0.7503));
#5034=CARTESIAN_POINT('',(-0.113,1.38385088303651E-17,-0.7437));
#5035=CARTESIAN_POINT('',(-0.113,1.38385088303651E-17,-0.744));
#5036=CARTESIAN_POINT('',(0.,0.,-0.744));
#5037=CARTESIAN_POINT('',(0.113,0.,-0.744));
#5038=CARTESIAN_POINT('',(0.113,0.,-0.7503));
#5039=CARTESIAN_POINT('',(0.113,0.,-0.7437));
#5040=CARTESIAN_POINT('',(-0.115041047553628,-0.115239737452465,-0.744));
#5041=CARTESIAN_POINT('',(-0.115041047553628,0.114752419406309,-0.744));
#5042=CARTESIAN_POINT('',(0.114360085770698,-0.115239737452465,-0.744));
#5043=CARTESIAN_POINT('',(0.114360085770698,0.114752419406309,-0.744));
#5044=CARTESIAN_POINT('',(0.,0.,-0.744));
#5045=CARTESIAN_POINT('',(0.,0.,-0.744));
#5046=CARTESIAN_POINT('',(-0.113,1.38385088303651E-17,-0.75));
#5047=CARTESIAN_POINT('',(-0.113,1.38385088303651E-17,-0.744));
#5048=CARTESIAN_POINT('',(-0.113,-0.226,-0.75));
#5049=CARTESIAN_POINT('',(-0.113,-0.226,-0.744));
#5050=CARTESIAN_POINT('',(0.113,-0.226,-0.75));
#5051=CARTESIAN_POINT('',(0.113,-0.226,-0.744));
#5052=CARTESIAN_POINT('',(0.113,0.,-0.75));
#5053=CARTESIAN_POINT('',(0.113,0.,-0.744));
#5054=CARTESIAN_POINT('',(0.,0.,-0.75));
#5055=CARTESIAN_POINT('',(0.114360085770698,-0.115239737452465,-0.75));
#5056=CARTESIAN_POINT('',(0.114360085770698,0.114752419406309,-0.75));
#5057=CARTESIAN_POINT('',(-0.115041047553628,-0.115239737452465,-0.75));
#5058=CARTESIAN_POINT('',(-0.115041047553628,0.114752419406309,-0.75));
#5059=CARTESIAN_POINT('',(0.,0.,-0.75));
#5060=CARTESIAN_POINT('',(0.049,0.,-0.75));
#5061=CARTESIAN_POINT('',(0.049,0.,-0.744));
#5062=CARTESIAN_POINT('',(0.049,0.098,-0.75));
#5063=CARTESIAN_POINT('',(0.049,0.098,-0.744));
#5064=CARTESIAN_POINT('',(-0.049,0.098,-0.75));
#5065=CARTESIAN_POINT('',(-0.049,0.098,-0.744));
#5066=CARTESIAN_POINT('',(-0.049,6.00076931582203E-18,-0.75));
#5067=CARTESIAN_POINT('',(-0.049,6.00076931582203E-18,-0.744));
#5068=CARTESIAN_POINT('',(-2.77555756156289E-17,0.,0.05));
#5069=CARTESIAN_POINT('',(-0.049,6.00076931582203E-18,-0.426));
#5070=CARTESIAN_POINT('',(-0.049,6.00076931582203E-18,-0.42));
#5071=CARTESIAN_POINT('',(-0.049,-0.098,-0.426));
#5072=CARTESIAN_POINT('',(-0.049,-0.098,-0.42));
#5073=CARTESIAN_POINT('',(0.049,-0.098,-0.426));
#5074=CARTESIAN_POINT('',(0.049,-0.098,-0.42));
#5075=CARTESIAN_POINT('',(0.049,0.,-0.426));
#5076=CARTESIAN_POINT('',(0.049,0.,-0.42));
#5077=CARTESIAN_POINT('',(0.,0.,-0.426));
#5078=CARTESIAN_POINT('',(-0.049,6.00076931582203E-18,-0.426));
#5079=CARTESIAN_POINT('',(0.049,0.,-0.426));
#5080=CARTESIAN_POINT('',(-0.049,6.00076931582203E-18,-0.4263));
#5081=CARTESIAN_POINT('',(-0.049,6.00076931582203E-18,-0.4197));
#5082=CARTESIAN_POINT('',(-0.049,6.00076931582203E-18,-0.42));
#5083=CARTESIAN_POINT('',(0.,0.,-0.42));
#5084=CARTESIAN_POINT('',(0.049,0.,-0.42));
#5085=CARTESIAN_POINT('',(0.049,0.,-0.4263));
#5086=CARTESIAN_POINT('',(0.049,0.,-0.4197));
#5087=CARTESIAN_POINT('',(0.113,0.,-0.426));
#5088=CARTESIAN_POINT('',(0.113,0.,-0.42));
#5089=CARTESIAN_POINT('',(0.113,0.226,-0.426));
#5090=CARTESIAN_POINT('',(0.113,0.226,-0.42));
#5091=CARTESIAN_POINT('',(-0.113,0.226,-0.426));
#5092=CARTESIAN_POINT('',(-0.113,0.226,-0.42));
#5093=CARTESIAN_POINT('',(-0.113,1.38385088303651E-17,-0.426));
#5094=CARTESIAN_POINT('',(-0.113,1.38385088303651E-17,-0.42));
#5095=CARTESIAN_POINT('',(0.,0.,-0.426));
#5096=CARTESIAN_POINT('',(0.113,0.,-0.426));
#5097=CARTESIAN_POINT('',(-0.113,1.38385088303651E-17,-0.426));
#5098=CARTESIAN_POINT('',(-0.113,1.38385088303651E-17,-0.4263));
#5099=CARTESIAN_POINT('',(-0.113,1.38385088303651E-17,-0.4197));
#5100=CARTESIAN_POINT('',(-0.113,1.38385088303651E-17,-0.42));
#5101=CARTESIAN_POINT('',(0.,0.,-0.42));
#5102=CARTESIAN_POINT('',(0.113,0.,-0.42));
#5103=CARTESIAN_POINT('',(0.113,0.,-0.4263));
#5104=CARTESIAN_POINT('',(0.113,0.,-0.4197));
#5105=CARTESIAN_POINT('',(-0.113,1.38385088303651E-17,-0.426));
#5106=CARTESIAN_POINT('',(-0.113,1.38385088303651E-17,-0.42));
#5107=CARTESIAN_POINT('',(-0.113,-0.226,-0.426));
#5108=CARTESIAN_POINT('',(-0.113,-0.226,-0.42));
#5109=CARTESIAN_POINT('',(0.113,-0.226,-0.426));
#5110=CARTESIAN_POINT('',(0.113,-0.226,-0.42));
#5111=CARTESIAN_POINT('',(0.113,0.,-0.426));
#5112=CARTESIAN_POINT('',(0.113,0.,-0.42));
#5113=CARTESIAN_POINT('',(0.,0.,-0.426));
#5114=CARTESIAN_POINT('',(0.,0.,-0.42));
#5115=CARTESIAN_POINT('',(-0.115041047553628,-0.115239737452465,-0.426));
#5116=CARTESIAN_POINT('',(-0.115041047553628,0.114752419406309,-0.426));
#5117=CARTESIAN_POINT('',(0.114360085770698,-0.115239737452465,-0.426));
#5118=CARTESIAN_POINT('',(0.114360085770698,0.114752419406309,-0.426));
#5119=CARTESIAN_POINT('',(0.,0.,-0.426));
#5120=CARTESIAN_POINT('',(0.049,0.,-0.426));
#5121=CARTESIAN_POINT('',(0.049,0.,-0.42));
#5122=CARTESIAN_POINT('',(0.049,0.098,-0.426));
#5123=CARTESIAN_POINT('',(0.049,0.098,-0.42));
#5124=CARTESIAN_POINT('',(-0.049,0.098,-0.426));
#5125=CARTESIAN_POINT('',(-0.049,0.098,-0.42));
#5126=CARTESIAN_POINT('',(-0.049,6.00076931582203E-18,-0.426));
#5127=CARTESIAN_POINT('',(-0.049,6.00076931582203E-18,-0.42));
#5128=CARTESIAN_POINT('',(0.,0.,-0.42));
#5129=CARTESIAN_POINT('',(0.114360085770698,-0.115239737452465,-0.42));
#5130=CARTESIAN_POINT('',(0.114360085770698,0.114752419406309,-0.42));
#5131=CARTESIAN_POINT('',(-0.115041047553628,-0.115239737452465,-0.42));
#5132=CARTESIAN_POINT('',(-0.115041047553628,0.114752419406309,-0.42));
#5133=CARTESIAN_POINT('',(-2.77555756156289E-17,0.,0.05));
#5134=MECHANICAL_DESIGN_GEOMETRIC_PRESENTATION_REPRESENTATION('',(#2711,
#2712,#2713,#2714),#5135);
#5135=(
GEOMETRIC_REPRESENTATION_CONTEXT(3)
GLOBAL_UNCERTAINTY_ASSIGNED_CONTEXT((#5140))
GLOBAL_UNIT_ASSIGNED_CONTEXT((#5147,#5146,#5145))
REPRESENTATION_CONTEXT('Assembly 1','TOP_LEVEL_ASSEMBLY_PART')
);
#5136=(
GEOMETRIC_REPRESENTATION_CONTEXT(3)
GLOBAL_UNCERTAINTY_ASSIGNED_CONTEXT((#5141))
GLOBAL_UNIT_ASSIGNED_CONTEXT((#5147,#5146,#5145))
REPRESENTATION_CONTEXT('motor_housing','COMPONENT_PART')
);
#5137=(
GEOMETRIC_REPRESENTATION_CONTEXT(3)
GLOBAL_UNCERTAINTY_ASSIGNED_CONTEXT((#5142))
GLOBAL_UNIT_ASSIGNED_CONTEXT((#5147,#5146,#5145))
REPRESENTATION_CONTEXT('mid_ring','COMPONENT_PART')
);
#5138=(
GEOMETRIC_REPRESENTATION_CONTEXT(3)
GLOBAL_UNCERTAINTY_ASSIGNED_CONTEXT((#5143))
GLOBAL_UNIT_ASSIGNED_CONTEXT((#5147,#5146,#5145))
REPRESENTATION_CONTEXT('lower_ring','COMPONENT_PART')
);
#5139=(
GEOMETRIC_REPRESENTATION_CONTEXT(3)
GLOBAL_UNCERTAINTY_ASSIGNED_CONTEXT((#5144))
GLOBAL_UNIT_ASSIGNED_CONTEXT((#5147,#5146,#5145))
REPRESENTATION_CONTEXT('upper_ring','COMPONENT_PART')
);
#5140=UNCERTAINTY_MEASURE_WITH_UNIT(LENGTH_MEASURE(1.E-8),#5147,
'DISTANCE_ACCURACY_VALUE','Maximum Tolerance applied to model');
#5141=UNCERTAINTY_MEASURE_WITH_UNIT(LENGTH_MEASURE(1.E-8),#5147,
'DISTANCE_ACCURACY_VALUE','Maximum Tolerance applied to model');
#5142=UNCERTAINTY_MEASURE_WITH_UNIT(LENGTH_MEASURE(1.E-8),#5147,
'DISTANCE_ACCURACY_VALUE','Maximum Tolerance applied to model');
#5143=UNCERTAINTY_MEASURE_WITH_UNIT(LENGTH_MEASURE(1.E-8),#5147,
'DISTANCE_ACCURACY_VALUE','Maximum Tolerance applied to model');
#5144=UNCERTAINTY_MEASURE_WITH_UNIT(LENGTH_MEASURE(1.E-8),#5147,
'DISTANCE_ACCURACY_VALUE','Maximum Tolerance applied to model');
#5145=(
NAMED_UNIT(*)
SI_UNIT($,.STERADIAN.)
SOLID_ANGLE_UNIT()
);
#5146=(
NAMED_UNIT(*)
PLANE_ANGLE_UNIT()
SI_UNIT($,.RADIAN.)
);
#5147=(
LENGTH_UNIT()
NAMED_UNIT(*)
SI_UNIT($,.METRE.)
);
#5148=PRODUCT_DEFINITION_SHAPE('','',#5157);
#5149=PRODUCT_DEFINITION_SHAPE('','',#5158);
#5150=PRODUCT_DEFINITION_SHAPE(' ','NAUO PRDDFN',#15);
#5151=PRODUCT_DEFINITION_SHAPE('','',#5159);
#5152=PRODUCT_DEFINITION_SHAPE(' ','NAUO PRDDFN',#16);
#5153=PRODUCT_DEFINITION_SHAPE('','',#5160);
#5154=PRODUCT_DEFINITION_SHAPE(' ','NAUO PRDDFN',#17);
#5155=PRODUCT_DEFINITION_SHAPE('','',#5161);
#5156=PRODUCT_DEFINITION_SHAPE(' ','NAUO PRDDFN',#18);
#5157=PRODUCT_DEFINITION('','',#5167,#5162);
#5158=PRODUCT_DEFINITION('','',#5168,#5163);
#5159=PRODUCT_DEFINITION('','',#5169,#5164);
#5160=PRODUCT_DEFINITION('','',#5170,#5165);
#5161=PRODUCT_DEFINITION('','',#5171,#5166);
#5162=PRODUCT_DEFINITION_CONTEXT('',#5193,'design');
#5163=PRODUCT_DEFINITION_CONTEXT('',#5193,'design');
#5164=PRODUCT_DEFINITION_CONTEXT('',#5193,'design');
#5165=PRODUCT_DEFINITION_CONTEXT('',#5193,'design');
#5166=PRODUCT_DEFINITION_CONTEXT('',#5193,'design');
#5167=PRODUCT_DEFINITION_FORMATION_WITH_SPECIFIED_SOURCE('','',#5177,
 .NOT_KNOWN.);
#5168=PRODUCT_DEFINITION_FORMATION_WITH_SPECIFIED_SOURCE('','',#5178,
 .NOT_KNOWN.);
#5169=PRODUCT_DEFINITION_FORMATION_WITH_SPECIFIED_SOURCE('','',#5179,
 .NOT_KNOWN.);
#5170=PRODUCT_DEFINITION_FORMATION_WITH_SPECIFIED_SOURCE('','',#5180,
 .NOT_KNOWN.);
#5171=PRODUCT_DEFINITION_FORMATION_WITH_SPECIFIED_SOURCE('','',#5181,
 .NOT_KNOWN.);
#5172=PRODUCT_RELATED_PRODUCT_CATEGORY('','',(#5177));
#5173=PRODUCT_RELATED_PRODUCT_CATEGORY('','',(#5178));
#5174=PRODUCT_RELATED_PRODUCT_CATEGORY('','',(#5179));
#5175=PRODUCT_RELATED_PRODUCT_CATEGORY('','',(#5180));
#5176=PRODUCT_RELATED_PRODUCT_CATEGORY('','',(#5181));
#5177=PRODUCT('Assembly 1','Assembly 1','Assembly 1',(#5187));
#5178=PRODUCT('motor_housing','motor_housing','motor_housing',(#5188));
#5179=PRODUCT('mid_ring','mid_ring','mid_ring',(#5189));
#5180=PRODUCT('lower_ring','lower_ring','lower_ring',(#5190));
#5181=PRODUCT('upper_ring','upper_ring','upper_ring',(#5191));
#5182=PRODUCT_CATEGORY('','');
#5183=PRODUCT_CATEGORY('','');
#5184=PRODUCT_CATEGORY('','');
#5185=PRODUCT_CATEGORY('','');
#5186=PRODUCT_CATEGORY('','');
#5187=PRODUCT_CONTEXT('',#5193,'mechanical');
#5188=PRODUCT_CONTEXT('',#5193,'mechanical');
#5189=PRODUCT_CONTEXT('',#5193,'mechanical');
#5190=PRODUCT_CONTEXT('',#5193,'mechanical');
#5191=PRODUCT_CONTEXT('',#5193,'mechanical');
#5192=APPLICATION_PROTOCOL_DEFINITION('international standard',
'ap242_managed_model_based_3d_engineering',2020,#5193);
#5193=APPLICATION_CONTEXT('managed model based 3d engineering');
ENDSEC;
END-ISO-10303-21;
