ISO-10303-21;
HEADER;
/* Generated by software containing ST-Developer
 * from STEP Tools, Inc. (www.steptools.com) 
 */
/* OPTION: using custom renumber hook */

FILE_DESCRIPTION(
/* description */ ('STEP AP242 Edition 2',
'CAx-IF Rec.Pracs.---Representation and Presentation of Product Manufa
cturing Information (PMI)---4.0---2014-10-13',
'CAx-IF Rec.Pracs.---3D Tessellated Geometry---0.4---2014-09-14','2;1',
'CAx-IF Rec.Pracs.---User Defined Attributes---1.5---2016-08-15'),
/* implementation_level */ '2;1');

FILE_NAME(
/* name */ 'Part Studio 1',
/* time_stamp */ '2026-07-18T09:03:19Z',
/* author */ (''),
/* organization */ (''),
/* preprocessor_version */ 'ST-DEVELOPER v20',
/* originating_system */ 'ONSHAPE BY PTC INC, 1.218',
/* authorisation */ '  ');

FILE_SCHEMA (('AP242_MANAGED_MODEL_BASED_3D_ENGINEERING_MIM_LF { 1 0 10303 442 3 1 4 }'));
ENDSEC;

DATA;
#10=ELLIPSE('',#6037,0.00403689818881913,0.003);
#11=ELLIPSE('',#6038,0.00403689818881913,0.003);
#12=ELLIPSE('',#6045,0.00403689818881913,0.003);
#13=ELLIPSE('',#6046,0.00403689818881913,0.003);
#14=ELLIPSE('',#6053,0.00403689818881913,0.003);
#15=ELLIPSE('',#6054,0.00403689818881913,0.003);
#16=ELLIPSE('',#6061,0.00403689818881913,0.003);
#17=ELLIPSE('',#6062,0.00403689818881913,0.003);
#18=ELLIPSE('',#6063,0.00424264068711928,0.003);
#19=ELLIPSE('',#6064,0.00424264068711928,0.003);
#20=ELLIPSE('',#6065,0.00424264068711928,0.003);
#21=ELLIPSE('',#6066,0.00424264068711928,0.003);
#22=ELLIPSE('',#6067,0.00424264068711928,0.003);
#23=ELLIPSE('',#6068,0.00424264068711928,0.003);
#24=ELLIPSE('',#6069,0.00424264068711928,0.003);
#25=ELLIPSE('',#6070,0.00424264068711928,0.003);
#26=ELLIPSE('',#6071,0.00424264068711928,0.003);
#27=ELLIPSE('',#6072,0.00424264068711928,0.003);
#28=ELLIPSE('',#6073,0.00424264068711928,0.003);
#29=ELLIPSE('',#6074,0.00424264068711928,0.003);
#30=ELLIPSE('',#6075,0.00424264068711928,0.003);
#31=ELLIPSE('',#6076,0.00424264068711928,0.003);
#32=ELLIPSE('',#6077,0.00424264068711928,0.003);
#33=ELLIPSE('',#6078,0.00424264068711928,0.003);
#34=ELLIPSE('',#6079,0.00212132034355965,0.0015);
#35=ELLIPSE('',#6080,0.00212132034355965,0.0015);
#36=ELLIPSE('',#6086,0.00212132034355965,0.0015);
#37=ELLIPSE('',#6087,0.00212132034355965,0.0015);
#38=ELLIPSE('',#6088,0.00212132034355965,0.0015);
#39=ELLIPSE('',#6091,0.00212132034355965,0.0015);
#40=ELLIPSE('',#6095,0.00212132034355965,0.0015);
#41=ELLIPSE('',#6096,0.00212132034355965,0.0015);
#42=ELLIPSE('',#6097,0.00212132034355965,0.0015);
#43=ELLIPSE('',#6098,0.00212132034355965,0.0015);
#44=ELLIPSE('',#6104,0.00212132034355965,0.0015);
#45=ELLIPSE('',#6105,0.00212132034355965,0.0015);
#46=ELLIPSE('',#6106,0.00212132034355965,0.0015);
#47=ELLIPSE('',#6107,0.00212132034355965,0.0015);
#48=ELLIPSE('',#6114,0.00212132034355965,0.0015);
#49=ELLIPSE('',#6115,0.00212132034355965,0.0015);
#50=ORIENTED_CLOSED_SHELL('',*,#5705,.F.);
#51=ORIENTED_CLOSED_SHELL('',*,#5708,.F.);
#52=DRAUGHTING_PRE_DEFINED_COLOUR('white');
#53=DRAUGHTING_PRE_DEFINED_COLOUR('red');
#54=BREP_WITH_VOIDS('transition',#5704,(#50));
#55=BREP_WITH_VOIDS('nosecone',#5707,(#51));
#56=B_SPLINE_CURVE_WITH_KNOTS('',3,(#7454,#7455,#7456,#7457),
 .UNSPECIFIED.,.F.,.F.,(4,4),(0.,1.),.UNSPECIFIED.);
#57=B_SPLINE_CURVE_WITH_KNOTS('',3,(#7513,#7514,#7515,#7516),
 .UNSPECIFIED.,.F.,.F.,(4,4),(0.,1.),.UNSPECIFIED.);
#58=B_SPLINE_CURVE_WITH_KNOTS('',3,(#11070,#11071,#11072,#11073),
 .UNSPECIFIED.,.F.,.F.,(4,4),(-3.46410161514151E-5,0.00457636494134343),
 .UNSPECIFIED.);
#59=B_SPLINE_CURVE_WITH_KNOTS('',3,(#11083,#11084,#11085,#11086,#11087,
#11088,#11089),.UNSPECIFIED.,.F.,.F.,(4,1,1,1,4),(-0.0329430725155643,-0.0247073043866732,
-0.0164715362577821,-0.00823576812889106,3.46944695195361E-18),
 .UNSPECIFIED.);
#60=B_SPLINE_CURVE_WITH_KNOTS('',3,(#11091,#11092,#11093,#11094,#11095,
#11096,#11097,#11098),.UNSPECIFIED.,.F.,.F.,(4,1,1,1,1,4),(-3.46410161513567E-5,
0.00814570568660863,0.0163260523893686,0.0245063990921286,0.0285965724435086,
0.0326867457948886),.UNSPECIFIED.);
#61=B_SPLINE_CURVE_WITH_KNOTS('',3,(#11100,#11101,#11102,#11103,#11104,
#11105,#11106),.UNSPECIFIED.,.F.,.F.,(4,1,1,1,4),(-0.0329430725155641,-0.0247073043866731,
-0.0164715362577821,-0.00823576812889103,-3.46944695195361E-18),
 .UNSPECIFIED.);
#62=B_SPLINE_CURVE_WITH_KNOTS('',3,(#11108,#11109,#11110,#11111,#11112,
#11113,#11114,#11115,#11116),.UNSPECIFIED.,.F.,.F.,(4,1,1,1,1,1,4),(1.04083408558608E-17,
0.00818568562069489,0.0122785284310423,0.0163713712413898,0.0245570568620846,
0.0286498996724321,0.0327427424827795),.UNSPECIFIED.);
#63=B_SPLINE_CURVE_WITH_KNOTS('',3,(#11125,#11126,#11127,#11128),
 .UNSPECIFIED.,.F.,.F.,(4,4),(-3.46410161514019E-5,0.00459758646623515),
 .UNSPECIFIED.);
#64=B_SPLINE_CURVE_WITH_KNOTS('',3,(#11132,#11133,#11134,#11135),
 .UNSPECIFIED.,.F.,.F.,(4,4),(0.106245948362752,0.11086010157731),
 .UNSPECIFIED.);
#65=B_SPLINE_CURVE_WITH_KNOTS('',3,(#11136,#11137,#11138,#11139),
 .UNSPECIFIED.,.F.,.F.,(4,4),(-0.00462722930917089,3.46944695195361E-18),
 .UNSPECIFIED.);
#66=B_SPLINE_CURVE_WITH_KNOTS('',3,(#11170,#11171,#11172,#11173),
 .UNSPECIFIED.,.F.,.F.,(4,4),(-0.00462722930917082,3.46944695195361E-17),
 .UNSPECIFIED.);
#67=B_SPLINE_CURVE_WITH_KNOTS('',3,(#11177,#11178,#11179,#11180),
 .UNSPECIFIED.,.F.,.F.,(4,4),(9.97465998686664E-18,0.00463323440385745),
 .UNSPECIFIED.);
#68=B_SPLINE_CURVE_WITH_KNOTS('',3,(#11182,#11183,#11184,#11185),
 .UNSPECIFIED.,.F.,.F.,(4,4),(-3.46410161512867E-5,0.00457636494134211),
 .UNSPECIFIED.);
#69=B_SPLINE_CURVE_WITH_KNOTS('',3,(#11189,#11190,#11191,#11192),
 .UNSPECIFIED.,.F.,.F.,(4,4),(2.03830008427275E-17,0.00463323440385753),
 .UNSPECIFIED.);
#70=B_SPLINE_CURVE_WITH_KNOTS('',3,(#11193,#11194,#11195,#11196,#11197,
#11198,#11199,#11200),.UNSPECIFIED.,.F.,.F.,(4,1,1,1,1,4),(-3.46410161513985E-5,
0.00814570568660503,0.0163260523893615,0.0245063990921179,0.0285965724434961,
0.0326867457948743),.UNSPECIFIED.);
#71=B_SPLINE_CURVE_WITH_KNOTS('',3,(#11202,#11203,#11204,#11205,#11206,
#11207,#11208,#11209,#11210),.UNSPECIFIED.,.F.,.F.,(4,1,1,1,1,1,4),(6.93889390390723E-18,
0.00818568562069501,0.0122785284310425,0.01637137124139,0.024557056862085,
0.0286498996724325,0.03274274248278),.UNSPECIFIED.);
#72=B_SPLINE_CURVE_WITH_KNOTS('',3,(#11211,#11212,#11213,#11214,#11215,
#11216,#11217),.UNSPECIFIED.,.F.,.F.,(4,1,1,1,4),(-3.46410161513466E-5,
0.00821206223480598,0.0164587654857633,0.0247054687367206,0.0329521719876779),
 .UNSPECIFIED.);
#73=B_SPLINE_CURVE_WITH_KNOTS('',3,(#11219,#11220,#11221,#11222,#11223,
#11224,#11225,#11226),.UNSPECIFIED.,.F.,.F.,(4,1,1,1,1,4),(0.0780340321759654,
0.0862392537728077,0.0903418645712288,0.0944444753696499,0.102649696966492,
0.110854918563335),.UNSPECIFIED.);
#74=LINE('',#7371,#472);
#75=LINE('',#7376,#473);
#76=LINE('',#7379,#474);
#77=LINE('',#7384,#475);
#78=LINE('',#7390,#476);
#79=LINE('',#7394,#477);
#80=LINE('',#7403,#478);
#81=LINE('',#7417,#479);
#82=LINE('',#7434,#480);
#83=LINE('',#7438,#481);
#84=LINE('',#7442,#482);
#85=LINE('',#7446,#483);
#86=LINE('',#7447,#484);
#87=LINE('',#7450,#485);
#88=LINE('',#7452,#486);
#89=LINE('',#7464,#487);
#90=LINE('',#7466,#488);
#91=LINE('',#7468,#489);
#92=LINE('',#7478,#490);
#93=LINE('',#7480,#491);
#94=LINE('',#7482,#492);
#95=LINE('',#7495,#493);
#96=LINE('',#7497,#494);
#97=LINE('',#7499,#495);
#98=LINE('',#7501,#496);
#99=LINE('',#7503,#497);
#100=LINE('',#7505,#498);
#101=LINE('',#7506,#499);
#102=LINE('',#7509,#500);
#103=LINE('',#7511,#501);
#104=LINE('',#7520,#502);
#105=LINE('',#7524,#503);
#106=LINE('',#7528,#504);
#107=LINE('',#7532,#505);
#108=LINE('',#7544,#506);
#109=LINE('',#7550,#507);
#110=LINE('',#7556,#508);
#111=LINE('',#7560,#509);
#112=LINE('',#7561,#510);
#113=LINE('',#7566,#511);
#114=LINE('',#7569,#512);
#115=LINE('',#7574,#513);
#116=LINE('',#7589,#514);
#117=LINE('',#7590,#515);
#118=LINE('',#7595,#516);
#119=LINE('',#7596,#517);
#120=LINE('',#7609,#518);
#121=LINE('',#7610,#519);
#122=LINE('',#7615,#520);
#123=LINE('',#7616,#521);
#124=LINE('',#7629,#522);
#125=LINE('',#7630,#523);
#126=LINE('',#7635,#524);
#127=LINE('',#7636,#525);
#128=LINE('',#7649,#526);
#129=LINE('',#7650,#527);
#130=LINE('',#7655,#528);
#131=LINE('',#7656,#529);
#132=LINE('',#7669,#530);
#133=LINE('',#7670,#531);
#134=LINE('',#7675,#532);
#135=LINE('',#7676,#533);
#136=LINE('',#7689,#534);
#137=LINE('',#7690,#535);
#138=LINE('',#7695,#536);
#139=LINE('',#7696,#537);
#140=LINE('',#7709,#538);
#141=LINE('',#7710,#539);
#142=LINE('',#7715,#540);
#143=LINE('',#7716,#541);
#144=LINE('',#7729,#542);
#145=LINE('',#7730,#543);
#146=LINE('',#7735,#544);
#147=LINE('',#7736,#545);
#148=LINE('',#7775,#546);
#149=LINE('',#7779,#547);
#150=LINE('',#7783,#548);
#151=LINE('',#7787,#549);
#152=LINE('',#7827,#550);
#153=LINE('',#7831,#551);
#154=LINE('',#7853,#552);
#155=LINE('',#7857,#553);
#156=LINE('',#8301,#554);
#157=LINE('',#8306,#555);
#158=LINE('',#8309,#556);
#159=LINE('',#8314,#557);
#160=LINE('',#8317,#558);
#161=LINE('',#8322,#559);
#162=LINE('',#8333,#560);
#163=LINE('',#8347,#561);
#164=LINE('',#8361,#562);
#165=LINE('',#8376,#563);
#166=LINE('',#8389,#564);
#167=LINE('',#8402,#565);
#168=LINE('',#8415,#566);
#169=LINE('',#8428,#567);
#170=LINE('',#8443,#568);
#171=LINE('',#8456,#569);
#172=LINE('',#8461,#570);
#173=LINE('',#8472,#571);
#174=LINE('',#8477,#572);
#175=LINE('',#8488,#573);
#176=LINE('',#8493,#574);
#177=LINE('',#8504,#575);
#178=LINE('',#8509,#576);
#179=LINE('',#8520,#577);
#180=LINE('',#8525,#578);
#181=LINE('',#8536,#579);
#182=LINE('',#8541,#580);
#183=LINE('',#8552,#581);
#184=LINE('',#8557,#582);
#185=LINE('',#8570,#583);
#186=LINE('',#8575,#584);
#187=LINE('',#8586,#585);
#188=LINE('',#8633,#586);
#189=LINE('',#8638,#587);
#190=LINE('',#8640,#588);
#191=LINE('',#8641,#589);
#192=LINE('',#8643,#590);
#193=LINE('',#8647,#591);
#194=LINE('',#8649,#592);
#195=LINE('',#8654,#593);
#196=LINE('',#8659,#594);
#197=LINE('',#8661,#595);
#198=LINE('',#8663,#596);
#199=LINE('',#8667,#597);
#200=LINE('',#8669,#598);
#201=LINE('',#8670,#599);
#202=LINE('',#8675,#600);
#203=LINE('',#8676,#601);
#204=LINE('',#8685,#602);
#205=LINE('',#8690,#603);
#206=LINE('',#8698,#604);
#207=LINE('',#8700,#605);
#208=LINE('',#8702,#606);
#209=LINE('',#8704,#607);
#210=LINE('',#8705,#608);
#211=LINE('',#8707,#609);
#212=LINE('',#8712,#610);
#213=LINE('',#8715,#611);
#214=LINE('',#8719,#612);
#215=LINE('',#8721,#613);
#216=LINE('',#8722,#614);
#217=LINE('',#8724,#615);
#218=LINE('',#8729,#616);
#219=LINE('',#8730,#617);
#220=LINE('',#8737,#618);
#221=LINE('',#8740,#619);
#222=LINE('',#8742,#620);
#223=LINE('',#8744,#621);
#224=LINE('',#8749,#622);
#225=LINE('',#8752,#623);
#226=LINE('',#8753,#624);
#227=LINE('',#8758,#625);
#228=LINE('',#8761,#626);
#229=LINE('',#8762,#627);
#230=LINE('',#8767,#628);
#231=LINE('',#8768,#629);
#232=LINE('',#8777,#630);
#233=LINE('',#8782,#631);
#234=LINE('',#8784,#632);
#235=LINE('',#8786,#633);
#236=LINE('',#8790,#634);
#237=LINE('',#8792,#635);
#238=LINE('',#8793,#636);
#239=LINE('',#8798,#637);
#240=LINE('',#8803,#638);
#241=LINE('',#8805,#639);
#242=LINE('',#8806,#640);
#243=LINE('',#8808,#641);
#244=LINE('',#8812,#642);
#245=LINE('',#8814,#643);
#246=LINE('',#8819,#644);
#247=LINE('',#8820,#645);
#248=LINE('',#8829,#646);
#249=LINE('',#8834,#647);
#250=LINE('',#8842,#648);
#251=LINE('',#8844,#649);
#252=LINE('',#8846,#650);
#253=LINE('',#8848,#651);
#254=LINE('',#8849,#652);
#255=LINE('',#8851,#653);
#256=LINE('',#8856,#654);
#257=LINE('',#8859,#655);
#258=LINE('',#8863,#656);
#259=LINE('',#8865,#657);
#260=LINE('',#8866,#658);
#261=LINE('',#8868,#659);
#262=LINE('',#8873,#660);
#263=LINE('',#8874,#661);
#264=LINE('',#8881,#662);
#265=LINE('',#8884,#663);
#266=LINE('',#8886,#664);
#267=LINE('',#8888,#665);
#268=LINE('',#8893,#666);
#269=LINE('',#8896,#667);
#270=LINE('',#8897,#668);
#271=LINE('',#8902,#669);
#272=LINE('',#8905,#670);
#273=LINE('',#8906,#671);
#274=LINE('',#8911,#672);
#275=LINE('',#8912,#673);
#276=LINE('',#8921,#674);
#277=LINE('',#8926,#675);
#278=LINE('',#8928,#676);
#279=LINE('',#8930,#677);
#280=LINE('',#8934,#678);
#281=LINE('',#8936,#679);
#282=LINE('',#8937,#680);
#283=LINE('',#8942,#681);
#284=LINE('',#8947,#682);
#285=LINE('',#8949,#683);
#286=LINE('',#8950,#684);
#287=LINE('',#8952,#685);
#288=LINE('',#8956,#686);
#289=LINE('',#8958,#687);
#290=LINE('',#8963,#688);
#291=LINE('',#8964,#689);
#292=LINE('',#8973,#690);
#293=LINE('',#8978,#691);
#294=LINE('',#8986,#692);
#295=LINE('',#8988,#693);
#296=LINE('',#8990,#694);
#297=LINE('',#8992,#695);
#298=LINE('',#8993,#696);
#299=LINE('',#8995,#697);
#300=LINE('',#9000,#698);
#301=LINE('',#9003,#699);
#302=LINE('',#9007,#700);
#303=LINE('',#9009,#701);
#304=LINE('',#9010,#702);
#305=LINE('',#9012,#703);
#306=LINE('',#9017,#704);
#307=LINE('',#9018,#705);
#308=LINE('',#9025,#706);
#309=LINE('',#9028,#707);
#310=LINE('',#9030,#708);
#311=LINE('',#9032,#709);
#312=LINE('',#9037,#710);
#313=LINE('',#9040,#711);
#314=LINE('',#9041,#712);
#315=LINE('',#9046,#713);
#316=LINE('',#9049,#714);
#317=LINE('',#9050,#715);
#318=LINE('',#9055,#716);
#319=LINE('',#9056,#717);
#320=LINE('',#9065,#718);
#321=LINE('',#9070,#719);
#322=LINE('',#9072,#720);
#323=LINE('',#9074,#721);
#324=LINE('',#9078,#722);
#325=LINE('',#9080,#723);
#326=LINE('',#9081,#724);
#327=LINE('',#9086,#725);
#328=LINE('',#9091,#726);
#329=LINE('',#9093,#727);
#330=LINE('',#9094,#728);
#331=LINE('',#9096,#729);
#332=LINE('',#9100,#730);
#333=LINE('',#9102,#731);
#334=LINE('',#9107,#732);
#335=LINE('',#9108,#733);
#336=LINE('',#9117,#734);
#337=LINE('',#9122,#735);
#338=LINE('',#9130,#736);
#339=LINE('',#9132,#737);
#340=LINE('',#9134,#738);
#341=LINE('',#9136,#739);
#342=LINE('',#9137,#740);
#343=LINE('',#9139,#741);
#344=LINE('',#9144,#742);
#345=LINE('',#9147,#743);
#346=LINE('',#9151,#744);
#347=LINE('',#9153,#745);
#348=LINE('',#9154,#746);
#349=LINE('',#9156,#747);
#350=LINE('',#9161,#748);
#351=LINE('',#9162,#749);
#352=LINE('',#9169,#750);
#353=LINE('',#9172,#751);
#354=LINE('',#9174,#752);
#355=LINE('',#9176,#753);
#356=LINE('',#9181,#754);
#357=LINE('',#9184,#755);
#358=LINE('',#9185,#756);
#359=LINE('',#9190,#757);
#360=LINE('',#9193,#758);
#361=LINE('',#9194,#759);
#362=LINE('',#9199,#760);
#363=LINE('',#9200,#761);
#364=LINE('',#9787,#762);
#365=LINE('',#9791,#763);
#366=LINE('',#9795,#764);
#367=LINE('',#9799,#765);
#368=LINE('',#9821,#766);
#369=LINE('',#9825,#767);
#370=LINE('',#9836,#768);
#371=LINE('',#9840,#769);
#372=LINE('',#9854,#770);
#373=LINE('',#9858,#771);
#374=LINE('',#9862,#772);
#375=LINE('',#9866,#773);
#376=LINE('',#9909,#774);
#377=LINE('',#9911,#775);
#378=LINE('',#9913,#776);
#379=LINE('',#9915,#777);
#380=LINE('',#9916,#778);
#381=LINE('',#9918,#779);
#382=LINE('',#9951,#780);
#383=LINE('',#9955,#781);
#384=LINE('',#9986,#782);
#385=LINE('',#9990,#783);
#386=LINE('',#10021,#784);
#387=LINE('',#10025,#785);
#388=LINE('',#10056,#786);
#389=LINE('',#10060,#787);
#390=LINE('',#10087,#788);
#391=LINE('',#10089,#789);
#392=LINE('',#10091,#790);
#393=LINE('',#10096,#791);
#394=LINE('',#10101,#792);
#395=LINE('',#10106,#793);
#396=LINE('',#10108,#794);
#397=LINE('',#10113,#795);
#398=LINE('',#10115,#796);
#399=LINE('',#10120,#797);
#400=LINE('',#10672,#798);
#401=LINE('',#10675,#799);
#402=LINE('',#10677,#800);
#403=LINE('',#10679,#801);
#404=LINE('',#10684,#802);
#405=LINE('',#10686,#803);
#406=LINE('',#10688,#804);
#407=LINE('',#10693,#805);
#408=LINE('',#10695,#806);
#409=LINE('',#10697,#807);
#410=LINE('',#10702,#808);
#411=LINE('',#10704,#809);
#412=LINE('',#10706,#810);
#413=LINE('',#10711,#811);
#414=LINE('',#10713,#812);
#415=LINE('',#10715,#813);
#416=LINE('',#10720,#814);
#417=LINE('',#10721,#815);
#418=LINE('',#10726,#816);
#419=LINE('',#10729,#817);
#420=LINE('',#10731,#818);
#421=LINE('',#10733,#819);
#422=LINE('',#10738,#820);
#423=LINE('',#10740,#821);
#424=LINE('',#10742,#822);
#425=LINE('',#10747,#823);
#426=LINE('',#10749,#824);
#427=LINE('',#10751,#825);
#428=LINE('',#10756,#826);
#429=LINE('',#10757,#827);
#430=LINE('',#10770,#828);
#431=LINE('',#10773,#829);
#432=LINE('',#10775,#830);
#433=LINE('',#10777,#831);
#434=LINE('',#10778,#832);
#435=LINE('',#10781,#833);
#436=LINE('',#10783,#834);
#437=LINE('',#10785,#835);
#438=LINE('',#10787,#836);
#439=LINE('',#10789,#837);
#440=LINE('',#10794,#838);
#441=LINE('',#10797,#839);
#442=LINE('',#10799,#840);
#443=LINE('',#10801,#841);
#444=LINE('',#10806,#842);
#445=LINE('',#10807,#843);
#446=LINE('',#10812,#844);
#447=LINE('',#10813,#845);
#448=LINE('',#10826,#846);
#449=LINE('',#10829,#847);
#450=LINE('',#10831,#848);
#451=LINE('',#10833,#849);
#452=LINE('',#10835,#850);
#453=LINE('',#10837,#851);
#454=LINE('',#10842,#852);
#455=LINE('',#10843,#853);
#456=LINE('',#10848,#854);
#457=LINE('',#10853,#855);
#458=LINE('',#10858,#856);
#459=LINE('',#10863,#857);
#460=LINE('',#11231,#858);
#461=LINE('',#11233,#859);
#462=LINE('',#11238,#860);
#463=LINE('',#11247,#861);
#464=LINE('',#11249,#862);
#465=LINE('',#11254,#863);
#466=LINE('',#11263,#864);
#467=LINE('',#11265,#865);
#468=LINE('',#11270,#866);
#469=LINE('',#11279,#867);
#470=LINE('',#11281,#868);
#471=LINE('',#11286,#869);
#472=VECTOR('',#6223,1.);
#473=VECTOR('',#6226,1.);
#474=VECTOR('',#6229,1.);
#475=VECTOR('',#6232,1.);
#476=VECTOR('',#6237,1.);
#477=VECTOR('',#6240,1.);
#478=VECTOR('',#6245,1.);
#479=VECTOR('',#6252,1.);
#480=VECTOR('',#6257,1.);
#481=VECTOR('',#6260,1.);
#482=VECTOR('',#6263,1.);
#483=VECTOR('',#6266,1.);
#484=VECTOR('',#6267,1.);
#485=VECTOR('',#6268,1.);
#486=VECTOR('',#6269,1.);
#487=VECTOR('',#6272,1.);
#488=VECTOR('',#6273,1.);
#489=VECTOR('',#6274,1.);
#490=VECTOR('',#6277,1.);
#491=VECTOR('',#6278,1.);
#492=VECTOR('',#6279,1.);
#493=VECTOR('',#6282,1.);
#494=VECTOR('',#6283,1.);
#495=VECTOR('',#6284,1.);
#496=VECTOR('',#6287,1.);
#497=VECTOR('',#6288,1.);
#498=VECTOR('',#6289,1.);
#499=VECTOR('',#6290,1.);
#500=VECTOR('',#6291,1.);
#501=VECTOR('',#6292,1.);
#502=VECTOR('',#6295,1.);
#503=VECTOR('',#6298,1.);
#504=VECTOR('',#6301,1.);
#505=VECTOR('',#6304,1.);
#506=VECTOR('',#6309,1.);
#507=VECTOR('',#6316,1.);
#508=VECTOR('',#6321,1.);
#509=VECTOR('',#6324,1.);
#510=VECTOR('',#6325,1.);
#511=VECTOR('',#6328,1.);
#512=VECTOR('',#6331,1.);
#513=VECTOR('',#6334,1.);
#514=VECTOR('',#6337,1.);
#515=VECTOR('',#6338,1.);
#516=VECTOR('',#6339,1.);
#517=VECTOR('',#6340,1.);
#518=VECTOR('',#6341,1.);
#519=VECTOR('',#6342,1.);
#520=VECTOR('',#6343,1.);
#521=VECTOR('',#6344,1.);
#522=VECTOR('',#6345,1.);
#523=VECTOR('',#6346,1.);
#524=VECTOR('',#6347,1.);
#525=VECTOR('',#6348,1.);
#526=VECTOR('',#6349,1.);
#527=VECTOR('',#6350,1.);
#528=VECTOR('',#6351,1.);
#529=VECTOR('',#6352,1.);
#530=VECTOR('',#6353,1.);
#531=VECTOR('',#6354,1.);
#532=VECTOR('',#6355,1.);
#533=VECTOR('',#6356,1.);
#534=VECTOR('',#6357,1.);
#535=VECTOR('',#6358,1.);
#536=VECTOR('',#6359,1.);
#537=VECTOR('',#6360,1.);
#538=VECTOR('',#6361,1.);
#539=VECTOR('',#6362,1.);
#540=VECTOR('',#6363,1.);
#541=VECTOR('',#6364,1.);
#542=VECTOR('',#6365,1.);
#543=VECTOR('',#6366,1.);
#544=VECTOR('',#6367,1.);
#545=VECTOR('',#6368,1.);
#546=VECTOR('',#6377,1.);
#547=VECTOR('',#6380,1.);
#548=VECTOR('',#6383,1.);
#549=VECTOR('',#6386,1.);
#550=VECTOR('',#6397,1.);
#551=VECTOR('',#6400,1.);
#552=VECTOR('',#6407,1.);
#553=VECTOR('',#6410,1.);
#554=VECTOR('',#6515,1.);
#555=VECTOR('',#6518,1.);
#556=VECTOR('',#6521,1.);
#557=VECTOR('',#6524,1.);
#558=VECTOR('',#6527,1.);
#559=VECTOR('',#6530,1.);
#560=VECTOR('',#6537,1.);
#561=VECTOR('',#6544,1.);
#562=VECTOR('',#6547,1.);
#563=VECTOR('',#6554,1.);
#564=VECTOR('',#6559,1.);
#565=VECTOR('',#6564,1.);
#566=VECTOR('',#6569,1.);
#567=VECTOR('',#6574,1.);
#568=VECTOR('',#6581,1.);
#569=VECTOR('',#6586,1.);
#570=VECTOR('',#6589,1.);
#571=VECTOR('',#6592,1.);
#572=VECTOR('',#6595,1.);
#573=VECTOR('',#6598,1.);
#574=VECTOR('',#6601,1.);
#575=VECTOR('',#6604,1.);
#576=VECTOR('',#6607,1.);
#577=VECTOR('',#6610,1.);
#578=VECTOR('',#6613,1.);
#579=VECTOR('',#6616,1.);
#580=VECTOR('',#6619,1.);
#581=VECTOR('',#6622,1.);
#582=VECTOR('',#6625,1.);
#583=VECTOR('',#6630,1.);
#584=VECTOR('',#6633,1.);
#585=VECTOR('',#6636,1.);
#586=VECTOR('',#6669,1.);
#587=VECTOR('',#6672,1.);
#588=VECTOR('',#6673,1.);
#589=VECTOR('',#6674,1.);
#590=VECTOR('',#6675,1.);
#591=VECTOR('',#6678,1.);
#592=VECTOR('',#6679,1.);
#593=VECTOR('',#6680,1.);
#594=VECTOR('',#6683,1.);
#595=VECTOR('',#6684,1.);
#596=VECTOR('',#6685,1.);
#597=VECTOR('',#6688,1.);
#598=VECTOR('',#6689,1.);
#599=VECTOR('',#6690,1.);
#600=VECTOR('',#6691,1.);
#601=VECTOR('',#6692,1.);
#602=VECTOR('',#6693,1.);
#603=VECTOR('',#6694,1.);
#604=VECTOR('',#6697,1.);
#605=VECTOR('',#6698,1.);
#606=VECTOR('',#6699,1.);
#607=VECTOR('',#6700,1.);
#608=VECTOR('',#6701,1.);
#609=VECTOR('',#6702,1.);
#610=VECTOR('',#6703,1.);
#611=VECTOR('',#6704,1.);
#612=VECTOR('',#6707,1.);
#613=VECTOR('',#6708,1.);
#614=VECTOR('',#6709,1.);
#615=VECTOR('',#6710,1.);
#616=VECTOR('',#6711,1.);
#617=VECTOR('',#6712,1.);
#618=VECTOR('',#6715,1.);
#619=VECTOR('',#6718,1.);
#620=VECTOR('',#6719,1.);
#621=VECTOR('',#6720,1.);
#622=VECTOR('',#6721,1.);
#623=VECTOR('',#6722,1.);
#624=VECTOR('',#6723,1.);
#625=VECTOR('',#6724,1.);
#626=VECTOR('',#6725,1.);
#627=VECTOR('',#6726,1.);
#628=VECTOR('',#6727,1.);
#629=VECTOR('',#6728,1.);
#630=VECTOR('',#6729,1.);
#631=VECTOR('',#6732,1.);
#632=VECTOR('',#6733,1.);
#633=VECTOR('',#6734,1.);
#634=VECTOR('',#6737,1.);
#635=VECTOR('',#6738,1.);
#636=VECTOR('',#6739,1.);
#637=VECTOR('',#6740,1.);
#638=VECTOR('',#6743,1.);
#639=VECTOR('',#6744,1.);
#640=VECTOR('',#6745,1.);
#641=VECTOR('',#6746,1.);
#642=VECTOR('',#6749,1.);
#643=VECTOR('',#6750,1.);
#644=VECTOR('',#6751,1.);
#645=VECTOR('',#6752,1.);
#646=VECTOR('',#6753,1.);
#647=VECTOR('',#6754,1.);
#648=VECTOR('',#6757,1.);
#649=VECTOR('',#6758,1.);
#650=VECTOR('',#6759,1.);
#651=VECTOR('',#6760,1.);
#652=VECTOR('',#6761,1.);
#653=VECTOR('',#6762,1.);
#654=VECTOR('',#6763,1.);
#655=VECTOR('',#6764,1.);
#656=VECTOR('',#6767,1.);
#657=VECTOR('',#6768,1.);
#658=VECTOR('',#6769,1.);
#659=VECTOR('',#6770,1.);
#660=VECTOR('',#6771,1.);
#661=VECTOR('',#6772,1.);
#662=VECTOR('',#6775,1.);
#663=VECTOR('',#6778,1.);
#664=VECTOR('',#6779,1.);
#665=VECTOR('',#6780,1.);
#666=VECTOR('',#6781,1.);
#667=VECTOR('',#6782,1.);
#668=VECTOR('',#6783,1.);
#669=VECTOR('',#6784,1.);
#670=VECTOR('',#6785,1.);
#671=VECTOR('',#6786,1.);
#672=VECTOR('',#6787,1.);
#673=VECTOR('',#6788,1.);
#674=VECTOR('',#6789,1.);
#675=VECTOR('',#6792,1.);
#676=VECTOR('',#6793,1.);
#677=VECTOR('',#6794,1.);
#678=VECTOR('',#6797,1.);
#679=VECTOR('',#6798,1.);
#680=VECTOR('',#6799,1.);
#681=VECTOR('',#6800,1.);
#682=VECTOR('',#6803,1.);
#683=VECTOR('',#6804,1.);
#684=VECTOR('',#6805,1.);
#685=VECTOR('',#6806,1.);
#686=VECTOR('',#6809,1.);
#687=VECTOR('',#6810,1.);
#688=VECTOR('',#6811,1.);
#689=VECTOR('',#6812,1.);
#690=VECTOR('',#6813,1.);
#691=VECTOR('',#6814,1.);
#692=VECTOR('',#6817,1.);
#693=VECTOR('',#6818,1.);
#694=VECTOR('',#6819,1.);
#695=VECTOR('',#6820,1.);
#696=VECTOR('',#6821,1.);
#697=VECTOR('',#6822,1.);
#698=VECTOR('',#6823,1.);
#699=VECTOR('',#6824,1.);
#700=VECTOR('',#6827,1.);
#701=VECTOR('',#6828,1.);
#702=VECTOR('',#6829,1.);
#703=VECTOR('',#6830,1.);
#704=VECTOR('',#6831,1.);
#705=VECTOR('',#6832,1.);
#706=VECTOR('',#6835,1.);
#707=VECTOR('',#6838,1.);
#708=VECTOR('',#6839,1.);
#709=VECTOR('',#6840,1.);
#710=VECTOR('',#6841,1.);
#711=VECTOR('',#6842,1.);
#712=VECTOR('',#6843,1.);
#713=VECTOR('',#6844,1.);
#714=VECTOR('',#6845,1.);
#715=VECTOR('',#6846,1.);
#716=VECTOR('',#6847,1.);
#717=VECTOR('',#6848,1.);
#718=VECTOR('',#6849,1.);
#719=VECTOR('',#6852,1.);
#720=VECTOR('',#6853,1.);
#721=VECTOR('',#6854,1.);
#722=VECTOR('',#6857,1.);
#723=VECTOR('',#6858,1.);
#724=VECTOR('',#6859,1.);
#725=VECTOR('',#6860,1.);
#726=VECTOR('',#6863,1.);
#727=VECTOR('',#6864,1.);
#728=VECTOR('',#6865,1.);
#729=VECTOR('',#6866,1.);
#730=VECTOR('',#6869,1.);
#731=VECTOR('',#6870,1.);
#732=VECTOR('',#6871,1.);
#733=VECTOR('',#6872,1.);
#734=VECTOR('',#6873,1.);
#735=VECTOR('',#6874,1.);
#736=VECTOR('',#6877,1.);
#737=VECTOR('',#6878,1.);
#738=VECTOR('',#6879,1.);
#739=VECTOR('',#6880,1.);
#740=VECTOR('',#6881,1.);
#741=VECTOR('',#6882,1.);
#742=VECTOR('',#6883,1.);
#743=VECTOR('',#6884,1.);
#744=VECTOR('',#6887,1.);
#745=VECTOR('',#6888,1.);
#746=VECTOR('',#6889,1.);
#747=VECTOR('',#6890,1.);
#748=VECTOR('',#6891,1.);
#749=VECTOR('',#6892,1.);
#750=VECTOR('',#6895,1.);
#751=VECTOR('',#6898,1.);
#752=VECTOR('',#6899,1.);
#753=VECTOR('',#6900,1.);
#754=VECTOR('',#6901,1.);
#755=VECTOR('',#6902,1.);
#756=VECTOR('',#6903,1.);
#757=VECTOR('',#6904,1.);
#758=VECTOR('',#6905,1.);
#759=VECTOR('',#6906,1.);
#760=VECTOR('',#6907,1.);
#761=VECTOR('',#6908,1.);
#762=VECTOR('',#7029,1.);
#763=VECTOR('',#7032,1.);
#764=VECTOR('',#7035,1.);
#765=VECTOR('',#7038,1.);
#766=VECTOR('',#7045,1.);
#767=VECTOR('',#7048,1.);
#768=VECTOR('',#7051,1.);
#769=VECTOR('',#7054,1.);
#770=VECTOR('',#7061,1.);
#771=VECTOR('',#7064,1.);
#772=VECTOR('',#7067,1.);
#773=VECTOR('',#7070,1.);
#774=VECTOR('',#7081,1.);
#775=VECTOR('',#7082,1.);
#776=VECTOR('',#7083,1.);
#777=VECTOR('',#7084,1.);
#778=VECTOR('',#7085,1.);
#779=VECTOR('',#7086,1.);
#780=VECTOR('',#7111,1.);
#781=VECTOR('',#7114,1.);
#782=VECTOR('',#7119,1.);
#783=VECTOR('',#7122,1.);
#784=VECTOR('',#7127,1.);
#785=VECTOR('',#7130,1.);
#786=VECTOR('',#7135,1.);
#787=VECTOR('',#7138,1.);
#788=VECTOR('',#7143,1.);
#789=VECTOR('',#7144,1.);
#790=VECTOR('',#7145,1.);
#791=VECTOR('',#7146,1.);
#792=VECTOR('',#7147,1.);
#793=VECTOR('',#7148,1.);
#794=VECTOR('',#7149,1.);
#795=VECTOR('',#7150,1.);
#796=VECTOR('',#7151,1.);
#797=VECTOR('',#7152,1.);
#798=VECTOR('',#7197,1.);
#799=VECTOR('',#7198,1.);
#800=VECTOR('',#7199,1.);
#801=VECTOR('',#7200,1.);
#802=VECTOR('',#7201,1.);
#803=VECTOR('',#7202,1.);
#804=VECTOR('',#7203,1.);
#805=VECTOR('',#7204,1.);
#806=VECTOR('',#7205,1.);
#807=VECTOR('',#7206,1.);
#808=VECTOR('',#7207,1.);
#809=VECTOR('',#7208,1.);
#810=VECTOR('',#7209,1.);
#811=VECTOR('',#7210,1.);
#812=VECTOR('',#7211,1.);
#813=VECTOR('',#7212,1.);
#814=VECTOR('',#7213,1.);
#815=VECTOR('',#7214,1.);
#816=VECTOR('',#7215,1.);
#817=VECTOR('',#7216,1.);
#818=VECTOR('',#7217,1.);
#819=VECTOR('',#7218,1.);
#820=VECTOR('',#7219,1.);
#821=VECTOR('',#7220,1.);
#822=VECTOR('',#7221,1.);
#823=VECTOR('',#7222,1.);
#824=VECTOR('',#7223,1.);
#825=VECTOR('',#7224,1.);
#826=VECTOR('',#7225,1.);
#827=VECTOR('',#7226,1.);
#828=VECTOR('',#7227,1.);
#829=VECTOR('',#7228,1.);
#830=VECTOR('',#7229,1.);
#831=VECTOR('',#7230,1.);
#832=VECTOR('',#7231,1.);
#833=VECTOR('',#7232,1.);
#834=VECTOR('',#7233,1.);
#835=VECTOR('',#7234,1.);
#836=VECTOR('',#7235,1.);
#837=VECTOR('',#7236,1.);
#838=VECTOR('',#7237,1.);
#839=VECTOR('',#7238,1.);
#840=VECTOR('',#7239,1.);
#841=VECTOR('',#7240,1.);
#842=VECTOR('',#7241,1.);
#843=VECTOR('',#7242,1.);
#844=VECTOR('',#7243,1.);
#845=VECTOR('',#7244,1.);
#846=VECTOR('',#7245,1.);
#847=VECTOR('',#7246,1.);
#848=VECTOR('',#7247,1.);
#849=VECTOR('',#7248,1.);
#850=VECTOR('',#7249,1.);
#851=VECTOR('',#7250,1.);
#852=VECTOR('',#7251,1.);
#853=VECTOR('',#7252,1.);
#854=VECTOR('',#7253,1.);
#855=VECTOR('',#7254,1.);
#856=VECTOR('',#7255,1.);
#857=VECTOR('',#7256,1.);
#858=VECTOR('',#7285,1.);
#859=VECTOR('',#7286,1.);
#860=VECTOR('',#7287,1.);
#861=VECTOR('',#7288,1.);
#862=VECTOR('',#7289,1.);
#863=VECTOR('',#7290,1.);
#864=VECTOR('',#7291,1.);
#865=VECTOR('',#7292,1.);
#866=VECTOR('',#7293,1.);
#867=VECTOR('',#7294,1.);
#868=VECTOR('',#7295,1.);
#869=VECTOR('',#7296,1.);
#870=SHAPE_REPRESENTATION_RELATIONSHIP('','',#5841,#884);
#871=SHAPE_REPRESENTATION_RELATIONSHIP('','',#5842,#885);
#872=SHAPE_REPRESENTATION_RELATIONSHIP('','',#5843,#886);
#873=SHAPE_REPRESENTATION_RELATIONSHIP('','',#5844,#887);
#874=SHAPE_REPRESENTATION_RELATIONSHIP('','',#5845,#888);
#875=SHAPE_REPRESENTATION_RELATIONSHIP('','',#5846,#889);
#876=SHAPE_REPRESENTATION_RELATIONSHIP('','',#5847,#890);
#877=SHAPE_REPRESENTATION_RELATIONSHIP('','',#5848,#891);
#878=SHAPE_REPRESENTATION_RELATIONSHIP('','',#5849,#892);
#879=SHAPE_REPRESENTATION_RELATIONSHIP('','',#5850,#893);
#880=SHAPE_REPRESENTATION_RELATIONSHIP('','',#5851,#894);
#881=SHAPE_REPRESENTATION_RELATIONSHIP('','',#5852,#895);
#882=SHAPE_REPRESENTATION_RELATIONSHIP('','',#5853,#896);
#883=SHAPE_REPRESENTATION_RELATIONSHIP('','',#5854,#897);
#884=ADVANCED_BREP_SHAPE_REPRESENTATION('',(#5815),#11305);
#885=ADVANCED_BREP_SHAPE_REPRESENTATION('',(#5816),#11306);
#886=ADVANCED_BREP_SHAPE_REPRESENTATION('',(#5817),#11307);
#887=ADVANCED_BREP_SHAPE_REPRESENTATION('',(#5818),#11308);
#888=ADVANCED_BREP_SHAPE_REPRESENTATION('',(#5819),#11309);
#889=ADVANCED_BREP_SHAPE_REPRESENTATION('',(#54),#11310);
#890=ADVANCED_BREP_SHAPE_REPRESENTATION('',(#5820),#11311);
#891=ADVANCED_BREP_SHAPE_REPRESENTATION('',(#55),#11312);
#892=ADVANCED_BREP_SHAPE_REPRESENTATION('',(#5821),#11313);
#893=ADVANCED_BREP_SHAPE_REPRESENTATION('',(#5822),#11314);
#894=ADVANCED_BREP_SHAPE_REPRESENTATION('',(#5823),#11315);
#895=ADVANCED_BREP_SHAPE_REPRESENTATION('',(#5824),#11316);
#896=ADVANCED_BREP_SHAPE_REPRESENTATION('',(#5825),#11317);
#897=ADVANCED_BREP_SHAPE_REPRESENTATION('',(#5826),#11318);
#898=B_SPLINE_SURFACE_WITH_KNOTS('',1,1,((#7344,#7345),(#7346,#7347)),
 .PLANE_SURF.,.F.,.F.,.F.,(2,2),(2,2),(0.0427315991146131,0.954561694782074),
(0.0419418409000891,0.956121153583821),.PIECEWISE_BEZIER_KNOTS.);
#899=B_SPLINE_SURFACE_WITH_KNOTS('',1,1,((#7358,#7359),(#7360,#7361)),
 .PLANE_SURF.,.F.,.F.,.F.,(2,2),(2,2),(0.0454383052179255,0.957268400885387),
(0.0419418409000891,0.956121153583821),.PIECEWISE_BEZIER_KNOTS.);
#900=B_SPLINE_SURFACE_WITH_KNOTS('',1,1,((#7577,#7578),(#7579,#7580)),
 .PLANE_SURF.,.F.,.F.,.F.,(2,2),(2,2),(0.0427315991146132,0.954561694782074),
(0.0419418409000892,0.956121153583821),.PIECEWISE_BEZIER_KNOTS.);
#901=B_SPLINE_SURFACE_WITH_KNOTS('',1,1,((#7581,#7582),(#7583,#7584)),
 .PLANE_SURF.,.F.,.F.,.F.,(2,2),(2,2),(0.0454383052179256,0.957268400885387),
(0.0419418409000892,0.956121153583821),.PIECEWISE_BEZIER_KNOTS.);
#902=B_SPLINE_SURFACE_WITH_KNOTS('',1,1,((#7585,#7586),(#7587,#7588)),
 .PLANE_SURF.,.F.,.F.,.F.,(2,2),(2,2),(0.,1.),(0.,1.),.UNSPECIFIED.);
#903=B_SPLINE_SURFACE_WITH_KNOTS('',1,1,((#7591,#7592),(#7593,#7594)),
 .PLANE_SURF.,.F.,.F.,.F.,(2,2),(2,2),(0.,1.),(0.,1.),.UNSPECIFIED.);
#904=B_SPLINE_SURFACE_WITH_KNOTS('',1,1,((#7597,#7598),(#7599,#7600)),
 .PLANE_SURF.,.F.,.F.,.F.,(2,2),(2,2),(0.,1.),(0.,1.),.UNSPECIFIED.);
#905=B_SPLINE_SURFACE_WITH_KNOTS('',1,1,((#7601,#7602),(#7603,#7604)),
 .PLANE_SURF.,.F.,.F.,.F.,(2,2),(2,2),(0.,1.),(0.,1.),.UNSPECIFIED.);
#906=B_SPLINE_SURFACE_WITH_KNOTS('',1,1,((#7605,#7606),(#7607,#7608)),
 .PLANE_SURF.,.F.,.F.,.F.,(2,2),(2,2),(0.,1.),(0.,1.),.UNSPECIFIED.);
#907=B_SPLINE_SURFACE_WITH_KNOTS('',1,1,((#7611,#7612),(#7613,#7614)),
 .PLANE_SURF.,.F.,.F.,.F.,(2,2),(2,2),(0.,1.),(0.,1.),.UNSPECIFIED.);
#908=B_SPLINE_SURFACE_WITH_KNOTS('',1,1,((#7617,#7618),(#7619,#7620)),
 .PLANE_SURF.,.F.,.F.,.F.,(2,2),(2,2),(0.0454545454545437,0.95233342971176),
(0.0454545454545456,0.954545454545455),.PIECEWISE_BEZIER_KNOTS.);
#909=B_SPLINE_SURFACE_WITH_KNOTS('',1,1,((#7621,#7622),(#7623,#7624)),
 .PLANE_SURF.,.F.,.F.,.F.,(2,2),(2,2),(0.0454545454545437,0.95233342971176),
(0.0454545454545456,0.954545454545455),.PIECEWISE_BEZIER_KNOTS.);
#910=B_SPLINE_SURFACE_WITH_KNOTS('',1,1,((#7625,#7626),(#7627,#7628)),
 .PLANE_SURF.,.F.,.F.,.F.,(2,2),(2,2),(0.,1.),(0.,1.),.UNSPECIFIED.);
#911=B_SPLINE_SURFACE_WITH_KNOTS('',1,1,((#7631,#7632),(#7633,#7634)),
 .PLANE_SURF.,.F.,.F.,.F.,(2,2),(2,2),(0.,1.),(0.,1.),.UNSPECIFIED.);
#912=B_SPLINE_SURFACE_WITH_KNOTS('',1,1,((#7637,#7638),(#7639,#7640)),
 .PLANE_SURF.,.F.,.F.,.F.,(2,2),(2,2),(0.,1.),(0.,1.),.UNSPECIFIED.);
#913=B_SPLINE_SURFACE_WITH_KNOTS('',1,1,((#7641,#7642),(#7643,#7644)),
 .PLANE_SURF.,.F.,.F.,.F.,(2,2),(2,2),(0.,1.),(0.,1.),.UNSPECIFIED.);
#914=B_SPLINE_SURFACE_WITH_KNOTS('',1,1,((#7645,#7646),(#7647,#7648)),
 .PLANE_SURF.,.F.,.F.,.F.,(2,2),(2,2),(0.0454545443323167,0.959967656080215),
(0.0454545454545443,0.954545454545455),.PIECEWISE_BEZIER_KNOTS.);
#915=B_SPLINE_SURFACE_WITH_KNOTS('',1,1,((#7651,#7652),(#7653,#7654)),
 .PLANE_SURF.,.F.,.F.,.F.,(2,2),(2,2),(0.0400323439197872,0.954545455667683),
(0.0454545454545443,0.954545454545455),.PIECEWISE_BEZIER_KNOTS.);
#916=B_SPLINE_SURFACE_WITH_KNOTS('',1,1,((#7657,#7658),(#7659,#7660)),
 .PLANE_SURF.,.F.,.F.,.F.,(2,2),(2,2),(0.0454545454545437,0.95233342971176),
(0.0454545454545456,0.954545454545455),.PIECEWISE_BEZIER_KNOTS.);
#917=B_SPLINE_SURFACE_WITH_KNOTS('',1,1,((#7661,#7662),(#7663,#7664)),
 .PLANE_SURF.,.F.,.F.,.F.,(2,2),(2,2),(0.0454545454545437,0.95233342971176),
(0.0454545454545456,0.954545454545455),.PIECEWISE_BEZIER_KNOTS.);
#918=B_SPLINE_SURFACE_WITH_KNOTS('',1,1,((#7665,#7666),(#7667,#7668)),
 .PLANE_SURF.,.F.,.F.,.F.,(2,2),(2,2),(0.,1.),(0.,1.),.UNSPECIFIED.);
#919=B_SPLINE_SURFACE_WITH_KNOTS('',1,1,((#7671,#7672),(#7673,#7674)),
 .PLANE_SURF.,.F.,.F.,.F.,(2,2),(2,2),(0.,1.),(0.,1.),.UNSPECIFIED.);
#920=B_SPLINE_SURFACE_WITH_KNOTS('',1,1,((#7677,#7678),(#7679,#7680)),
 .PLANE_SURF.,.F.,.F.,.F.,(2,2),(2,2),(0.,1.),(0.,1.),.UNSPECIFIED.);
#921=B_SPLINE_SURFACE_WITH_KNOTS('',1,1,((#7681,#7682),(#7683,#7684)),
 .PLANE_SURF.,.F.,.F.,.F.,(2,2),(2,2),(0.,1.),(0.,1.),.UNSPECIFIED.);
#922=B_SPLINE_SURFACE_WITH_KNOTS('',1,1,((#7685,#7686),(#7687,#7688)),
 .PLANE_SURF.,.F.,.F.,.F.,(2,2),(2,2),(0.,1.),(0.,1.),.UNSPECIFIED.);
#923=B_SPLINE_SURFACE_WITH_KNOTS('',1,1,((#7691,#7692),(#7693,#7694)),
 .PLANE_SURF.,.F.,.F.,.F.,(2,2),(2,2),(0.,1.),(0.,1.),.UNSPECIFIED.);
#924=B_SPLINE_SURFACE_WITH_KNOTS('',1,1,((#7697,#7698),(#7699,#7700)),
 .PLANE_SURF.,.F.,.F.,.F.,(2,2),(2,2),(0.0454545454545437,0.95233342971176),
(0.0454545454545456,0.954545454545455),.PIECEWISE_BEZIER_KNOTS.);
#925=B_SPLINE_SURFACE_WITH_KNOTS('',1,1,((#7701,#7702),(#7703,#7704)),
 .PLANE_SURF.,.F.,.F.,.F.,(2,2),(2,2),(0.0454545454545437,0.95233342971176),
(0.0454545454545456,0.954545454545455),.PIECEWISE_BEZIER_KNOTS.);
#926=B_SPLINE_SURFACE_WITH_KNOTS('',1,1,((#7705,#7706),(#7707,#7708)),
 .PLANE_SURF.,.F.,.F.,.F.,(2,2),(2,2),(0.,1.),(0.,1.),.UNSPECIFIED.);
#927=B_SPLINE_SURFACE_WITH_KNOTS('',1,1,((#7711,#7712),(#7713,#7714)),
 .PLANE_SURF.,.F.,.F.,.F.,(2,2),(2,2),(0.,1.),(0.,1.),.UNSPECIFIED.);
#928=B_SPLINE_SURFACE_WITH_KNOTS('',1,1,((#7717,#7718),(#7719,#7720)),
 .PLANE_SURF.,.F.,.F.,.F.,(2,2),(2,2),(0.,1.),(0.,1.),.UNSPECIFIED.);
#929=B_SPLINE_SURFACE_WITH_KNOTS('',1,1,((#7721,#7722),(#7723,#7724)),
 .PLANE_SURF.,.F.,.F.,.F.,(2,2),(2,2),(0.,1.),(0.,1.),.UNSPECIFIED.);
#930=B_SPLINE_SURFACE_WITH_KNOTS('',1,1,((#7725,#7726),(#7727,#7728)),
 .PLANE_SURF.,.F.,.F.,.F.,(2,2),(2,2),(0.0454545454545437,0.95233342971176),
(0.0454545454545456,0.954545454545455),.PIECEWISE_BEZIER_KNOTS.);
#931=B_SPLINE_SURFACE_WITH_KNOTS('',1,1,((#7731,#7732),(#7733,#7734)),
 .PLANE_SURF.,.F.,.F.,.F.,(2,2),(2,2),(0.0454545454545437,0.95233342971176),
(0.0454545454545456,0.954545454545455),.PIECEWISE_BEZIER_KNOTS.);
#932=B_SPLINE_SURFACE_WITH_KNOTS('',1,1,((#7737,#7738),(#7739,#7740)),
 .PLANE_SURF.,.F.,.F.,.F.,(2,2),(2,2),(0.0454545443323167,0.959967656080217),
(0.0454545454545454,0.954545454545455),.PIECEWISE_BEZIER_KNOTS.);
#933=B_SPLINE_SURFACE_WITH_KNOTS('',1,1,((#7741,#7742),(#7743,#7744)),
 .PLANE_SURF.,.F.,.F.,.F.,(2,2),(2,2),(0.0400323439197832,0.954545455667683),
(0.0454545454545454,0.954545454545455),.PIECEWISE_BEZIER_KNOTS.);
#934=B_SPLINE_SURFACE_WITH_KNOTS('',1,1,((#7808,#7809),(#7810,#7811)),
 .PLANE_SURF.,.F.,.F.,.F.,(2,2),(2,2),(0.,1.),(0.,1.),.UNSPECIFIED.);
#935=B_SPLINE_SURFACE_WITH_KNOTS('',1,1,((#7812,#7813),(#7814,#7815)),
 .PLANE_SURF.,.F.,.F.,.F.,(2,2),(2,2),(0.,1.),(0.,1.),.UNSPECIFIED.);
#936=B_SPLINE_SURFACE_WITH_KNOTS('',1,1,((#7832,#7833),(#7834,#7835)),
 .PLANE_SURF.,.F.,.F.,.F.,(2,2),(2,2),(0.,1.),(0.,1.),.UNSPECIFIED.);
#937=B_SPLINE_SURFACE_WITH_KNOTS('',1,1,((#7837,#7838),(#7839,#7840)),
 .PLANE_SURF.,.F.,.F.,.F.,(2,2),(2,2),(0.,1.),(0.,1.),.UNSPECIFIED.);
#938=B_SPLINE_SURFACE_WITH_KNOTS('',1,1,((#7858,#7859),(#7860,#7861)),
 .PLANE_SURF.,.F.,.F.,.F.,(2,2),(2,2),(0.,1.),(0.,1.),.UNSPECIFIED.);
#939=B_SPLINE_SURFACE_WITH_KNOTS('',1,1,((#7863,#7864),(#7865,#7866)),
 .PLANE_SURF.,.F.,.F.,.F.,(2,2),(2,2),(0.,1.),(0.,1.),.UNSPECIFIED.);
#940=B_SPLINE_SURFACE_WITH_KNOTS('',1,1,((#7888,#7889),(#7890,#7891)),
 .PLANE_SURF.,.F.,.F.,.F.,(2,2),(2,2),(0.0427315991146132,0.954561694782074),
(0.0419418409000891,0.956121153583821),.PIECEWISE_BEZIER_KNOTS.);
#941=B_SPLINE_SURFACE_WITH_KNOTS('',1,1,((#7892,#7893),(#7894,#7895)),
 .PLANE_SURF.,.F.,.F.,.F.,(2,2),(2,2),(0.0454383052179256,0.957268400885387),
(0.0419418409000891,0.956121153583821),.PIECEWISE_BEZIER_KNOTS.);
#942=B_SPLINE_SURFACE_WITH_KNOTS('',1,1,((#7906,#7907),(#7908,#7909)),
 .PLANE_SURF.,.F.,.F.,.F.,(2,2),(2,2),(0.,1.),(0.,1.),.UNSPECIFIED.);
#943=B_SPLINE_SURFACE_WITH_KNOTS('',1,1,((#7910,#7911),(#7912,#7913)),
 .PLANE_SURF.,.F.,.F.,.F.,(2,2),(2,2),(0.,1.),(0.,1.),.UNSPECIFIED.);
#944=B_SPLINE_SURFACE_WITH_KNOTS('',1,1,((#7951,#7952),(#7953,#7954)),
 .PLANE_SURF.,.F.,.F.,.F.,(2,2),(2,2),(0.0427315991146131,0.954561694782074),
(0.0419418409000891,0.956121153583821),.PIECEWISE_BEZIER_KNOTS.);
#945=B_SPLINE_SURFACE_WITH_KNOTS('',1,1,((#7966,#7967),(#7968,#7969)),
 .PLANE_SURF.,.F.,.F.,.F.,(2,2),(2,2),(0.0454383052179255,0.957268400885387),
(0.0419418409000891,0.956121153583821),.PIECEWISE_BEZIER_KNOTS.);
#946=B_SPLINE_SURFACE_WITH_KNOTS('',1,1,((#8056,#8057),(#8058,#8059)),
 .PLANE_SURF.,.F.,.F.,.F.,(2,2),(2,2),(0.0454383052179256,0.957268400885387),
(0.0438788464161791,0.958058159099911),.PIECEWISE_BEZIER_KNOTS.);
#947=B_SPLINE_SURFACE_WITH_KNOTS('',1,1,((#8060,#8061),(#8062,#8063)),
 .PLANE_SURF.,.F.,.F.,.F.,(2,2),(2,2),(0.0454383052179256,0.957268400885387),
(0.0438788464161791,0.958058159099911),.PIECEWISE_BEZIER_KNOTS.);
#948=B_SPLINE_SURFACE_WITH_KNOTS('',1,1,((#8144,#8145),(#8146,#8147)),
 .PLANE_SURF.,.F.,.F.,.F.,(2,2),(2,2),(0.0454383052179255,0.957268400885387),
(0.0419418409000891,0.956121153583821),.PIECEWISE_BEZIER_KNOTS.);
#949=B_SPLINE_SURFACE_WITH_KNOTS('',1,1,((#8159,#8160),(#8161,#8162)),
 .PLANE_SURF.,.F.,.F.,.F.,(2,2),(2,2),(0.0454383052179256,0.957268400885387),
(0.0419418409000892,0.956121153583821),.PIECEWISE_BEZIER_KNOTS.);
#950=B_SPLINE_SURFACE_WITH_KNOTS('',1,1,((#8173,#8174),(#8175,#8176)),
 .PLANE_SURF.,.F.,.F.,.F.,(2,2),(2,2),(0.0454383052179255,0.957268400885387),
(0.0419418409000891,0.956121153583821),.PIECEWISE_BEZIER_KNOTS.);
#951=B_SPLINE_SURFACE_WITH_KNOTS('',1,1,((#8177,#8178),(#8179,#8180)),
 .PLANE_SURF.,.F.,.F.,.F.,(2,2),(2,2),(0.0454383052179256,0.957268400885387),
(0.041941840900089,0.956121153583821),.PIECEWISE_BEZIER_KNOTS.);
#952=B_SPLINE_SURFACE_WITH_KNOTS('',1,1,((#8240,#8241),(#8242,#8243)),
 .PLANE_SURF.,.F.,.F.,.F.,(2,2),(2,2),(0.0454383052179256,0.957268400885387),
(0.0419418409000892,0.956121153583821),.PIECEWISE_BEZIER_KNOTS.);
#953=B_SPLINE_SURFACE_WITH_KNOTS('',1,1,((#8270,#8271),(#8272,#8273)),
 .PLANE_SURF.,.F.,.F.,.F.,(2,2),(2,2),(0.0427315991146132,0.954561694782074),
(0.0419418409000891,0.956121153583821),.PIECEWISE_BEZIER_KNOTS.);
#954=B_SPLINE_SURFACE_WITH_KNOTS('',1,1,((#8591,#8592),(#8593,#8594)),
 .PLANE_SURF.,.F.,.F.,.F.,(2,2),(2,2),(0.0427315991146133,0.954561694782075),
(0.0419418409000891,0.956121153583821),.PIECEWISE_BEZIER_KNOTS.);
#955=B_SPLINE_SURFACE_WITH_KNOTS('',1,1,((#8625,#8626),(#8627,#8628)),
 .PLANE_SURF.,.F.,.F.,.F.,(2,2),(2,2),(0.0427315991146132,0.954561694782074),
(0.0438788464161791,0.958058159099911),.PIECEWISE_BEZIER_KNOTS.);
#956=B_SPLINE_SURFACE_WITH_KNOTS('',1,1,((#8629,#8630),(#8631,#8632)),
 .PLANE_SURF.,.F.,.F.,.F.,(2,2),(2,2),(0.,1.),(0.,1.),.UNSPECIFIED.);
#957=B_SPLINE_SURFACE_WITH_KNOTS('',1,1,((#8650,#8651),(#8652,#8653)),
 .PLANE_SURF.,.F.,.F.,.F.,(2,2),(2,2),(0.,1.),(0.,1.),.UNSPECIFIED.);
#958=B_SPLINE_SURFACE_WITH_KNOTS('',1,1,((#8671,#8672),(#8673,#8674)),
 .PLANE_SURF.,.F.,.F.,.F.,(2,2),(2,2),(0.,1.),(0.,1.),.UNSPECIFIED.);
#959=B_SPLINE_SURFACE_WITH_KNOTS('',1,1,((#8677,#8678),(#8679,#8680)),
 .PLANE_SURF.,.F.,.F.,.F.,(2,2),(2,2),(0.,1.),(0.,1.),.UNSPECIFIED.);
#960=B_SPLINE_SURFACE_WITH_KNOTS('',1,1,((#8681,#8682),(#8683,#8684)),
 .PLANE_SURF.,.F.,.F.,.F.,(2,2),(2,2),(0.,1.),(0.,1.),.UNSPECIFIED.);
#961=B_SPLINE_SURFACE_WITH_KNOTS('',1,1,((#8686,#8687),(#8688,#8689)),
 .PLANE_SURF.,.F.,.F.,.F.,(2,2),(2,2),(0.,1.),(0.,1.),.UNSPECIFIED.);
#962=B_SPLINE_SURFACE_WITH_KNOTS('',1,1,((#8691,#8692),(#8693,#8694)),
 .PLANE_SURF.,.F.,.F.,.F.,(2,2),(2,2),(0.,1.),(0.,1.),.UNSPECIFIED.);
#963=B_SPLINE_SURFACE_WITH_KNOTS('',1,1,((#8708,#8709),(#8710,#8711)),
 .PLANE_SURF.,.F.,.F.,.F.,(2,2),(2,2),(0.,1.),(0.,1.),.UNSPECIFIED.);
#964=B_SPLINE_SURFACE_WITH_KNOTS('',1,1,((#8725,#8726),(#8727,#8728)),
 .PLANE_SURF.,.F.,.F.,.F.,(2,2),(2,2),(0.,1.),(0.,1.),.UNSPECIFIED.);
#965=B_SPLINE_SURFACE_WITH_KNOTS('',1,1,((#8731,#8732),(#8733,#8734)),
 .PLANE_SURF.,.F.,.F.,.F.,(2,2),(2,2),(0.,1.),(0.,1.),.UNSPECIFIED.);
#966=B_SPLINE_SURFACE_WITH_KNOTS('',1,1,((#8745,#8746),(#8747,#8748)),
 .PLANE_SURF.,.F.,.F.,.F.,(2,2),(2,2),(0.,1.),(0.,1.),.UNSPECIFIED.);
#967=B_SPLINE_SURFACE_WITH_KNOTS('',1,1,((#8754,#8755),(#8756,#8757)),
 .PLANE_SURF.,.F.,.F.,.F.,(2,2),(2,2),(0.,1.),(0.,1.),.UNSPECIFIED.);
#968=B_SPLINE_SURFACE_WITH_KNOTS('',1,1,((#8763,#8764),(#8765,#8766)),
 .PLANE_SURF.,.F.,.F.,.F.,(2,2),(2,2),(0.,1.),(0.,1.),.UNSPECIFIED.);
#969=B_SPLINE_SURFACE_WITH_KNOTS('',1,1,((#8769,#8770),(#8771,#8772)),
 .PLANE_SURF.,.F.,.F.,.F.,(2,2),(2,2),(0.,1.),(0.,1.),.UNSPECIFIED.);
#970=B_SPLINE_SURFACE_WITH_KNOTS('',1,1,((#8773,#8774),(#8775,#8776)),
 .PLANE_SURF.,.F.,.F.,.F.,(2,2),(2,2),(0.,1.),(0.,1.),.UNSPECIFIED.);
#971=B_SPLINE_SURFACE_WITH_KNOTS('',1,1,((#8794,#8795),(#8796,#8797)),
 .PLANE_SURF.,.F.,.F.,.F.,(2,2),(2,2),(0.,1.),(0.,1.),.UNSPECIFIED.);
#972=B_SPLINE_SURFACE_WITH_KNOTS('',1,1,((#8815,#8816),(#8817,#8818)),
 .PLANE_SURF.,.F.,.F.,.F.,(2,2),(2,2),(0.,1.),(0.,1.),.UNSPECIFIED.);
#973=B_SPLINE_SURFACE_WITH_KNOTS('',1,1,((#8821,#8822),(#8823,#8824)),
 .PLANE_SURF.,.F.,.F.,.F.,(2,2),(2,2),(0.,1.),(0.,1.),.UNSPECIFIED.);
#974=B_SPLINE_SURFACE_WITH_KNOTS('',1,1,((#8825,#8826),(#8827,#8828)),
 .PLANE_SURF.,.F.,.F.,.F.,(2,2),(2,2),(0.,1.),(0.,1.),.UNSPECIFIED.);
#975=B_SPLINE_SURFACE_WITH_KNOTS('',1,1,((#8830,#8831),(#8832,#8833)),
 .PLANE_SURF.,.F.,.F.,.F.,(2,2),(2,2),(0.,1.),(0.,1.),.UNSPECIFIED.);
#976=B_SPLINE_SURFACE_WITH_KNOTS('',1,1,((#8835,#8836),(#8837,#8838)),
 .PLANE_SURF.,.F.,.F.,.F.,(2,2),(2,2),(0.,1.),(0.,1.),.UNSPECIFIED.);
#977=B_SPLINE_SURFACE_WITH_KNOTS('',1,1,((#8852,#8853),(#8854,#8855)),
 .PLANE_SURF.,.F.,.F.,.F.,(2,2),(2,2),(0.,1.),(0.,1.),.UNSPECIFIED.);
#978=B_SPLINE_SURFACE_WITH_KNOTS('',1,1,((#8869,#8870),(#8871,#8872)),
 .PLANE_SURF.,.F.,.F.,.F.,(2,2),(2,2),(0.,1.),(0.,1.),.UNSPECIFIED.);
#979=B_SPLINE_SURFACE_WITH_KNOTS('',1,1,((#8875,#8876),(#8877,#8878)),
 .PLANE_SURF.,.F.,.F.,.F.,(2,2),(2,2),(0.,1.),(0.,1.),.UNSPECIFIED.);
#980=B_SPLINE_SURFACE_WITH_KNOTS('',1,1,((#8889,#8890),(#8891,#8892)),
 .PLANE_SURF.,.F.,.F.,.F.,(2,2),(2,2),(0.,1.),(0.,1.),.UNSPECIFIED.);
#981=B_SPLINE_SURFACE_WITH_KNOTS('',1,1,((#8898,#8899),(#8900,#8901)),
 .PLANE_SURF.,.F.,.F.,.F.,(2,2),(2,2),(0.,1.),(0.,1.),.UNSPECIFIED.);
#982=B_SPLINE_SURFACE_WITH_KNOTS('',1,1,((#8907,#8908),(#8909,#8910)),
 .PLANE_SURF.,.F.,.F.,.F.,(2,2),(2,2),(0.,1.),(0.,1.),.UNSPECIFIED.);
#983=B_SPLINE_SURFACE_WITH_KNOTS('',1,1,((#8913,#8914),(#8915,#8916)),
 .PLANE_SURF.,.F.,.F.,.F.,(2,2),(2,2),(0.,1.),(0.,1.),.UNSPECIFIED.);
#984=B_SPLINE_SURFACE_WITH_KNOTS('',1,1,((#8917,#8918),(#8919,#8920)),
 .PLANE_SURF.,.F.,.F.,.F.,(2,2),(2,2),(0.,1.),(0.,1.),.UNSPECIFIED.);
#985=B_SPLINE_SURFACE_WITH_KNOTS('',1,1,((#8938,#8939),(#8940,#8941)),
 .PLANE_SURF.,.F.,.F.,.F.,(2,2),(2,2),(0.,1.),(0.,1.),.UNSPECIFIED.);
#986=B_SPLINE_SURFACE_WITH_KNOTS('',1,1,((#8959,#8960),(#8961,#8962)),
 .PLANE_SURF.,.F.,.F.,.F.,(2,2),(2,2),(0.,1.),(0.,1.),.UNSPECIFIED.);
#987=B_SPLINE_SURFACE_WITH_KNOTS('',1,1,((#8965,#8966),(#8967,#8968)),
 .PLANE_SURF.,.F.,.F.,.F.,(2,2),(2,2),(0.,1.),(0.,1.),.UNSPECIFIED.);
#988=B_SPLINE_SURFACE_WITH_KNOTS('',1,1,((#8969,#8970),(#8971,#8972)),
 .PLANE_SURF.,.F.,.F.,.F.,(2,2),(2,2),(0.,1.),(0.,1.),.UNSPECIFIED.);
#989=B_SPLINE_SURFACE_WITH_KNOTS('',1,1,((#8974,#8975),(#8976,#8977)),
 .PLANE_SURF.,.F.,.F.,.F.,(2,2),(2,2),(0.,1.),(0.,1.),.UNSPECIFIED.);
#990=B_SPLINE_SURFACE_WITH_KNOTS('',1,1,((#8979,#8980),(#8981,#8982)),
 .PLANE_SURF.,.F.,.F.,.F.,(2,2),(2,2),(0.,1.),(0.,1.),.UNSPECIFIED.);
#991=B_SPLINE_SURFACE_WITH_KNOTS('',1,1,((#8996,#8997),(#8998,#8999)),
 .PLANE_SURF.,.F.,.F.,.F.,(2,2),(2,2),(0.,1.),(0.,1.),.UNSPECIFIED.);
#992=B_SPLINE_SURFACE_WITH_KNOTS('',1,1,((#9013,#9014),(#9015,#9016)),
 .PLANE_SURF.,.F.,.F.,.F.,(2,2),(2,2),(0.,1.),(0.,1.),.UNSPECIFIED.);
#993=B_SPLINE_SURFACE_WITH_KNOTS('',1,1,((#9019,#9020),(#9021,#9022)),
 .PLANE_SURF.,.F.,.F.,.F.,(2,2),(2,2),(0.,1.),(0.,1.),.UNSPECIFIED.);
#994=B_SPLINE_SURFACE_WITH_KNOTS('',1,1,((#9033,#9034),(#9035,#9036)),
 .PLANE_SURF.,.F.,.F.,.F.,(2,2),(2,2),(0.,1.),(0.,1.),.UNSPECIFIED.);
#995=B_SPLINE_SURFACE_WITH_KNOTS('',1,1,((#9042,#9043),(#9044,#9045)),
 .PLANE_SURF.,.F.,.F.,.F.,(2,2),(2,2),(0.,1.),(0.,1.),.UNSPECIFIED.);
#996=B_SPLINE_SURFACE_WITH_KNOTS('',1,1,((#9051,#9052),(#9053,#9054)),
 .PLANE_SURF.,.F.,.F.,.F.,(2,2),(2,2),(0.,1.),(0.,1.),.UNSPECIFIED.);
#997=B_SPLINE_SURFACE_WITH_KNOTS('',1,1,((#9057,#9058),(#9059,#9060)),
 .PLANE_SURF.,.F.,.F.,.F.,(2,2),(2,2),(0.,1.),(0.,1.),.UNSPECIFIED.);
#998=B_SPLINE_SURFACE_WITH_KNOTS('',1,1,((#9061,#9062),(#9063,#9064)),
 .PLANE_SURF.,.F.,.F.,.F.,(2,2),(2,2),(0.,1.),(0.,1.),.UNSPECIFIED.);
#999=B_SPLINE_SURFACE_WITH_KNOTS('',1,1,((#9082,#9083),(#9084,#9085)),
 .PLANE_SURF.,.F.,.F.,.F.,(2,2),(2,2),(0.,1.),(0.,1.),.UNSPECIFIED.);
#1000=B_SPLINE_SURFACE_WITH_KNOTS('',1,1,((#9103,#9104),(#9105,#9106)),
 .PLANE_SURF.,.F.,.F.,.F.,(2,2),(2,2),(0.,1.),(0.,1.),.UNSPECIFIED.);
#1001=B_SPLINE_SURFACE_WITH_KNOTS('',1,1,((#9109,#9110),(#9111,#9112)),
 .PLANE_SURF.,.F.,.F.,.F.,(2,2),(2,2),(0.,1.),(0.,1.),.UNSPECIFIED.);
#1002=B_SPLINE_SURFACE_WITH_KNOTS('',1,1,((#9113,#9114),(#9115,#9116)),
 .PLANE_SURF.,.F.,.F.,.F.,(2,2),(2,2),(0.,1.),(0.,1.),.UNSPECIFIED.);
#1003=B_SPLINE_SURFACE_WITH_KNOTS('',1,1,((#9118,#9119),(#9120,#9121)),
 .PLANE_SURF.,.F.,.F.,.F.,(2,2),(2,2),(0.,1.),(0.,1.),.UNSPECIFIED.);
#1004=B_SPLINE_SURFACE_WITH_KNOTS('',1,1,((#9123,#9124),(#9125,#9126)),
 .PLANE_SURF.,.F.,.F.,.F.,(2,2),(2,2),(0.,1.),(0.,1.),.UNSPECIFIED.);
#1005=B_SPLINE_SURFACE_WITH_KNOTS('',1,1,((#9140,#9141),(#9142,#9143)),
 .PLANE_SURF.,.F.,.F.,.F.,(2,2),(2,2),(0.,1.),(0.,1.),.UNSPECIFIED.);
#1006=B_SPLINE_SURFACE_WITH_KNOTS('',1,1,((#9157,#9158),(#9159,#9160)),
 .PLANE_SURF.,.F.,.F.,.F.,(2,2),(2,2),(0.,1.),(0.,1.),.UNSPECIFIED.);
#1007=B_SPLINE_SURFACE_WITH_KNOTS('',1,1,((#9163,#9164),(#9165,#9166)),
 .PLANE_SURF.,.F.,.F.,.F.,(2,2),(2,2),(0.,1.),(0.,1.),.UNSPECIFIED.);
#1008=B_SPLINE_SURFACE_WITH_KNOTS('',1,1,((#9177,#9178),(#9179,#9180)),
 .PLANE_SURF.,.F.,.F.,.F.,(2,2),(2,2),(0.,1.),(0.,1.),.UNSPECIFIED.);
#1009=B_SPLINE_SURFACE_WITH_KNOTS('',1,1,((#9186,#9187),(#9188,#9189)),
 .PLANE_SURF.,.F.,.F.,.F.,(2,2),(2,2),(0.,1.),(0.,1.),.UNSPECIFIED.);
#1010=B_SPLINE_SURFACE_WITH_KNOTS('',1,1,((#9195,#9196),(#9197,#9198)),
 .PLANE_SURF.,.F.,.F.,.F.,(2,2),(2,2),(0.,1.),(0.,1.),.UNSPECIFIED.);
#1011=B_SPLINE_SURFACE_WITH_KNOTS('',1,1,((#9201,#9202),(#9203,#9204)),
 .PLANE_SURF.,.F.,.F.,.F.,(2,2),(2,2),(0.,1.),(0.,1.),.UNSPECIFIED.);
#1012=B_SPLINE_SURFACE_WITH_KNOTS('',1,1,((#9205,#9206),(#9207,#9208)),
 .PLANE_SURF.,.F.,.F.,.F.,(2,2),(2,2),(0.,1.),(0.,1.),.UNSPECIFIED.);
#1013=B_SPLINE_SURFACE_WITH_KNOTS('',1,1,((#9209,#9210),(#9211,#9212)),
 .PLANE_SURF.,.F.,.F.,.F.,(2,2),(2,2),(0.,1.),(0.,1.),.UNSPECIFIED.);
#1014=B_SPLINE_SURFACE_WITH_KNOTS('',1,1,((#9213,#9214),(#9215,#9216)),
 .PLANE_SURF.,.F.,.F.,.F.,(2,2),(2,2),(0.,1.),(0.,1.),.UNSPECIFIED.);
#1015=B_SPLINE_SURFACE_WITH_KNOTS('',1,1,((#9217,#9218),(#9219,#9220)),
 .PLANE_SURF.,.F.,.F.,.F.,(2,2),(2,2),(0.,1.),(0.,1.),.UNSPECIFIED.);
#1016=B_SPLINE_SURFACE_WITH_KNOTS('',1,1,((#9221,#9222),(#9223,#9224)),
 .PLANE_SURF.,.F.,.F.,.F.,(2,2),(2,2),(0.,1.),(0.,1.),.UNSPECIFIED.);
#1017=B_SPLINE_SURFACE_WITH_KNOTS('',1,1,((#9225,#9226),(#9227,#9228)),
 .PLANE_SURF.,.F.,.F.,.F.,(2,2),(2,2),(0.,1.),(0.,1.),.UNSPECIFIED.);
#1018=B_SPLINE_SURFACE_WITH_KNOTS('',1,1,((#9229,#9230),(#9231,#9232)),
 .PLANE_SURF.,.F.,.F.,.F.,(2,2),(2,2),(0.,1.),(0.,1.),.UNSPECIFIED.);
#1019=B_SPLINE_SURFACE_WITH_KNOTS('',1,1,((#9233,#9234),(#9235,#9236)),
 .PLANE_SURF.,.F.,.F.,.F.,(2,2),(2,2),(0.,1.),(0.,1.),.UNSPECIFIED.);
#1020=B_SPLINE_SURFACE_WITH_KNOTS('',1,1,((#9870,#9871),(#9872,#9873)),
 .PLANE_SURF.,.F.,.F.,.F.,(2,2),(2,2),(0.0454383052179256,0.957268400885387),
(0.0419418409000891,0.956121153583821),.PIECEWISE_BEZIER_KNOTS.);
#1021=B_SPLINE_SURFACE_WITH_KNOTS('',1,1,((#9892,#9893),(#9894,#9895)),
 .PLANE_SURF.,.F.,.F.,.F.,(2,2),(2,2),(0.0454383052179256,0.957268400885387),
(0.041941840900089,0.956121153583821),.PIECEWISE_BEZIER_KNOTS.);
#1022=B_SPLINE_SURFACE_WITH_KNOTS('',1,1,((#9905,#9906),(#9907,#9908)),
 .PLANE_SURF.,.F.,.F.,.F.,(2,2),(2,2),(0.,1.),(0.,1.),.UNSPECIFIED.);
#1023=B_SPLINE_SURFACE_WITH_KNOTS('',1,1,((#9939,#9940),(#9941,#9942)),
 .PLANE_SURF.,.F.,.F.,.F.,(2,2),(2,2),(0.176929934157064,0.821157719139509),
(0.176371952809846,0.822259510684221),.PIECEWISE_BEZIER_KNOTS.);
#1024=B_SPLINE_SURFACE_WITH_KNOTS('',1,1,((#9956,#9957),(#9958,#9959)),
 .PLANE_SURF.,.F.,.F.,.F.,(2,2),(2,2),(0.,1.),(0.,1.),.UNSPECIFIED.);
#1025=B_SPLINE_SURFACE_WITH_KNOTS('',1,1,((#9991,#9992),(#9993,#9994)),
 .PLANE_SURF.,.F.,.F.,.F.,(2,2),(2,2),(0.,1.),(0.,1.),.UNSPECIFIED.);
#1026=B_SPLINE_SURFACE_WITH_KNOTS('',1,1,((#10026,#10027),(#10028,#10029)),
 .PLANE_SURF.,.F.,.F.,.F.,(2,2),(2,2),(0.,1.),(0.,1.),.UNSPECIFIED.);
#1027=B_SPLINE_SURFACE_WITH_KNOTS('',1,1,((#10061,#10062),(#10063,#10064)),
 .PLANE_SURF.,.F.,.F.,.F.,(2,2),(2,2),(0.,1.),(0.,1.),.UNSPECIFIED.);
#1028=B_SPLINE_SURFACE_WITH_KNOTS('',1,1,((#10083,#10084),(#10085,#10086)),
 .PLANE_SURF.,.F.,.F.,.F.,(2,2),(2,2),(0.,1.),(0.,1.),.UNSPECIFIED.);
#1029=B_SPLINE_SURFACE_WITH_KNOTS('',1,1,((#10092,#10093),(#10094,#10095)),
 .PLANE_SURF.,.F.,.F.,.F.,(2,2),(2,2),(0.,1.),(0.,1.),.UNSPECIFIED.);
#1030=B_SPLINE_SURFACE_WITH_KNOTS('',1,1,((#10097,#10098),(#10099,#10100)),
 .PLANE_SURF.,.F.,.F.,.F.,(2,2),(2,2),(0.,1.),(0.,1.),.UNSPECIFIED.);
#1031=B_SPLINE_SURFACE_WITH_KNOTS('',1,1,((#10102,#10103),(#10104,#10105)),
 .PLANE_SURF.,.F.,.F.,.F.,(2,2),(2,2),(0.,1.),(0.,1.),.UNSPECIFIED.);
#1032=B_SPLINE_SURFACE_WITH_KNOTS('',1,1,((#10109,#10110),(#10111,#10112)),
 .PLANE_SURF.,.F.,.F.,.F.,(2,2),(2,2),(0.,1.),(0.,1.),.UNSPECIFIED.);
#1033=B_SPLINE_SURFACE_WITH_KNOTS('',1,1,((#10116,#10117),(#10118,#10119)),
 .PLANE_SURF.,.F.,.F.,.F.,(2,2),(2,2),(0.,1.),(0.,1.),.UNSPECIFIED.);
#1034=B_SPLINE_SURFACE_WITH_KNOTS('',1,1,((#10121,#10122),(#10123,#10124)),
 .PLANE_SURF.,.F.,.F.,.F.,(2,2),(2,2),(0.,1.),(0.,1.),.UNSPECIFIED.);
#1035=B_SPLINE_SURFACE_WITH_KNOTS('',1,1,((#10125,#10126),(#10127,#10128)),
 .PLANE_SURF.,.F.,.F.,.F.,(2,2),(2,2),(0.,1.),(0.,1.),.UNSPECIFIED.);
#1036=B_SPLINE_SURFACE_WITH_KNOTS('',1,1,((#10313,#10314),(#10315,#10316)),
 .PLANE_SURF.,.F.,.F.,.F.,(2,2),(2,2),(0.0427315991146133,0.954561694782074),
(0.0419418409000892,0.956121153583821),.PIECEWISE_BEZIER_KNOTS.);
#1037=B_SPLINE_SURFACE_WITH_KNOTS('',1,1,((#10319,#10320),(#10321,#10322)),
 .PLANE_SURF.,.F.,.F.,.F.,(2,2),(2,2),(0.0454383052179258,0.957268400885387),
(0.0419418409000891,0.956121153583821),.PIECEWISE_BEZIER_KNOTS.);
#1038=B_SPLINE_SURFACE_WITH_KNOTS('',1,1,((#10602,#10603),(#10604,#10605)),
 .PLANE_SURF.,.F.,.F.,.F.,(2,2),(2,2),(0.0427315991146131,0.954561694782074),
(0.0419418409000891,0.956121153583821),.PIECEWISE_BEZIER_KNOTS.);
#1039=B_SPLINE_SURFACE_WITH_KNOTS('',1,1,((#10617,#10618),(#10619,#10620)),
 .PLANE_SURF.,.F.,.F.,.F.,(2,2),(2,2),(0.0454383052179255,0.957268400885387),
(0.0419418409000891,0.956121153583821),.PIECEWISE_BEZIER_KNOTS.);
#1040=B_SPLINE_SURFACE_WITH_KNOTS('',1,1,((#10659,#10660),(#10661,#10662)),
 .PLANE_SURF.,.F.,.F.,.F.,(2,2),(2,2),(0.0454383052179255,0.957268400885387),
(0.0419418409000891,0.956121153583821),.PIECEWISE_BEZIER_KNOTS.);
#1041=B_SPLINE_SURFACE_WITH_KNOTS('',1,1,((#10663,#10664),(#10665,#10666)),
 .PLANE_SURF.,.F.,.F.,.F.,(2,2),(2,2),(0.0454383052179255,0.957268400885387),
(0.0419418409000891,0.956121153583821),.PIECEWISE_BEZIER_KNOTS.);
#1042=B_SPLINE_SURFACE_WITH_KNOTS('',1,1,((#10668,#10669),(#10670,#10671)),
 .PLANE_SURF.,.F.,.F.,.F.,(2,2),(2,2),(0.0454545454545455,0.613636363636363),
(0.0454545454545455,0.954545454545454),.PIECEWISE_BEZIER_KNOTS.);
#1043=B_SPLINE_SURFACE_WITH_KNOTS('',1,1,((#10680,#10681),(#10682,#10683)),
 .PLANE_SURF.,.F.,.F.,.F.,(2,2),(2,2),(0.,1.),(0.,1.),.UNSPECIFIED.);
#1044=B_SPLINE_SURFACE_WITH_KNOTS('',1,1,((#10689,#10690),(#10691,#10692)),
 .PLANE_SURF.,.F.,.F.,.F.,(2,2),(2,2),(0.,1.),(0.,1.),.UNSPECIFIED.);
#1045=B_SPLINE_SURFACE_WITH_KNOTS('',1,1,((#10698,#10699),(#10700,#10701)),
 .PLANE_SURF.,.F.,.F.,.F.,(2,2),(2,2),(0.,1.),(0.,1.),.UNSPECIFIED.);
#1046=B_SPLINE_SURFACE_WITH_KNOTS('',1,1,((#10707,#10708),(#10709,#10710)),
 .PLANE_SURF.,.F.,.F.,.F.,(2,2),(2,2),(0.,1.),(0.,1.),.UNSPECIFIED.);
#1047=B_SPLINE_SURFACE_WITH_KNOTS('',1,1,((#10716,#10717),(#10718,#10719)),
 .PLANE_SURF.,.F.,.F.,.F.,(2,2),(2,2),(0.,1.),(0.,1.),.UNSPECIFIED.);
#1048=B_SPLINE_SURFACE_WITH_KNOTS('',1,1,((#10722,#10723),(#10724,#10725)),
 .PLANE_SURF.,.F.,.F.,.F.,(2,2),(2,2),(0.,1.),(0.,1.),.UNSPECIFIED.);
#1049=B_SPLINE_SURFACE_WITH_KNOTS('',1,1,((#10734,#10735),(#10736,#10737)),
 .PLANE_SURF.,.F.,.F.,.F.,(2,2),(2,2),(0.,1.),(0.,1.),.UNSPECIFIED.);
#1050=B_SPLINE_SURFACE_WITH_KNOTS('',1,1,((#10743,#10744),(#10745,#10746)),
 .PLANE_SURF.,.F.,.F.,.F.,(2,2),(2,2),(0.,1.),(0.,1.),.UNSPECIFIED.);
#1051=B_SPLINE_SURFACE_WITH_KNOTS('',1,1,((#10752,#10753),(#10754,#10755)),
 .PLANE_SURF.,.F.,.F.,.F.,(2,2),(2,2),(0.,1.),(0.,1.),.UNSPECIFIED.);
#1052=B_SPLINE_SURFACE_WITH_KNOTS('',1,1,((#10758,#10759),(#10760,#10761)),
 .PLANE_SURF.,.F.,.F.,.F.,(2,2),(2,2),(0.,1.),(0.,1.),.UNSPECIFIED.);
#1053=B_SPLINE_SURFACE_WITH_KNOTS('',1,1,((#10762,#10763),(#10764,#10765)),
 .PLANE_SURF.,.F.,.F.,.F.,(2,2),(2,2),(0.,1.),(0.,1.),.UNSPECIFIED.);
#1054=B_SPLINE_SURFACE_WITH_KNOTS('',1,1,((#10766,#10767),(#10768,#10769)),
 .PLANE_SURF.,.F.,.F.,.F.,(2,2),(2,2),(0.,1.),(0.,1.),.UNSPECIFIED.);
#1055=B_SPLINE_SURFACE_WITH_KNOTS('',1,1,((#10790,#10791),(#10792,#10793)),
 .PLANE_SURF.,.F.,.F.,.F.,(2,2),(2,2),(0.,1.),(0.,1.),.UNSPECIFIED.);
#1056=B_SPLINE_SURFACE_WITH_KNOTS('',1,1,((#10802,#10803),(#10804,#10805)),
 .PLANE_SURF.,.F.,.F.,.F.,(2,2),(2,2),(0.,1.),(0.,1.),.UNSPECIFIED.);
#1057=B_SPLINE_SURFACE_WITH_KNOTS('',1,1,((#10808,#10809),(#10810,#10811)),
 .PLANE_SURF.,.F.,.F.,.F.,(2,2),(2,2),(0.,1.),(0.,1.),.UNSPECIFIED.);
#1058=B_SPLINE_SURFACE_WITH_KNOTS('',1,1,((#10814,#10815),(#10816,#10817)),
 .PLANE_SURF.,.F.,.F.,.F.,(2,2),(2,2),(0.,1.),(0.,1.),.UNSPECIFIED.);
#1059=B_SPLINE_SURFACE_WITH_KNOTS('',1,1,((#10818,#10819),(#10820,#10821)),
 .PLANE_SURF.,.F.,.F.,.F.,(2,2),(2,2),(0.,1.),(0.,1.),.UNSPECIFIED.);
#1060=B_SPLINE_SURFACE_WITH_KNOTS('',1,1,((#10822,#10823),(#10824,#10825)),
 .PLANE_SURF.,.F.,.F.,.F.,(2,2),(2,2),(0.,1.),(0.,1.),.UNSPECIFIED.);
#1061=B_SPLINE_SURFACE_WITH_KNOTS('',1,1,((#10838,#10839),(#10840,#10841)),
 .PLANE_SURF.,.F.,.F.,.F.,(2,2),(2,2),(0.,1.),(0.,1.),.UNSPECIFIED.);
#1062=B_SPLINE_SURFACE_WITH_KNOTS('',1,1,((#10844,#10845),(#10846,#10847)),
 .PLANE_SURF.,.F.,.F.,.F.,(2,2),(2,2),(0.,1.),(0.,1.),.UNSPECIFIED.);
#1063=B_SPLINE_SURFACE_WITH_KNOTS('',1,1,((#10849,#10850),(#10851,#10852)),
 .PLANE_SURF.,.F.,.F.,.F.,(2,2),(2,2),(0.,1.),(0.,1.),.UNSPECIFIED.);
#1064=B_SPLINE_SURFACE_WITH_KNOTS('',1,1,((#10854,#10855),(#10856,#10857)),
 .PLANE_SURF.,.F.,.F.,.F.,(2,2),(2,2),(0.,1.),(0.,1.),.UNSPECIFIED.);
#1065=B_SPLINE_SURFACE_WITH_KNOTS('',1,1,((#10859,#10860),(#10861,#10862)),
 .PLANE_SURF.,.F.,.F.,.F.,(2,2),(2,2),(0.,1.),(0.,1.),.UNSPECIFIED.);
#1066=B_SPLINE_SURFACE_WITH_KNOTS('',1,1,((#10864,#10865),(#10866,#10867)),
 .PLANE_SURF.,.F.,.F.,.F.,(2,2),(2,2),(0.840909090909091,0.954545454545454),
(0.0454545454545455,0.954545454545454),.PIECEWISE_BEZIER_KNOTS.);
#1067=B_SPLINE_SURFACE_WITH_KNOTS('',1,1,((#11033,#11034),(#11035,#11036)),
 .PLANE_SURF.,.F.,.F.,.F.,(2,2),(2,2),(0.0454383052179255,0.957268400885387),
(0.0419418409000892,0.956121153583821),.PIECEWISE_BEZIER_KNOTS.);
#1068=B_SPLINE_SURFACE_WITH_KNOTS('',1,1,((#11037,#11038),(#11039,#11040)),
 .PLANE_SURF.,.F.,.F.,.F.,(2,2),(2,2),(0.0454383052179256,0.957268400885387),
(0.0419418409000892,0.956121153583821),.PIECEWISE_BEZIER_KNOTS.);
#1069=B_SPLINE_SURFACE_WITH_KNOTS('',1,1,((#11227,#11228),(#11229,#11230)),
 .PLANE_SURF.,.F.,.F.,.F.,(2,2),(2,2),(0.0454545454545455,0.443268415510404),
(0.556731584489596,0.954545454545454),.PIECEWISE_BEZIER_KNOTS.);
#1070=B_SPLINE_SURFACE_WITH_KNOTS('',1,1,((#11234,#11235),(#11236,#11237)),
 .PLANE_SURF.,.F.,.F.,.F.,(2,2),(2,2),(0.0454545454545454,0.502727272727272),
(0.0454545454545459,0.954545454545454),.PIECEWISE_BEZIER_KNOTS.);
#1071=B_SPLINE_SURFACE_WITH_KNOTS('',1,1,((#11239,#11240),(#11241,#11242)),
 .PLANE_SURF.,.F.,.F.,.F.,(2,2),(2,2),(0.,1.),(0.,1.),.UNSPECIFIED.);
#1072=B_SPLINE_SURFACE_WITH_KNOTS('',1,1,((#11243,#11244),(#11245,#11246)),
 .PLANE_SURF.,.F.,.F.,.F.,(2,2),(2,2),(0.556731584489596,0.954545454545454),
(0.556731584489597,0.954545454545454),.PIECEWISE_BEZIER_KNOTS.);
#1073=B_SPLINE_SURFACE_WITH_KNOTS('',1,1,((#11250,#11251),(#11252,#11253)),
 .PLANE_SURF.,.F.,.F.,.F.,(2,2),(2,2),(0.,1.),(0.,1.),.UNSPECIFIED.);
#1074=B_SPLINE_SURFACE_WITH_KNOTS('',1,1,((#11255,#11256),(#11257,#11258)),
 .PLANE_SURF.,.F.,.F.,.F.,(2,2),(2,2),(0.0454545454545454,0.502727272727273),
(0.0454545454545459,0.954545454545454),.PIECEWISE_BEZIER_KNOTS.);
#1075=B_SPLINE_SURFACE_WITH_KNOTS('',1,1,((#11259,#11260),(#11261,#11262)),
 .PLANE_SURF.,.F.,.F.,.F.,(2,2),(2,2),(0.556731584489597,0.954545454545454),
(0.0454545454545455,0.443268415510402),.PIECEWISE_BEZIER_KNOTS.);
#1076=B_SPLINE_SURFACE_WITH_KNOTS('',1,1,((#11266,#11267),(#11268,#11269)),
 .PLANE_SURF.,.F.,.F.,.F.,(2,2),(2,2),(0.497272727272727,0.954545454545454),
(0.0454545454545459,0.954545454545459),.PIECEWISE_BEZIER_KNOTS.);
#1077=B_SPLINE_SURFACE_WITH_KNOTS('',1,1,((#11271,#11272),(#11273,#11274)),
 .PLANE_SURF.,.F.,.F.,.F.,(2,2),(2,2),(0.497272727272727,0.954545454545454),
(0.0454545454545458,0.954545454545455),.PIECEWISE_BEZIER_KNOTS.);
#1078=B_SPLINE_SURFACE_WITH_KNOTS('',1,1,((#11275,#11276),(#11277,#11278)),
 .PLANE_SURF.,.F.,.F.,.F.,(2,2),(2,2),(0.497272727272727,0.954545454545454),
(0.0454545454545459,0.954545454545454),.PIECEWISE_BEZIER_KNOTS.);
#1079=B_SPLINE_SURFACE_WITH_KNOTS('',1,1,((#11282,#11283),(#11284,#11285)),
 .PLANE_SURF.,.F.,.F.,.F.,(2,2),(2,2),(0.0454545454545454,0.443268415510403),
(0.0454545454545455,0.443268415510404),.PIECEWISE_BEZIER_KNOTS.);
#1080=B_SPLINE_SURFACE_WITH_KNOTS('',1,1,((#11287,#11288),(#11289,#11290)),
 .PLANE_SURF.,.F.,.F.,.F.,(2,2),(2,2),(0.0454545454545454,0.502727272727273),
(0.0454545454545458,0.954545454545453),.PIECEWISE_BEZIER_KNOTS.);
#1081=(
BOUNDED_CURVE()
B_SPLINE_CURVE(1,(#7309,#7310),.UNSPECIFIED.,.F.,.F.)
B_SPLINE_CURVE_WITH_KNOTS((2,2),(0.,1.),.PIECEWISE_BEZIER_KNOTS.)
CURVE()
GEOMETRIC_REPRESENTATION_ITEM()
RATIONAL_B_SPLINE_CURVE((1.,1.))
REPRESENTATION_ITEM('')
);
#1082=(
BOUNDED_CURVE()
B_SPLINE_CURVE(1,(#7314,#7315),.UNSPECIFIED.,.F.,.F.)
B_SPLINE_CURVE_WITH_KNOTS((2,2),(0.,1.),.PIECEWISE_BEZIER_KNOTS.)
CURVE()
GEOMETRIC_REPRESENTATION_ITEM()
RATIONAL_B_SPLINE_CURVE((1.,1.))
REPRESENTATION_ITEM('')
);
#1083=(
BOUNDED_CURVE()
B_SPLINE_CURVE(1,(#7327,#7328),.UNSPECIFIED.,.F.,.F.)
B_SPLINE_CURVE_WITH_KNOTS((2,2),(0.,1.),.PIECEWISE_BEZIER_KNOTS.)
CURVE()
GEOMETRIC_REPRESENTATION_ITEM()
RATIONAL_B_SPLINE_CURVE((1.,1.))
REPRESENTATION_ITEM('')
);
#1084=(
BOUNDED_CURVE()
B_SPLINE_CURVE(1,(#7332,#7333),.UNSPECIFIED.,.F.,.F.)
B_SPLINE_CURVE_WITH_KNOTS((2,2),(0.,1.),.PIECEWISE_BEZIER_KNOTS.)
CURVE()
GEOMETRIC_REPRESENTATION_ITEM()
RATIONAL_B_SPLINE_CURVE((1.,1.))
REPRESENTATION_ITEM('')
);
#1085=(
BOUNDED_CURVE()
B_SPLINE_CURVE(1,(#7398,#7399),.UNSPECIFIED.,.F.,.F.)
B_SPLINE_CURVE_WITH_KNOTS((2,2),(0.,1.),.PIECEWISE_BEZIER_KNOTS.)
CURVE()
GEOMETRIC_REPRESENTATION_ITEM()
RATIONAL_B_SPLINE_CURVE((1.,1.))
REPRESENTATION_ITEM('')
);
#1086=(
BOUNDED_CURVE()
B_SPLINE_CURVE(1,(#7407,#7408),.UNSPECIFIED.,.F.,.F.)
B_SPLINE_CURVE_WITH_KNOTS((2,2),(0.,1.),.PIECEWISE_BEZIER_KNOTS.)
CURVE()
GEOMETRIC_REPRESENTATION_ITEM()
RATIONAL_B_SPLINE_CURVE((1.,1.))
REPRESENTATION_ITEM('')
);
#1087=(
BOUNDED_CURVE()
B_SPLINE_CURVE(1,(#7412,#7413),.UNSPECIFIED.,.F.,.F.)
B_SPLINE_CURVE_WITH_KNOTS((2,2),(0.,1.),.PIECEWISE_BEZIER_KNOTS.)
CURVE()
GEOMETRIC_REPRESENTATION_ITEM()
RATIONAL_B_SPLINE_CURVE((1.,1.))
REPRESENTATION_ITEM('')
);
#1088=(
BOUNDED_CURVE()
B_SPLINE_CURVE(1,(#7421,#7422),.UNSPECIFIED.,.F.,.F.)
B_SPLINE_CURVE_WITH_KNOTS((2,2),(0.,1.),.PIECEWISE_BEZIER_KNOTS.)
CURVE()
GEOMETRIC_REPRESENTATION_ITEM()
RATIONAL_B_SPLINE_CURVE((1.,1.))
REPRESENTATION_ITEM('')
);
#1089=(
BOUNDED_CURVE()
B_SPLINE_CURVE(1,(#7461,#7462),.UNSPECIFIED.,.F.,.F.)
B_SPLINE_CURVE_WITH_KNOTS((2,2),(0.,1.),.PIECEWISE_BEZIER_KNOTS.)
CURVE()
GEOMETRIC_REPRESENTATION_ITEM()
RATIONAL_B_SPLINE_CURVE((1.,1.))
REPRESENTATION_ITEM('')
);
#1090=(
BOUNDED_CURVE()
B_SPLINE_CURVE(1,(#7470,#7471),.UNSPECIFIED.,.F.,.F.)
B_SPLINE_CURVE_WITH_KNOTS((2,2),(0.,1.),.PIECEWISE_BEZIER_KNOTS.)
CURVE()
GEOMETRIC_REPRESENTATION_ITEM()
RATIONAL_B_SPLINE_CURVE((1.,1.))
REPRESENTATION_ITEM('')
);
#1091=(
BOUNDED_CURVE()
B_SPLINE_CURVE(1,(#7475,#7476),.UNSPECIFIED.,.F.,.F.)
B_SPLINE_CURVE_WITH_KNOTS((2,2),(0.,1.),.PIECEWISE_BEZIER_KNOTS.)
CURVE()
GEOMETRIC_REPRESENTATION_ITEM()
RATIONAL_B_SPLINE_CURVE((1.,1.))
REPRESENTATION_ITEM('')
);
#1092=(
BOUNDED_CURVE()
B_SPLINE_CURVE(1,(#7484,#7485),.UNSPECIFIED.,.F.,.F.)
B_SPLINE_CURVE_WITH_KNOTS((2,2),(0.,1.),.PIECEWISE_BEZIER_KNOTS.)
CURVE()
GEOMETRIC_REPRESENTATION_ITEM()
RATIONAL_B_SPLINE_CURVE((1.,1.))
REPRESENTATION_ITEM('')
);
#1093=(
BOUNDED_CURVE()
B_SPLINE_CURVE(1,(#7757,#7758),.UNSPECIFIED.,.F.,.F.)
B_SPLINE_CURVE_WITH_KNOTS((2,2),(0.,1.),.PIECEWISE_BEZIER_KNOTS.)
CURVE()
GEOMETRIC_REPRESENTATION_ITEM()
RATIONAL_B_SPLINE_CURVE((1.,1.))
REPRESENTATION_ITEM('')
);
#1094=(
BOUNDED_CURVE()
B_SPLINE_CURVE(1,(#7762,#7763),.UNSPECIFIED.,.F.,.F.)
B_SPLINE_CURVE_WITH_KNOTS((2,2),(0.,1.),.PIECEWISE_BEZIER_KNOTS.)
CURVE()
GEOMETRIC_REPRESENTATION_ITEM()
RATIONAL_B_SPLINE_CURVE((1.,1.))
REPRESENTATION_ITEM('')
);
#1095=(
BOUNDED_CURVE()
B_SPLINE_CURVE(1,(#7791,#7792),.UNSPECIFIED.,.F.,.F.)
B_SPLINE_CURVE_WITH_KNOTS((2,2),(0.,1.),.PIECEWISE_BEZIER_KNOTS.)
CURVE()
GEOMETRIC_REPRESENTATION_ITEM()
RATIONAL_B_SPLINE_CURVE((1.,1.))
REPRESENTATION_ITEM('')
);
#1096=(
BOUNDED_CURVE()
B_SPLINE_CURVE(1,(#7796,#7797),.UNSPECIFIED.,.F.,.F.)
B_SPLINE_CURVE_WITH_KNOTS((2,2),(0.,1.),.PIECEWISE_BEZIER_KNOTS.)
CURVE()
GEOMETRIC_REPRESENTATION_ITEM()
RATIONAL_B_SPLINE_CURVE((1.,1.))
REPRESENTATION_ITEM('')
);
#1097=(
BOUNDED_CURVE()
B_SPLINE_CURVE(1,(#7926,#7927),.UNSPECIFIED.,.F.,.F.)
B_SPLINE_CURVE_WITH_KNOTS((2,2),(0.,1.),.PIECEWISE_BEZIER_KNOTS.)
CURVE()
GEOMETRIC_REPRESENTATION_ITEM()
RATIONAL_B_SPLINE_CURVE((1.,1.))
REPRESENTATION_ITEM('')
);
#1098=(
BOUNDED_CURVE()
B_SPLINE_CURVE(1,(#7931,#7932),.UNSPECIFIED.,.F.,.F.)
B_SPLINE_CURVE_WITH_KNOTS((2,2),(0.,1.),.PIECEWISE_BEZIER_KNOTS.)
CURVE()
GEOMETRIC_REPRESENTATION_ITEM()
RATIONAL_B_SPLINE_CURVE((1.,1.))
REPRESENTATION_ITEM('')
);
#1099=(
BOUNDED_CURVE()
B_SPLINE_CURVE(1,(#7944,#7945),.UNSPECIFIED.,.F.,.F.)
B_SPLINE_CURVE_WITH_KNOTS((2,2),(0.,1.),.PIECEWISE_BEZIER_KNOTS.)
CURVE()
GEOMETRIC_REPRESENTATION_ITEM()
RATIONAL_B_SPLINE_CURVE((1.,1.))
REPRESENTATION_ITEM('')
);
#1100=(
BOUNDED_CURVE()
B_SPLINE_CURVE(1,(#7949,#7950),.UNSPECIFIED.,.F.,.F.)
B_SPLINE_CURVE_WITH_KNOTS((2,2),(0.,1.),.PIECEWISE_BEZIER_KNOTS.)
CURVE()
GEOMETRIC_REPRESENTATION_ITEM()
RATIONAL_B_SPLINE_CURVE((1.,1.))
REPRESENTATION_ITEM('')
);
#1101=(
BOUNDED_CURVE()
B_SPLINE_CURVE(1,(#7991,#7992),.UNSPECIFIED.,.F.,.F.)
B_SPLINE_CURVE_WITH_KNOTS((2,2),(0.,1.),.PIECEWISE_BEZIER_KNOTS.)
CURVE()
GEOMETRIC_REPRESENTATION_ITEM()
RATIONAL_B_SPLINE_CURVE((1.,1.))
REPRESENTATION_ITEM('')
);
#1102=(
BOUNDED_CURVE()
B_SPLINE_CURVE(1,(#7996,#7997),.UNSPECIFIED.,.F.,.F.)
B_SPLINE_CURVE_WITH_KNOTS((2,2),(0.,1.),.PIECEWISE_BEZIER_KNOTS.)
CURVE()
GEOMETRIC_REPRESENTATION_ITEM()
RATIONAL_B_SPLINE_CURVE((1.,1.))
REPRESENTATION_ITEM('')
);
#1103=(
BOUNDED_CURVE()
B_SPLINE_CURVE(1,(#8007,#8008),.UNSPECIFIED.,.F.,.F.)
B_SPLINE_CURVE_WITH_KNOTS((2,2),(0.,1.),.PIECEWISE_BEZIER_KNOTS.)
CURVE()
GEOMETRIC_REPRESENTATION_ITEM()
RATIONAL_B_SPLINE_CURVE((1.,1.))
REPRESENTATION_ITEM('')
);
#1104=(
BOUNDED_CURVE()
B_SPLINE_CURVE(1,(#8012,#8013),.UNSPECIFIED.,.F.,.F.)
B_SPLINE_CURVE_WITH_KNOTS((2,2),(0.,1.),.PIECEWISE_BEZIER_KNOTS.)
CURVE()
GEOMETRIC_REPRESENTATION_ITEM()
RATIONAL_B_SPLINE_CURVE((1.,1.))
REPRESENTATION_ITEM('')
);
#1105=(
BOUNDED_CURVE()
B_SPLINE_CURVE(1,(#8023,#8024),.UNSPECIFIED.,.F.,.F.)
B_SPLINE_CURVE_WITH_KNOTS((2,2),(0.,1.),.PIECEWISE_BEZIER_KNOTS.)
CURVE()
GEOMETRIC_REPRESENTATION_ITEM()
RATIONAL_B_SPLINE_CURVE((1.,1.))
REPRESENTATION_ITEM('')
);
#1106=(
BOUNDED_CURVE()
B_SPLINE_CURVE(1,(#8026,#8027),.UNSPECIFIED.,.F.,.F.)
B_SPLINE_CURVE_WITH_KNOTS((2,2),(0.,1.),.PIECEWISE_BEZIER_KNOTS.)
CURVE()
GEOMETRIC_REPRESENTATION_ITEM()
RATIONAL_B_SPLINE_CURVE((1.,1.))
REPRESENTATION_ITEM('')
);
#1107=(
BOUNDED_CURVE()
B_SPLINE_CURVE(1,(#8039,#8040),.UNSPECIFIED.,.F.,.F.)
B_SPLINE_CURVE_WITH_KNOTS((2,2),(0.,1.),.PIECEWISE_BEZIER_KNOTS.)
CURVE()
GEOMETRIC_REPRESENTATION_ITEM()
RATIONAL_B_SPLINE_CURVE((1.,1.))
REPRESENTATION_ITEM('')
);
#1108=(
BOUNDED_CURVE()
B_SPLINE_CURVE(1,(#8044,#8045),.UNSPECIFIED.,.F.,.F.)
B_SPLINE_CURVE_WITH_KNOTS((2,2),(0.,1.),.PIECEWISE_BEZIER_KNOTS.)
CURVE()
GEOMETRIC_REPRESENTATION_ITEM()
RATIONAL_B_SPLINE_CURVE((1.,1.))
REPRESENTATION_ITEM('')
);
#1109=(
BOUNDED_CURVE()
B_SPLINE_CURVE(1,(#8101,#8102),.UNSPECIFIED.,.F.,.F.)
B_SPLINE_CURVE_WITH_KNOTS((2,2),(0.,1.),.PIECEWISE_BEZIER_KNOTS.)
CURVE()
GEOMETRIC_REPRESENTATION_ITEM()
RATIONAL_B_SPLINE_CURVE((1.,1.))
REPRESENTATION_ITEM('')
);
#1110=(
BOUNDED_CURVE()
B_SPLINE_CURVE(1,(#8106,#8107),.UNSPECIFIED.,.F.,.F.)
B_SPLINE_CURVE_WITH_KNOTS((2,2),(0.,1.),.PIECEWISE_BEZIER_KNOTS.)
CURVE()
GEOMETRIC_REPRESENTATION_ITEM()
RATIONAL_B_SPLINE_CURVE((1.,1.))
REPRESENTATION_ITEM('')
);
#1111=(
BOUNDED_CURVE()
B_SPLINE_CURVE(1,(#8119,#8120),.UNSPECIFIED.,.F.,.F.)
B_SPLINE_CURVE_WITH_KNOTS((2,2),(0.,1.),.PIECEWISE_BEZIER_KNOTS.)
CURVE()
GEOMETRIC_REPRESENTATION_ITEM()
RATIONAL_B_SPLINE_CURVE((1.,1.))
REPRESENTATION_ITEM('')
);
#1112=(
BOUNDED_CURVE()
B_SPLINE_CURVE(1,(#8124,#8125),.UNSPECIFIED.,.F.,.F.)
B_SPLINE_CURVE_WITH_KNOTS((2,2),(0.,1.),.PIECEWISE_BEZIER_KNOTS.)
CURVE()
GEOMETRIC_REPRESENTATION_ITEM()
RATIONAL_B_SPLINE_CURVE((1.,1.))
REPRESENTATION_ITEM('')
);
#1113=(
BOUNDED_CURVE()
B_SPLINE_CURVE(1,(#8137,#8138),.UNSPECIFIED.,.F.,.F.)
B_SPLINE_CURVE_WITH_KNOTS((2,2),(0.,1.),.PIECEWISE_BEZIER_KNOTS.)
CURVE()
GEOMETRIC_REPRESENTATION_ITEM()
RATIONAL_B_SPLINE_CURVE((1.,1.))
REPRESENTATION_ITEM('')
);
#1114=(
BOUNDED_CURVE()
B_SPLINE_CURVE(1,(#8142,#8143),.UNSPECIFIED.,.F.,.F.)
B_SPLINE_CURVE_WITH_KNOTS((2,2),(0.,1.),.PIECEWISE_BEZIER_KNOTS.)
CURVE()
GEOMETRIC_REPRESENTATION_ITEM()
RATIONAL_B_SPLINE_CURVE((1.,1.))
REPRESENTATION_ITEM('')
);
#1115=(
BOUNDED_CURVE()
B_SPLINE_CURVE(1,(#8201,#8202),.UNSPECIFIED.,.F.,.F.)
B_SPLINE_CURVE_WITH_KNOTS((2,2),(0.,1.),.PIECEWISE_BEZIER_KNOTS.)
CURVE()
GEOMETRIC_REPRESENTATION_ITEM()
RATIONAL_B_SPLINE_CURVE((1.,1.))
REPRESENTATION_ITEM('')
);
#1116=(
BOUNDED_CURVE()
B_SPLINE_CURVE(1,(#8206,#8207),.UNSPECIFIED.,.F.,.F.)
B_SPLINE_CURVE_WITH_KNOTS((2,2),(0.,1.),.PIECEWISE_BEZIER_KNOTS.)
CURVE()
GEOMETRIC_REPRESENTATION_ITEM()
RATIONAL_B_SPLINE_CURVE((1.,1.))
REPRESENTATION_ITEM('')
);
#1117=(
BOUNDED_CURVE()
B_SPLINE_CURVE(1,(#8219,#8220),.UNSPECIFIED.,.F.,.F.)
B_SPLINE_CURVE_WITH_KNOTS((2,2),(0.,1.),.PIECEWISE_BEZIER_KNOTS.)
CURVE()
GEOMETRIC_REPRESENTATION_ITEM()
RATIONAL_B_SPLINE_CURVE((1.,1.))
REPRESENTATION_ITEM('')
);
#1118=(
BOUNDED_CURVE()
B_SPLINE_CURVE(1,(#8222,#8223),.UNSPECIFIED.,.F.,.F.)
B_SPLINE_CURVE_WITH_KNOTS((2,2),(0.,1.),.PIECEWISE_BEZIER_KNOTS.)
CURVE()
GEOMETRIC_REPRESENTATION_ITEM()
RATIONAL_B_SPLINE_CURVE((1.,1.))
REPRESENTATION_ITEM('')
);
#1119=(
BOUNDED_CURVE()
B_SPLINE_CURVE(1,(#8233,#8234),.UNSPECIFIED.,.F.,.F.)
B_SPLINE_CURVE_WITH_KNOTS((2,2),(0.,1.),.PIECEWISE_BEZIER_KNOTS.)
CURVE()
GEOMETRIC_REPRESENTATION_ITEM()
RATIONAL_B_SPLINE_CURVE((1.,1.))
REPRESENTATION_ITEM('')
);
#1120=(
BOUNDED_CURVE()
B_SPLINE_CURVE(1,(#8238,#8239),.UNSPECIFIED.,.F.,.F.)
B_SPLINE_CURVE_WITH_KNOTS((2,2),(0.,1.),.PIECEWISE_BEZIER_KNOTS.)
CURVE()
GEOMETRIC_REPRESENTATION_ITEM()
RATIONAL_B_SPLINE_CURVE((1.,1.))
REPRESENTATION_ITEM('')
);
#1121=(
BOUNDED_CURVE()
B_SPLINE_CURVE(1,(#8286,#8287),.UNSPECIFIED.,.F.,.F.)
B_SPLINE_CURVE_WITH_KNOTS((2,2),(0.,1.),.PIECEWISE_BEZIER_KNOTS.)
CURVE()
GEOMETRIC_REPRESENTATION_ITEM()
RATIONAL_B_SPLINE_CURVE((1.,1.))
REPRESENTATION_ITEM('')
);
#1122=(
BOUNDED_CURVE()
B_SPLINE_CURVE(1,(#8291,#8292),.UNSPECIFIED.,.F.,.F.)
B_SPLINE_CURVE_WITH_KNOTS((2,2),(0.,1.),.PIECEWISE_BEZIER_KNOTS.)
CURVE()
GEOMETRIC_REPRESENTATION_ITEM()
RATIONAL_B_SPLINE_CURVE((1.,1.))
REPRESENTATION_ITEM('')
);
#1123=(
BOUNDED_CURVE()
B_SPLINE_CURVE(1,(#8328,#8329),.UNSPECIFIED.,.F.,.F.)
B_SPLINE_CURVE_WITH_KNOTS((2,2),(0.,1.),.PIECEWISE_BEZIER_KNOTS.)
CURVE()
GEOMETRIC_REPRESENTATION_ITEM()
RATIONAL_B_SPLINE_CURVE((1.,1.))
REPRESENTATION_ITEM('')
);
#1124=(
BOUNDED_CURVE()
B_SPLINE_CURVE(1,(#8337,#8338),.UNSPECIFIED.,.F.,.F.)
B_SPLINE_CURVE_WITH_KNOTS((2,2),(0.,1.),.PIECEWISE_BEZIER_KNOTS.)
CURVE()
GEOMETRIC_REPRESENTATION_ITEM()
RATIONAL_B_SPLINE_CURVE((1.,1.))
REPRESENTATION_ITEM('')
);
#1125=(
BOUNDED_CURVE()
B_SPLINE_CURVE(1,(#8342,#8343),.UNSPECIFIED.,.F.,.F.)
B_SPLINE_CURVE_WITH_KNOTS((2,2),(0.,1.),.PIECEWISE_BEZIER_KNOTS.)
CURVE()
GEOMETRIC_REPRESENTATION_ITEM()
RATIONAL_B_SPLINE_CURVE((1.,1.))
REPRESENTATION_ITEM('')
);
#1126=(
BOUNDED_CURVE()
B_SPLINE_CURVE(1,(#8351,#8352),.UNSPECIFIED.,.F.,.F.)
B_SPLINE_CURVE_WITH_KNOTS((2,2),(0.,1.),.PIECEWISE_BEZIER_KNOTS.)
CURVE()
GEOMETRIC_REPRESENTATION_ITEM()
RATIONAL_B_SPLINE_CURVE((1.,1.))
REPRESENTATION_ITEM('')
);
#1127=(
BOUNDED_CURVE()
B_SPLINE_CURVE(1,(#9731,#9732),.UNSPECIFIED.,.F.,.F.)
B_SPLINE_CURVE_WITH_KNOTS((2,2),(0.,1.),.PIECEWISE_BEZIER_KNOTS.)
CURVE()
GEOMETRIC_REPRESENTATION_ITEM()
RATIONAL_B_SPLINE_CURVE((1.,1.))
REPRESENTATION_ITEM('')
);
#1128=(
BOUNDED_CURVE()
B_SPLINE_CURVE(1,(#9736,#9737),.UNSPECIFIED.,.F.,.F.)
B_SPLINE_CURVE_WITH_KNOTS((2,2),(0.,1.),.PIECEWISE_BEZIER_KNOTS.)
CURVE()
GEOMETRIC_REPRESENTATION_ITEM()
RATIONAL_B_SPLINE_CURVE((1.,1.))
REPRESENTATION_ITEM('')
);
#1129=(
BOUNDED_CURVE()
B_SPLINE_CURVE(3,(#9754,#9755,#9756,#9757),.UNSPECIFIED.,.F.,.F.)
B_SPLINE_CURVE_WITH_KNOTS((4,4),(0.,1.),.PIECEWISE_BEZIER_KNOTS.)
CURVE()
GEOMETRIC_REPRESENTATION_ITEM()
RATIONAL_B_SPLINE_CURVE((1.,1.,1.,1.))
REPRESENTATION_ITEM('')
);
#1130=(
BOUNDED_CURVE()
B_SPLINE_CURVE(3,(#9760,#9761,#9762,#9763),.UNSPECIFIED.,.F.,.F.)
B_SPLINE_CURVE_WITH_KNOTS((4,4),(0.,1.),.PIECEWISE_BEZIER_KNOTS.)
CURVE()
GEOMETRIC_REPRESENTATION_ITEM()
RATIONAL_B_SPLINE_CURVE((1.,1.,1.,1.))
REPRESENTATION_ITEM('')
);
#1131=(
BOUNDED_CURVE()
B_SPLINE_CURVE(1,(#9777,#9778),.UNSPECIFIED.,.F.,.F.)
B_SPLINE_CURVE_WITH_KNOTS((2,2),(0.,1.),.PIECEWISE_BEZIER_KNOTS.)
CURVE()
GEOMETRIC_REPRESENTATION_ITEM()
RATIONAL_B_SPLINE_CURVE((1.,1.))
REPRESENTATION_ITEM('')
);
#1132=(
BOUNDED_CURVE()
B_SPLINE_CURVE(1,(#9782,#9783),.UNSPECIFIED.,.F.,.F.)
B_SPLINE_CURVE_WITH_KNOTS((2,2),(0.,1.),.PIECEWISE_BEZIER_KNOTS.)
CURVE()
GEOMETRIC_REPRESENTATION_ITEM()
RATIONAL_B_SPLINE_CURVE((1.,1.))
REPRESENTATION_ITEM('')
);
#1133=(
BOUNDED_CURVE()
B_SPLINE_CURVE(1,(#9811,#9812),.UNSPECIFIED.,.F.,.F.)
B_SPLINE_CURVE_WITH_KNOTS((2,2),(0.,1.),.PIECEWISE_BEZIER_KNOTS.)
CURVE()
GEOMETRIC_REPRESENTATION_ITEM()
RATIONAL_B_SPLINE_CURVE((1.,1.))
REPRESENTATION_ITEM('')
);
#1134=(
BOUNDED_CURVE()
B_SPLINE_CURVE(1,(#9816,#9817),.UNSPECIFIED.,.F.,.F.)
B_SPLINE_CURVE_WITH_KNOTS((2,2),(0.,1.),.PIECEWISE_BEZIER_KNOTS.)
CURVE()
GEOMETRIC_REPRESENTATION_ITEM()
RATIONAL_B_SPLINE_CURVE((1.,1.))
REPRESENTATION_ITEM('')
);
#1135=(
BOUNDED_CURVE()
B_SPLINE_CURVE(3,(#10237,#10238,#10239,#10240,#10241,#10242,#10243,#10244,
#10245,#10246,#10247,#10248,#10249,#10250,#10251,#10252,#10253,#10254,#10255,
#10256,#10257,#10258,#10259,#10260,#10261,#10262,#10263),.UNSPECIFIED.,
 .F.,.F.)
B_SPLINE_CURVE_WITH_KNOTS((4,2,2,2,2,2,2,2,2,2,2,1,2,4),(0.,0.0312499999999995,
0.0624999999999991,0.0937499999999986,0.124999999999998,0.187499999999999,
0.249999999999999,0.375,0.5,0.749999999999999,0.874999999999999,0.968749999999999,
0.9990234375,1.),.UNSPECIFIED.)
CURVE()
GEOMETRIC_REPRESENTATION_ITEM()
RATIONAL_B_SPLINE_CURVE((1.,1.,1.,1.,1.,1.,1.,1.,1.,1.,1.,1.,1.,1.,1.,1.,
1.,1.,1.,1.,1.,1.,1.,1.,1.,1.,1.))
REPRESENTATION_ITEM('')
);
#1136=(
BOUNDED_CURVE()
B_SPLINE_CURVE(3,(#10266,#10267,#10268,#10269,#10270,#10271,#10272,#10273,
#10274,#10275,#10276,#10277,#10278,#10279,#10280,#10281,#10282,#10283,#10284,
#10285,#10286,#10287,#10288,#10289,#10290,#10291,#10292),.UNSPECIFIED.,
 .F.,.F.)
B_SPLINE_CURVE_WITH_KNOTS((4,2,2,2,2,2,2,2,2,2,2,1,2,4),(0.,0.0312499999999995,
0.0624999999999991,0.0937499999999986,0.124999999999998,0.187499999999999,
0.249999999999999,0.375,0.5,0.749999999999999,0.874999999999999,0.968749999999999,
0.9990234375,1.),.UNSPECIFIED.)
CURVE()
GEOMETRIC_REPRESENTATION_ITEM()
RATIONAL_B_SPLINE_CURVE((1.,1.,1.,1.,1.,1.,1.,1.,1.,1.,1.,1.,1.,1.,1.,1.,
1.,1.,1.,1.,1.,1.,1.,1.,1.,1.,1.))
REPRESENTATION_ITEM('')
);
#1137=(
BOUNDED_CURVE()
B_SPLINE_CURVE(1,(#10306,#10307),.UNSPECIFIED.,.F.,.F.)
B_SPLINE_CURVE_WITH_KNOTS((2,2),(0.,1.),.PIECEWISE_BEZIER_KNOTS.)
CURVE()
GEOMETRIC_REPRESENTATION_ITEM()
RATIONAL_B_SPLINE_CURVE((1.,1.))
REPRESENTATION_ITEM('')
);
#1138=(
BOUNDED_CURVE()
B_SPLINE_CURVE(1,(#10311,#10312),.UNSPECIFIED.,.F.,.F.)
B_SPLINE_CURVE_WITH_KNOTS((2,2),(0.,1.),.PIECEWISE_BEZIER_KNOTS.)
CURVE()
GEOMETRIC_REPRESENTATION_ITEM()
RATIONAL_B_SPLINE_CURVE((1.,1.))
REPRESENTATION_ITEM('')
);
#1139=(
BOUNDED_CURVE()
B_SPLINE_CURVE(3,(#10457,#10458,#10459,#10460,#10461,#10462,#10463),
 .UNSPECIFIED.,.T.,.F.)
B_SPLINE_CURVE_WITH_KNOTS((4,3,4),(0.,0.5,1.),.PIECEWISE_BEZIER_KNOTS.)
CURVE()
GEOMETRIC_REPRESENTATION_ITEM()
RATIONAL_B_SPLINE_CURVE((1.,0.333333333333333,0.333333333333333,1.,0.333333333333333,
0.333333333333333,1.))
REPRESENTATION_ITEM('')
);
#1140=(
BOUNDED_CURVE()
B_SPLINE_CURVE(3,(#10466,#10467,#10468,#10469,#10470,#10471,#10472),
 .UNSPECIFIED.,.T.,.F.)
B_SPLINE_CURVE_WITH_KNOTS((4,3,4),(0.,0.5,1.),.PIECEWISE_BEZIER_KNOTS.)
CURVE()
GEOMETRIC_REPRESENTATION_ITEM()
RATIONAL_B_SPLINE_CURVE((1.,0.333333333333333,0.333333333333333,1.,0.333333333333333,
0.333333333333333,1.))
REPRESENTATION_ITEM('')
);
#1141=(
BOUNDED_CURVE()
B_SPLINE_CURVE(3,(#10474,#10475,#10476,#10477,#10478,#10479,#10480),
 .UNSPECIFIED.,.T.,.F.)
B_SPLINE_CURVE_WITH_KNOTS((4,3,4),(0.,0.5,1.),.PIECEWISE_BEZIER_KNOTS.)
CURVE()
GEOMETRIC_REPRESENTATION_ITEM()
RATIONAL_B_SPLINE_CURVE((1.,0.333333333333333,0.333333333333333,1.,0.333333333333333,
0.333333333333333,1.))
REPRESENTATION_ITEM('')
);
#1142=(
BOUNDED_CURVE()
B_SPLINE_CURVE(3,(#10482,#10483,#10484,#10485,#10486,#10487,#10488),
 .UNSPECIFIED.,.T.,.F.)
B_SPLINE_CURVE_WITH_KNOTS((4,3,4),(0.,0.5,1.),.PIECEWISE_BEZIER_KNOTS.)
CURVE()
GEOMETRIC_REPRESENTATION_ITEM()
RATIONAL_B_SPLINE_CURVE((1.,0.333333333333333,0.333333333333333,1.,0.333333333333333,
0.333333333333333,1.))
REPRESENTATION_ITEM('')
);
#1143=(
BOUNDED_CURVE()
B_SPLINE_CURVE(3,(#10505,#10506,#10507,#10508,#10509,#10510,#10511),
 .UNSPECIFIED.,.T.,.F.)
B_SPLINE_CURVE_WITH_KNOTS((4,3,4),(0.,0.5,1.),.PIECEWISE_BEZIER_KNOTS.)
CURVE()
GEOMETRIC_REPRESENTATION_ITEM()
RATIONAL_B_SPLINE_CURVE((1.,0.333333333333333,0.333333333333333,1.,0.333333333333333,
0.333333333333333,1.))
REPRESENTATION_ITEM('')
);
#1144=(
BOUNDED_CURVE()
B_SPLINE_CURVE(3,(#10512,#10513,#10514,#10515,#10516,#10517,#10518),
 .UNSPECIFIED.,.T.,.F.)
B_SPLINE_CURVE_WITH_KNOTS((4,3,4),(0.,0.5,1.),.PIECEWISE_BEZIER_KNOTS.)
CURVE()
GEOMETRIC_REPRESENTATION_ITEM()
RATIONAL_B_SPLINE_CURVE((1.,0.333333333333333,0.333333333333333,1.,0.333333333333333,
0.333333333333333,1.))
REPRESENTATION_ITEM('')
);
#1145=(
BOUNDED_CURVE()
B_SPLINE_CURVE(3,(#10535,#10536,#10537,#10538,#10539,#10540,#10541),
 .UNSPECIFIED.,.T.,.F.)
B_SPLINE_CURVE_WITH_KNOTS((4,3,4),(0.,0.5,1.),.PIECEWISE_BEZIER_KNOTS.)
CURVE()
GEOMETRIC_REPRESENTATION_ITEM()
RATIONAL_B_SPLINE_CURVE((1.,0.333333333333333,0.333333333333333,1.,0.333333333333333,
0.333333333333333,1.))
REPRESENTATION_ITEM('')
);
#1146=(
BOUNDED_CURVE()
B_SPLINE_CURVE(3,(#10542,#10543,#10544,#10545,#10546,#10547,#10548),
 .UNSPECIFIED.,.T.,.F.)
B_SPLINE_CURVE_WITH_KNOTS((4,3,4),(0.,0.5,1.),.PIECEWISE_BEZIER_KNOTS.)
CURVE()
GEOMETRIC_REPRESENTATION_ITEM()
RATIONAL_B_SPLINE_CURVE((1.,0.333333333333333,0.333333333333333,1.,0.333333333333333,
0.333333333333333,1.))
REPRESENTATION_ITEM('')
);
#1147=(
BOUNDED_CURVE()
B_SPLINE_CURVE(1,(#10577,#10578),.UNSPECIFIED.,.F.,.F.)
B_SPLINE_CURVE_WITH_KNOTS((2,2),(0.,1.),.PIECEWISE_BEZIER_KNOTS.)
CURVE()
GEOMETRIC_REPRESENTATION_ITEM()
RATIONAL_B_SPLINE_CURVE((1.,1.))
REPRESENTATION_ITEM('')
);
#1148=(
BOUNDED_CURVE()
B_SPLINE_CURVE(1,(#10582,#10583),.UNSPECIFIED.,.F.,.F.)
B_SPLINE_CURVE_WITH_KNOTS((2,2),(0.,1.),.PIECEWISE_BEZIER_KNOTS.)
CURVE()
GEOMETRIC_REPRESENTATION_ITEM()
RATIONAL_B_SPLINE_CURVE((1.,1.))
REPRESENTATION_ITEM('')
);
#1149=(
BOUNDED_CURVE()
B_SPLINE_CURVE(1,(#10595,#10596),.UNSPECIFIED.,.F.,.F.)
B_SPLINE_CURVE_WITH_KNOTS((2,2),(0.,1.),.PIECEWISE_BEZIER_KNOTS.)
CURVE()
GEOMETRIC_REPRESENTATION_ITEM()
RATIONAL_B_SPLINE_CURVE((1.,1.))
REPRESENTATION_ITEM('')
);
#1150=(
BOUNDED_CURVE()
B_SPLINE_CURVE(1,(#10600,#10601),.UNSPECIFIED.,.F.,.F.)
B_SPLINE_CURVE_WITH_KNOTS((2,2),(0.,1.),.PIECEWISE_BEZIER_KNOTS.)
CURVE()
GEOMETRIC_REPRESENTATION_ITEM()
RATIONAL_B_SPLINE_CURVE((1.,1.))
REPRESENTATION_ITEM('')
);
#1151=(
BOUNDED_CURVE()
B_SPLINE_CURVE(1,(#10642,#10643),.UNSPECIFIED.,.F.,.F.)
B_SPLINE_CURVE_WITH_KNOTS((2,2),(0.,1.),.PIECEWISE_BEZIER_KNOTS.)
CURVE()
GEOMETRIC_REPRESENTATION_ITEM()
RATIONAL_B_SPLINE_CURVE((1.,1.))
REPRESENTATION_ITEM('')
);
#1152=(
BOUNDED_CURVE()
B_SPLINE_CURVE(1,(#10647,#10648),.UNSPECIFIED.,.F.,.F.)
B_SPLINE_CURVE_WITH_KNOTS((2,2),(0.,1.),.PIECEWISE_BEZIER_KNOTS.)
CURVE()
GEOMETRIC_REPRESENTATION_ITEM()
RATIONAL_B_SPLINE_CURVE((1.,1.))
REPRESENTATION_ITEM('')
);
#1153=(
BOUNDED_CURVE()
B_SPLINE_CURVE(3,(#10900,#10901,#10902,#10903),.UNSPECIFIED.,.F.,.F.)
B_SPLINE_CURVE_WITH_KNOTS((4,4),(0.,1.),.PIECEWISE_BEZIER_KNOTS.)
CURVE()
GEOMETRIC_REPRESENTATION_ITEM()
RATIONAL_B_SPLINE_CURVE((1.,0.708055585234754,0.708055585234754,1.))
REPRESENTATION_ITEM('')
);
#1154=(
BOUNDED_CURVE()
B_SPLINE_CURVE(3,(#10907,#10908,#10909,#10910),.UNSPECIFIED.,.F.,.F.)
B_SPLINE_CURVE_WITH_KNOTS((4,4),(0.,1.),.PIECEWISE_BEZIER_KNOTS.)
CURVE()
GEOMETRIC_REPRESENTATION_ITEM()
RATIONAL_B_SPLINE_CURVE((1.,0.708055585234754,0.708055585234754,1.))
REPRESENTATION_ITEM('')
);
#1155=(
BOUNDED_CURVE()
B_SPLINE_CURVE(1,(#10920,#10921),.UNSPECIFIED.,.F.,.F.)
B_SPLINE_CURVE_WITH_KNOTS((2,2),(0.,1.),.PIECEWISE_BEZIER_KNOTS.)
CURVE()
GEOMETRIC_REPRESENTATION_ITEM()
RATIONAL_B_SPLINE_CURVE((1.,1.))
REPRESENTATION_ITEM('')
);
#1156=(
BOUNDED_CURVE()
B_SPLINE_CURVE(1,(#10925,#10926),.UNSPECIFIED.,.F.,.F.)
B_SPLINE_CURVE_WITH_KNOTS((2,2),(0.,1.),.PIECEWISE_BEZIER_KNOTS.)
CURVE()
GEOMETRIC_REPRESENTATION_ITEM()
RATIONAL_B_SPLINE_CURVE((1.,1.))
REPRESENTATION_ITEM('')
);
#1157=(
BOUNDED_CURVE()
B_SPLINE_CURVE(3,(#10958,#10959,#10960,#10961),.UNSPECIFIED.,.F.,.F.)
B_SPLINE_CURVE_WITH_KNOTS((4,4),(0.,1.),.PIECEWISE_BEZIER_KNOTS.)
CURVE()
GEOMETRIC_REPRESENTATION_ITEM()
RATIONAL_B_SPLINE_CURVE((1.,0.708055585234754,0.708055585234754,1.))
REPRESENTATION_ITEM('')
);
#1158=(
BOUNDED_CURVE()
B_SPLINE_CURVE(3,(#10963,#10964,#10965,#10966),.UNSPECIFIED.,.F.,.F.)
B_SPLINE_CURVE_WITH_KNOTS((4,4),(0.,1.),.PIECEWISE_BEZIER_KNOTS.)
CURVE()
GEOMETRIC_REPRESENTATION_ITEM()
RATIONAL_B_SPLINE_CURVE((1.,0.708055585234754,0.708055585234754,1.))
REPRESENTATION_ITEM('')
);
#1159=(
BOUNDED_CURVE()
B_SPLINE_CURVE(3,(#11076,#11077,#11078,#11079,#11080,#11081,#11082),
 .UNSPECIFIED.,.T.,.F.)
B_SPLINE_CURVE_WITH_KNOTS((4,3,4),(0.,0.5,1.),.PIECEWISE_BEZIER_KNOTS.)
CURVE()
GEOMETRIC_REPRESENTATION_ITEM()
RATIONAL_B_SPLINE_CURVE((1.,0.333333333333333,0.333333333333333,1.,0.333333333333333,
0.333333333333333,1.))
REPRESENTATION_ITEM('')
);
#1160=(
BOUNDED_CURVE()
B_SPLINE_CURVE(3,(#11118,#11119,#11120,#11121,#11122,#11123,#11124),
 .UNSPECIFIED.,.T.,.F.)
B_SPLINE_CURVE_WITH_KNOTS((4,3,4),(0.,0.5,1.),.PIECEWISE_BEZIER_KNOTS.)
CURVE()
GEOMETRIC_REPRESENTATION_ITEM()
RATIONAL_B_SPLINE_CURVE((1.,0.333333333333333,0.333333333333333,1.,0.333333333333333,
0.333333333333333,1.))
REPRESENTATION_ITEM('')
);
#1161=ORIENTED_EDGE('',*,*,#2821,.F.);
#1162=ORIENTED_EDGE('',*,*,#2822,.T.);
#1163=ORIENTED_EDGE('',*,*,#2823,.T.);
#1164=ORIENTED_EDGE('',*,*,#2824,.F.);
#1165=ORIENTED_EDGE('',*,*,#2825,.T.);
#1166=ORIENTED_EDGE('',*,*,#2826,.T.);
#1167=ORIENTED_EDGE('',*,*,#2827,.F.);
#1168=ORIENTED_EDGE('',*,*,#2828,.F.);
#1169=ORIENTED_EDGE('',*,*,#2826,.F.);
#1170=ORIENTED_EDGE('',*,*,#2829,.T.);
#1171=ORIENTED_EDGE('',*,*,#2828,.T.);
#1172=ORIENTED_EDGE('',*,*,#2830,.F.);
#1173=ORIENTED_EDGE('',*,*,#2825,.F.);
#1174=ORIENTED_EDGE('',*,*,#2829,.F.);
#1175=ORIENTED_EDGE('',*,*,#2831,.T.);
#1176=ORIENTED_EDGE('',*,*,#2821,.T.);
#1177=ORIENTED_EDGE('',*,*,#2822,.F.);
#1178=ORIENTED_EDGE('',*,*,#2831,.F.);
#1179=ORIENTED_EDGE('',*,*,#2824,.T.);
#1180=ORIENTED_EDGE('',*,*,#2832,.T.);
#1181=ORIENTED_EDGE('',*,*,#2832,.F.);
#1182=ORIENTED_EDGE('',*,*,#2823,.F.);
#1183=ORIENTED_EDGE('',*,*,#2827,.T.);
#1184=ORIENTED_EDGE('',*,*,#2830,.T.);
#1185=ORIENTED_EDGE('',*,*,#2833,.T.);
#1186=ORIENTED_EDGE('',*,*,#2834,.T.);
#1187=ORIENTED_EDGE('',*,*,#2835,.F.);
#1188=ORIENTED_EDGE('',*,*,#2836,.T.);
#1189=ORIENTED_EDGE('',*,*,#2837,.T.);
#1190=ORIENTED_EDGE('',*,*,#2838,.T.);
#1191=ORIENTED_EDGE('',*,*,#2839,.F.);
#1192=ORIENTED_EDGE('',*,*,#2840,.T.);
#1193=ORIENTED_EDGE('',*,*,#2841,.F.);
#1194=ORIENTED_EDGE('',*,*,#2842,.F.);
#1195=ORIENTED_EDGE('',*,*,#2843,.F.);
#1196=ORIENTED_EDGE('',*,*,#2844,.T.);
#1197=ORIENTED_EDGE('',*,*,#2845,.F.);
#1198=ORIENTED_EDGE('',*,*,#2846,.T.);
#1199=ORIENTED_EDGE('',*,*,#2847,.F.);
#1200=ORIENTED_EDGE('',*,*,#2848,.T.);
#1201=ORIENTED_EDGE('',*,*,#2849,.F.);
#1202=ORIENTED_EDGE('',*,*,#2850,.T.);
#1203=ORIENTED_EDGE('',*,*,#2851,.T.);
#1204=ORIENTED_EDGE('',*,*,#2852,.F.);
#1205=ORIENTED_EDGE('',*,*,#2853,.F.);
#1206=ORIENTED_EDGE('',*,*,#2854,.F.);
#1207=ORIENTED_EDGE('',*,*,#2855,.F.);
#1208=ORIENTED_EDGE('',*,*,#2856,.F.);
#1209=ORIENTED_EDGE('',*,*,#2857,.T.);
#1210=ORIENTED_EDGE('',*,*,#2858,.F.);
#1211=ORIENTED_EDGE('',*,*,#2859,.T.);
#1212=ORIENTED_EDGE('',*,*,#2860,.T.);
#1213=ORIENTED_EDGE('',*,*,#2861,.T.);
#1214=ORIENTED_EDGE('',*,*,#2862,.F.);
#1215=ORIENTED_EDGE('',*,*,#2863,.T.);
#1216=ORIENTED_EDGE('',*,*,#2864,.T.);
#1217=ORIENTED_EDGE('',*,*,#2865,.T.);
#1218=ORIENTED_EDGE('',*,*,#2866,.F.);
#1219=ORIENTED_EDGE('',*,*,#2867,.F.);
#1220=ORIENTED_EDGE('',*,*,#2868,.T.);
#1221=ORIENTED_EDGE('',*,*,#2869,.T.);
#1222=ORIENTED_EDGE('',*,*,#2870,.T.);
#1223=ORIENTED_EDGE('',*,*,#2871,.F.);
#1224=ORIENTED_EDGE('',*,*,#2872,.F.);
#1225=ORIENTED_EDGE('',*,*,#2873,.T.);
#1226=ORIENTED_EDGE('',*,*,#2874,.T.);
#1227=ORIENTED_EDGE('',*,*,#2875,.F.);
#1228=ORIENTED_EDGE('',*,*,#2876,.F.);
#1229=ORIENTED_EDGE('',*,*,#2877,.T.);
#1230=ORIENTED_EDGE('',*,*,#2878,.T.);
#1231=ORIENTED_EDGE('',*,*,#2879,.F.);
#1232=ORIENTED_EDGE('',*,*,#2880,.F.);
#1233=ORIENTED_EDGE('',*,*,#2870,.F.);
#1234=ORIENTED_EDGE('',*,*,#2881,.T.);
#1235=ORIENTED_EDGE('',*,*,#2880,.T.);
#1236=ORIENTED_EDGE('',*,*,#2882,.F.);
#1237=ORIENTED_EDGE('',*,*,#2883,.F.);
#1238=ORIENTED_EDGE('',*,*,#2884,.T.);
#1239=ORIENTED_EDGE('',*,*,#2876,.T.);
#1240=ORIENTED_EDGE('',*,*,#2885,.F.);
#1241=ORIENTED_EDGE('',*,*,#2874,.F.);
#1242=ORIENTED_EDGE('',*,*,#2886,.T.);
#1243=ORIENTED_EDGE('',*,*,#2887,.T.);
#1244=ORIENTED_EDGE('',*,*,#2888,.F.);
#1245=ORIENTED_EDGE('',*,*,#2889,.T.);
#1246=ORIENTED_EDGE('',*,*,#2890,.F.);
#1247=ORIENTED_EDGE('',*,*,#2891,.F.);
#1248=ORIENTED_EDGE('',*,*,#2892,.T.);
#1249=ORIENTED_EDGE('',*,*,#2893,.T.);
#1250=ORIENTED_EDGE('',*,*,#2894,.F.);
#1251=ORIENTED_EDGE('',*,*,#2895,.T.);
#1252=ORIENTED_EDGE('',*,*,#2896,.T.);
#1253=ORIENTED_EDGE('',*,*,#2897,.T.);
#1254=ORIENTED_EDGE('',*,*,#2898,.F.);
#1255=ORIENTED_EDGE('',*,*,#2899,.T.);
#1256=ORIENTED_EDGE('',*,*,#2900,.T.);
#1257=ORIENTED_EDGE('',*,*,#2846,.F.);
#1258=ORIENTED_EDGE('',*,*,#2901,.F.);
#1259=ORIENTED_EDGE('',*,*,#2856,.T.);
#1260=ORIENTED_EDGE('',*,*,#2902,.F.);
#1261=ORIENTED_EDGE('',*,*,#2903,.T.);
#1262=ORIENTED_EDGE('',*,*,#2904,.F.);
#1263=ORIENTED_EDGE('',*,*,#2852,.T.);
#1264=ORIENTED_EDGE('',*,*,#2905,.T.);
#1265=ORIENTED_EDGE('',*,*,#2850,.F.);
#1266=ORIENTED_EDGE('',*,*,#2906,.F.);
#1267=ORIENTED_EDGE('',*,*,#2907,.F.);
#1268=ORIENTED_EDGE('',*,*,#2908,.F.);
#1269=ORIENTED_EDGE('',*,*,#2909,.F.);
#1270=ORIENTED_EDGE('',*,*,#2910,.F.);
#1271=ORIENTED_EDGE('',*,*,#2911,.F.);
#1272=ORIENTED_EDGE('',*,*,#2912,.T.);
#1273=ORIENTED_EDGE('',*,*,#2913,.T.);
#1274=ORIENTED_EDGE('',*,*,#2914,.T.);
#1275=ORIENTED_EDGE('',*,*,#2915,.F.);
#1276=ORIENTED_EDGE('',*,*,#2916,.T.);
#1277=ORIENTED_EDGE('',*,*,#2917,.T.);
#1278=ORIENTED_EDGE('',*,*,#2918,.T.);
#1279=ORIENTED_EDGE('',*,*,#2919,.F.);
#1280=ORIENTED_EDGE('',*,*,#2920,.T.);
#1281=ORIENTED_EDGE('',*,*,#2875,.T.);
#1282=ORIENTED_EDGE('',*,*,#2885,.T.);
#1283=ORIENTED_EDGE('',*,*,#2905,.F.);
#1284=ORIENTED_EDGE('',*,*,#2851,.F.);
#1285=ORIENTED_EDGE('',*,*,#2901,.T.);
#1286=ORIENTED_EDGE('',*,*,#2845,.T.);
#1287=ORIENTED_EDGE('',*,*,#2869,.F.);
#1288=ORIENTED_EDGE('',*,*,#2881,.F.);
#1289=ORIENTED_EDGE('',*,*,#2921,.F.);
#1290=ORIENTED_EDGE('',*,*,#2916,.F.);
#1291=ORIENTED_EDGE('',*,*,#2922,.T.);
#1292=ORIENTED_EDGE('',*,*,#2857,.F.);
#1293=ORIENTED_EDGE('',*,*,#2923,.T.);
#1294=ORIENTED_EDGE('',*,*,#2914,.F.);
#1295=ORIENTED_EDGE('',*,*,#2924,.F.);
#1296=ORIENTED_EDGE('',*,*,#2859,.F.);
#1297=ORIENTED_EDGE('',*,*,#2924,.T.);
#1298=ORIENTED_EDGE('',*,*,#2913,.F.);
#1299=ORIENTED_EDGE('',*,*,#2921,.T.);
#1300=ORIENTED_EDGE('',*,*,#2860,.F.);
#1301=ORIENTED_EDGE('',*,*,#2858,.T.);
#1302=ORIENTED_EDGE('',*,*,#2922,.F.);
#1303=ORIENTED_EDGE('',*,*,#2915,.T.);
#1304=ORIENTED_EDGE('',*,*,#2923,.F.);
#1305=ORIENTED_EDGE('',*,*,#2911,.T.);
#1306=ORIENTED_EDGE('',*,*,#2925,.F.);
#1307=ORIENTED_EDGE('',*,*,#2866,.T.);
#1308=ORIENTED_EDGE('',*,*,#2926,.T.);
#1309=ORIENTED_EDGE('',*,*,#2909,.T.);
#1310=ORIENTED_EDGE('',*,*,#2927,.T.);
#1311=ORIENTED_EDGE('',*,*,#2868,.F.);
#1312=ORIENTED_EDGE('',*,*,#2928,.F.);
#1313=ORIENTED_EDGE('',*,*,#2927,.F.);
#1314=ORIENTED_EDGE('',*,*,#2912,.F.);
#1315=ORIENTED_EDGE('',*,*,#2926,.F.);
#1316=ORIENTED_EDGE('',*,*,#2865,.F.);
#1317=ORIENTED_EDGE('',*,*,#2867,.T.);
#1318=ORIENTED_EDGE('',*,*,#2925,.T.);
#1319=ORIENTED_EDGE('',*,*,#2910,.T.);
#1320=ORIENTED_EDGE('',*,*,#2928,.T.);
#1321=ORIENTED_EDGE('',*,*,#2929,.F.);
#1322=ORIENTED_EDGE('',*,*,#2920,.F.);
#1323=ORIENTED_EDGE('',*,*,#2930,.T.);
#1324=ORIENTED_EDGE('',*,*,#2861,.F.);
#1325=ORIENTED_EDGE('',*,*,#2931,.T.);
#1326=ORIENTED_EDGE('',*,*,#2918,.F.);
#1327=ORIENTED_EDGE('',*,*,#2932,.F.);
#1328=ORIENTED_EDGE('',*,*,#2863,.F.);
#1329=ORIENTED_EDGE('',*,*,#2932,.T.);
#1330=ORIENTED_EDGE('',*,*,#2917,.F.);
#1331=ORIENTED_EDGE('',*,*,#2929,.T.);
#1332=ORIENTED_EDGE('',*,*,#2864,.F.);
#1333=ORIENTED_EDGE('',*,*,#2862,.T.);
#1334=ORIENTED_EDGE('',*,*,#2930,.F.);
#1335=ORIENTED_EDGE('',*,*,#2919,.T.);
#1336=ORIENTED_EDGE('',*,*,#2931,.F.);
#1337=ORIENTED_EDGE('',*,*,#2847,.T.);
#1338=ORIENTED_EDGE('',*,*,#2908,.T.);
#1339=ORIENTED_EDGE('',*,*,#2933,.F.);
#1340=ORIENTED_EDGE('',*,*,#2871,.T.);
#1341=ORIENTED_EDGE('',*,*,#2888,.T.);
#1342=ORIENTED_EDGE('',*,*,#2934,.T.);
#1343=ORIENTED_EDGE('',*,*,#2906,.T.);
#1344=ORIENTED_EDGE('',*,*,#2849,.T.);
#1345=ORIENTED_EDGE('',*,*,#2935,.T.);
#1346=ORIENTED_EDGE('',*,*,#2886,.F.);
#1347=ORIENTED_EDGE('',*,*,#2873,.F.);
#1348=ORIENTED_EDGE('',*,*,#2936,.F.);
#1349=ORIENTED_EDGE('',*,*,#2935,.F.);
#1350=ORIENTED_EDGE('',*,*,#2848,.F.);
#1351=ORIENTED_EDGE('',*,*,#2934,.F.);
#1352=ORIENTED_EDGE('',*,*,#2887,.F.);
#1353=ORIENTED_EDGE('',*,*,#2872,.T.);
#1354=ORIENTED_EDGE('',*,*,#2933,.T.);
#1355=ORIENTED_EDGE('',*,*,#2907,.T.);
#1356=ORIENTED_EDGE('',*,*,#2936,.T.);
#1357=ORIENTED_EDGE('',*,*,#2937,.F.);
#1358=ORIENTED_EDGE('',*,*,#2840,.F.);
#1359=ORIENTED_EDGE('',*,*,#2938,.T.);
#1360=ORIENTED_EDGE('',*,*,#2897,.F.);
#1361=ORIENTED_EDGE('',*,*,#2939,.T.);
#1362=ORIENTED_EDGE('',*,*,#2838,.F.);
#1363=ORIENTED_EDGE('',*,*,#2940,.F.);
#1364=ORIENTED_EDGE('',*,*,#2899,.F.);
#1365=ORIENTED_EDGE('',*,*,#2940,.T.);
#1366=ORIENTED_EDGE('',*,*,#2837,.F.);
#1367=ORIENTED_EDGE('',*,*,#2937,.T.);
#1368=ORIENTED_EDGE('',*,*,#2900,.F.);
#1369=ORIENTED_EDGE('',*,*,#2898,.T.);
#1370=ORIENTED_EDGE('',*,*,#2938,.F.);
#1371=ORIENTED_EDGE('',*,*,#2839,.T.);
#1372=ORIENTED_EDGE('',*,*,#2939,.F.);
#1373=ORIENTED_EDGE('',*,*,#2843,.T.);
#1374=ORIENTED_EDGE('',*,*,#2941,.F.);
#1375=ORIENTED_EDGE('',*,*,#2890,.T.);
#1376=ORIENTED_EDGE('',*,*,#2942,.T.);
#1377=ORIENTED_EDGE('',*,*,#2841,.T.);
#1378=ORIENTED_EDGE('',*,*,#2943,.T.);
#1379=ORIENTED_EDGE('',*,*,#2892,.F.);
#1380=ORIENTED_EDGE('',*,*,#2944,.F.);
#1381=ORIENTED_EDGE('',*,*,#2943,.F.);
#1382=ORIENTED_EDGE('',*,*,#2844,.F.);
#1383=ORIENTED_EDGE('',*,*,#2942,.F.);
#1384=ORIENTED_EDGE('',*,*,#2889,.F.);
#1385=ORIENTED_EDGE('',*,*,#2891,.T.);
#1386=ORIENTED_EDGE('',*,*,#2941,.T.);
#1387=ORIENTED_EDGE('',*,*,#2842,.T.);
#1388=ORIENTED_EDGE('',*,*,#2944,.T.);
#1389=ORIENTED_EDGE('',*,*,#2945,.F.);
#1390=ORIENTED_EDGE('',*,*,#2836,.F.);
#1391=ORIENTED_EDGE('',*,*,#2946,.T.);
#1392=ORIENTED_EDGE('',*,*,#2893,.F.);
#1393=ORIENTED_EDGE('',*,*,#2947,.T.);
#1394=ORIENTED_EDGE('',*,*,#2834,.F.);
#1395=ORIENTED_EDGE('',*,*,#2948,.F.);
#1396=ORIENTED_EDGE('',*,*,#2895,.F.);
#1397=ORIENTED_EDGE('',*,*,#2948,.T.);
#1398=ORIENTED_EDGE('',*,*,#2833,.F.);
#1399=ORIENTED_EDGE('',*,*,#2945,.T.);
#1400=ORIENTED_EDGE('',*,*,#2896,.F.);
#1401=ORIENTED_EDGE('',*,*,#2894,.T.);
#1402=ORIENTED_EDGE('',*,*,#2946,.F.);
#1403=ORIENTED_EDGE('',*,*,#2835,.T.);
#1404=ORIENTED_EDGE('',*,*,#2947,.F.);
#1405=ORIENTED_EDGE('',*,*,#2883,.T.);
#1406=ORIENTED_EDGE('',*,*,#2949,.T.);
#1407=ORIENTED_EDGE('',*,*,#2854,.T.);
#1408=ORIENTED_EDGE('',*,*,#2950,.T.);
#1409=ORIENTED_EDGE('',*,*,#2951,.F.);
#1410=ORIENTED_EDGE('',*,*,#2903,.F.);
#1411=ORIENTED_EDGE('',*,*,#2952,.F.);
#1412=ORIENTED_EDGE('',*,*,#2878,.F.);
#1413=ORIENTED_EDGE('',*,*,#2853,.T.);
#1414=ORIENTED_EDGE('',*,*,#2904,.T.);
#1415=ORIENTED_EDGE('',*,*,#2951,.T.);
#1416=ORIENTED_EDGE('',*,*,#2877,.F.);
#1417=ORIENTED_EDGE('',*,*,#2884,.F.);
#1418=ORIENTED_EDGE('',*,*,#2950,.F.);
#1419=ORIENTED_EDGE('',*,*,#2902,.T.);
#1420=ORIENTED_EDGE('',*,*,#2855,.T.);
#1421=ORIENTED_EDGE('',*,*,#2949,.F.);
#1422=ORIENTED_EDGE('',*,*,#2882,.T.);
#1423=ORIENTED_EDGE('',*,*,#2879,.T.);
#1424=ORIENTED_EDGE('',*,*,#2952,.T.);
#1425=ORIENTED_EDGE('',*,*,#2953,.T.);
#1426=ORIENTED_EDGE('',*,*,#2954,.T.);
#1427=ORIENTED_EDGE('',*,*,#2955,.F.);
#1428=ORIENTED_EDGE('',*,*,#2956,.F.);
#1429=ORIENTED_EDGE('',*,*,#2957,.F.);
#1430=ORIENTED_EDGE('',*,*,#2958,.T.);
#1431=ORIENTED_EDGE('',*,*,#2959,.T.);
#1432=ORIENTED_EDGE('',*,*,#2960,.F.);
#1433=ORIENTED_EDGE('',*,*,#2961,.F.);
#1434=ORIENTED_EDGE('',*,*,#2962,.T.);
#1435=ORIENTED_EDGE('',*,*,#2963,.T.);
#1436=ORIENTED_EDGE('',*,*,#2964,.F.);
#1437=ORIENTED_EDGE('',*,*,#2965,.F.);
#1438=ORIENTED_EDGE('',*,*,#2966,.T.);
#1439=ORIENTED_EDGE('',*,*,#2967,.T.);
#1440=ORIENTED_EDGE('',*,*,#2968,.F.);
#1441=ORIENTED_EDGE('',*,*,#2969,.F.);
#1442=ORIENTED_EDGE('',*,*,#2962,.F.);
#1443=ORIENTED_EDGE('',*,*,#2970,.T.);
#1444=ORIENTED_EDGE('',*,*,#2964,.T.);
#1445=ORIENTED_EDGE('',*,*,#2963,.F.);
#1446=ORIENTED_EDGE('',*,*,#2969,.T.);
#1447=ORIENTED_EDGE('',*,*,#2961,.T.);
#1448=ORIENTED_EDGE('',*,*,#2970,.F.);
#1449=ORIENTED_EDGE('',*,*,#2971,.F.);
#1450=ORIENTED_EDGE('',*,*,#2972,.F.);
#1451=ORIENTED_EDGE('',*,*,#2973,.T.);
#1452=ORIENTED_EDGE('',*,*,#2974,.T.);
#1453=ORIENTED_EDGE('',*,*,#2975,.F.);
#1454=ORIENTED_EDGE('',*,*,#2971,.T.);
#1455=ORIENTED_EDGE('',*,*,#2976,.T.);
#1456=ORIENTED_EDGE('',*,*,#2973,.F.);
#1457=ORIENTED_EDGE('',*,*,#2977,.F.);
#1458=ORIENTED_EDGE('',*,*,#2978,.F.);
#1459=ORIENTED_EDGE('',*,*,#2979,.T.);
#1460=ORIENTED_EDGE('',*,*,#2980,.T.);
#1461=ORIENTED_EDGE('',*,*,#2981,.F.);
#1462=ORIENTED_EDGE('',*,*,#2977,.T.);
#1463=ORIENTED_EDGE('',*,*,#2982,.T.);
#1464=ORIENTED_EDGE('',*,*,#2979,.F.);
#1465=ORIENTED_EDGE('',*,*,#2966,.F.);
#1466=ORIENTED_EDGE('',*,*,#2983,.F.);
#1467=ORIENTED_EDGE('',*,*,#2968,.T.);
#1468=ORIENTED_EDGE('',*,*,#2984,.T.);
#1469=ORIENTED_EDGE('',*,*,#2976,.F.);
#1470=ORIENTED_EDGE('',*,*,#2972,.T.);
#1471=ORIENTED_EDGE('',*,*,#2975,.T.);
#1472=ORIENTED_EDGE('',*,*,#2974,.F.);
#1473=ORIENTED_EDGE('',*,*,#2982,.F.);
#1474=ORIENTED_EDGE('',*,*,#2978,.T.);
#1475=ORIENTED_EDGE('',*,*,#2981,.T.);
#1476=ORIENTED_EDGE('',*,*,#2980,.F.);
#1477=ORIENTED_EDGE('',*,*,#2954,.F.);
#1478=ORIENTED_EDGE('',*,*,#2985,.T.);
#1479=ORIENTED_EDGE('',*,*,#2956,.T.);
#1480=ORIENTED_EDGE('',*,*,#2986,.F.);
#1481=ORIENTED_EDGE('',*,*,#2953,.F.);
#1482=ORIENTED_EDGE('',*,*,#2985,.F.);
#1483=ORIENTED_EDGE('',*,*,#2983,.T.);
#1484=ORIENTED_EDGE('',*,*,#2965,.T.);
#1485=ORIENTED_EDGE('',*,*,#2984,.F.);
#1486=ORIENTED_EDGE('',*,*,#2967,.F.);
#1487=ORIENTED_EDGE('',*,*,#2955,.T.);
#1488=ORIENTED_EDGE('',*,*,#2986,.T.);
#1489=ORIENTED_EDGE('',*,*,#2987,.F.);
#1490=ORIENTED_EDGE('',*,*,#2958,.F.);
#1491=ORIENTED_EDGE('',*,*,#2988,.T.);
#1492=ORIENTED_EDGE('',*,*,#2960,.T.);
#1493=ORIENTED_EDGE('',*,*,#2957,.T.);
#1494=ORIENTED_EDGE('',*,*,#2988,.F.);
#1495=ORIENTED_EDGE('',*,*,#2959,.F.);
#1496=ORIENTED_EDGE('',*,*,#2987,.T.);
#1497=ORIENTED_EDGE('',*,*,#2989,.T.);
#1498=ORIENTED_EDGE('',*,*,#2990,.T.);
#1499=ORIENTED_EDGE('',*,*,#2991,.F.);
#1500=ORIENTED_EDGE('',*,*,#2992,.F.);
#1501=ORIENTED_EDGE('',*,*,#2993,.F.);
#1502=ORIENTED_EDGE('',*,*,#2994,.T.);
#1503=ORIENTED_EDGE('',*,*,#2995,.T.);
#1504=ORIENTED_EDGE('',*,*,#2996,.F.);
#1505=ORIENTED_EDGE('',*,*,#2989,.F.);
#1506=ORIENTED_EDGE('',*,*,#2997,.F.);
#1507=ORIENTED_EDGE('',*,*,#2998,.T.);
#1508=ORIENTED_EDGE('',*,*,#2993,.T.);
#1509=ORIENTED_EDGE('',*,*,#2994,.F.);
#1510=ORIENTED_EDGE('',*,*,#2998,.F.);
#1511=ORIENTED_EDGE('',*,*,#2996,.T.);
#1512=ORIENTED_EDGE('',*,*,#2999,.T.);
#1513=ORIENTED_EDGE('',*,*,#2999,.F.);
#1514=ORIENTED_EDGE('',*,*,#2995,.F.);
#1515=ORIENTED_EDGE('',*,*,#2991,.T.);
#1516=ORIENTED_EDGE('',*,*,#3000,.T.);
#1517=ORIENTED_EDGE('',*,*,#2990,.F.);
#1518=ORIENTED_EDGE('',*,*,#2997,.T.);
#1519=ORIENTED_EDGE('',*,*,#2992,.T.);
#1520=ORIENTED_EDGE('',*,*,#3000,.F.);
#1521=ORIENTED_EDGE('',*,*,#3001,.F.);
#1522=ORIENTED_EDGE('',*,*,#3002,.T.);
#1523=ORIENTED_EDGE('',*,*,#3003,.T.);
#1524=ORIENTED_EDGE('',*,*,#3004,.F.);
#1525=ORIENTED_EDGE('',*,*,#3005,.F.);
#1526=ORIENTED_EDGE('',*,*,#3006,.T.);
#1527=ORIENTED_EDGE('',*,*,#3007,.T.);
#1528=ORIENTED_EDGE('',*,*,#3008,.F.);
#1529=ORIENTED_EDGE('',*,*,#3009,.F.);
#1530=ORIENTED_EDGE('',*,*,#3010,.T.);
#1531=ORIENTED_EDGE('',*,*,#3011,.F.);
#1532=ORIENTED_EDGE('',*,*,#3012,.T.);
#1533=ORIENTED_EDGE('',*,*,#3013,.T.);
#1534=ORIENTED_EDGE('',*,*,#3014,.F.);
#1535=ORIENTED_EDGE('',*,*,#3015,.F.);
#1536=ORIENTED_EDGE('',*,*,#3013,.F.);
#1537=ORIENTED_EDGE('',*,*,#3016,.T.);
#1538=ORIENTED_EDGE('',*,*,#3015,.T.);
#1539=ORIENTED_EDGE('',*,*,#3017,.F.);
#1540=ORIENTED_EDGE('',*,*,#3012,.F.);
#1541=ORIENTED_EDGE('',*,*,#3016,.F.);
#1542=ORIENTED_EDGE('',*,*,#3018,.T.);
#1543=ORIENTED_EDGE('',*,*,#3001,.T.);
#1544=ORIENTED_EDGE('',*,*,#3014,.T.);
#1545=ORIENTED_EDGE('',*,*,#3017,.T.);
#1546=ORIENTED_EDGE('',*,*,#3010,.F.);
#1547=ORIENTED_EDGE('',*,*,#3007,.F.);
#1548=ORIENTED_EDGE('',*,*,#3011,.T.);
#1549=ORIENTED_EDGE('',*,*,#3006,.F.);
#1550=ORIENTED_EDGE('',*,*,#3003,.F.);
#1551=ORIENTED_EDGE('',*,*,#3008,.T.);
#1552=ORIENTED_EDGE('',*,*,#3009,.T.);
#1553=ORIENTED_EDGE('',*,*,#3002,.F.);
#1554=ORIENTED_EDGE('',*,*,#3018,.F.);
#1555=ORIENTED_EDGE('',*,*,#3004,.T.);
#1556=ORIENTED_EDGE('',*,*,#3005,.T.);
#1557=ORIENTED_EDGE('',*,*,#3019,.T.);
#1558=ORIENTED_EDGE('',*,*,#3020,.T.);
#1559=ORIENTED_EDGE('',*,*,#3021,.F.);
#1560=ORIENTED_EDGE('',*,*,#3022,.F.);
#1561=ORIENTED_EDGE('',*,*,#3023,.T.);
#1562=ORIENTED_EDGE('',*,*,#3024,.T.);
#1563=ORIENTED_EDGE('',*,*,#3025,.F.);
#1564=ORIENTED_EDGE('',*,*,#3026,.F.);
#1565=ORIENTED_EDGE('',*,*,#3027,.F.);
#1566=ORIENTED_EDGE('',*,*,#3028,.T.);
#1567=ORIENTED_EDGE('',*,*,#3029,.T.);
#1568=ORIENTED_EDGE('',*,*,#3030,.F.);
#1569=ORIENTED_EDGE('',*,*,#3021,.T.);
#1570=ORIENTED_EDGE('',*,*,#3031,.T.);
#1571=ORIENTED_EDGE('',*,*,#3032,.F.);
#1572=ORIENTED_EDGE('',*,*,#3029,.F.);
#1573=ORIENTED_EDGE('',*,*,#3028,.F.);
#1574=ORIENTED_EDGE('',*,*,#3033,.F.);
#1575=ORIENTED_EDGE('',*,*,#3030,.T.);
#1576=ORIENTED_EDGE('',*,*,#3032,.T.);
#1577=ORIENTED_EDGE('',*,*,#3023,.F.);
#1578=ORIENTED_EDGE('',*,*,#3034,.F.);
#1579=ORIENTED_EDGE('',*,*,#3033,.T.);
#1580=ORIENTED_EDGE('',*,*,#3027,.T.);
#1581=ORIENTED_EDGE('',*,*,#3024,.F.);
#1582=ORIENTED_EDGE('',*,*,#3034,.T.);
#1583=ORIENTED_EDGE('',*,*,#3026,.T.);
#1584=ORIENTED_EDGE('',*,*,#3035,.F.);
#1585=ORIENTED_EDGE('',*,*,#3025,.T.);
#1586=ORIENTED_EDGE('',*,*,#3035,.T.);
#1587=ORIENTED_EDGE('',*,*,#3019,.F.);
#1588=ORIENTED_EDGE('',*,*,#3036,.F.);
#1589=ORIENTED_EDGE('',*,*,#3020,.F.);
#1590=ORIENTED_EDGE('',*,*,#3036,.T.);
#1591=ORIENTED_EDGE('',*,*,#3022,.T.);
#1592=ORIENTED_EDGE('',*,*,#3031,.F.);
#1593=ORIENTED_EDGE('',*,*,#3037,.F.);
#1594=ORIENTED_EDGE('',*,*,#3038,.T.);
#1595=ORIENTED_EDGE('',*,*,#3039,.T.);
#1596=ORIENTED_EDGE('',*,*,#3040,.F.);
#1597=ORIENTED_EDGE('',*,*,#3041,.T.);
#1598=ORIENTED_EDGE('',*,*,#3042,.T.);
#1599=ORIENTED_EDGE('',*,*,#3043,.F.);
#1600=ORIENTED_EDGE('',*,*,#3044,.F.);
#1601=ORIENTED_EDGE('',*,*,#3045,.F.);
#1602=ORIENTED_EDGE('',*,*,#3046,.T.);
#1603=ORIENTED_EDGE('',*,*,#3047,.T.);
#1604=ORIENTED_EDGE('',*,*,#3048,.F.);
#1605=ORIENTED_EDGE('',*,*,#3049,.F.);
#1606=ORIENTED_EDGE('',*,*,#3047,.F.);
#1607=ORIENTED_EDGE('',*,*,#3046,.F.);
#1608=ORIENTED_EDGE('',*,*,#3041,.F.);
#1609=ORIENTED_EDGE('',*,*,#3048,.T.);
#1610=ORIENTED_EDGE('',*,*,#3049,.T.);
#1611=ORIENTED_EDGE('',*,*,#3042,.F.);
#1612=ORIENTED_EDGE('',*,*,#3045,.T.);
#1613=ORIENTED_EDGE('',*,*,#3044,.T.);
#1614=ORIENTED_EDGE('',*,*,#3039,.F.);
#1615=ORIENTED_EDGE('',*,*,#3038,.F.);
#1616=ORIENTED_EDGE('',*,*,#3050,.F.);
#1617=ORIENTED_EDGE('',*,*,#3040,.T.);
#1618=ORIENTED_EDGE('',*,*,#3043,.T.);
#1619=ORIENTED_EDGE('',*,*,#3050,.T.);
#1620=ORIENTED_EDGE('',*,*,#3037,.T.);
#1621=ORIENTED_EDGE('',*,*,#3051,.T.);
#1622=ORIENTED_EDGE('',*,*,#3052,.T.);
#1623=ORIENTED_EDGE('',*,*,#3053,.T.);
#1624=ORIENTED_EDGE('',*,*,#3054,.F.);
#1625=ORIENTED_EDGE('',*,*,#3055,.T.);
#1626=ORIENTED_EDGE('',*,*,#3056,.F.);
#1627=ORIENTED_EDGE('',*,*,#3057,.T.);
#1628=ORIENTED_EDGE('',*,*,#3058,.F.);
#1629=ORIENTED_EDGE('',*,*,#3059,.T.);
#1630=ORIENTED_EDGE('',*,*,#3060,.T.);
#1631=ORIENTED_EDGE('',*,*,#3061,.T.);
#1632=ORIENTED_EDGE('',*,*,#3062,.T.);
#1633=ORIENTED_EDGE('',*,*,#3063,.T.);
#1634=ORIENTED_EDGE('',*,*,#3064,.F.);
#1635=ORIENTED_EDGE('',*,*,#3065,.T.);
#1636=ORIENTED_EDGE('',*,*,#3066,.F.);
#1637=ORIENTED_EDGE('',*,*,#3067,.T.);
#1638=ORIENTED_EDGE('',*,*,#3068,.T.);
#1639=ORIENTED_EDGE('',*,*,#3069,.T.);
#1640=ORIENTED_EDGE('',*,*,#3070,.T.);
#1641=ORIENTED_EDGE('',*,*,#3071,.T.);
#1642=ORIENTED_EDGE('',*,*,#3072,.T.);
#1643=ORIENTED_EDGE('',*,*,#3073,.T.);
#1644=ORIENTED_EDGE('',*,*,#3074,.F.);
#1645=ORIENTED_EDGE('',*,*,#3075,.T.);
#1646=ORIENTED_EDGE('',*,*,#3076,.T.);
#1647=ORIENTED_EDGE('',*,*,#3077,.T.);
#1648=ORIENTED_EDGE('',*,*,#3078,.F.);
#1649=ORIENTED_EDGE('',*,*,#3079,.F.);
#1650=ORIENTED_EDGE('',*,*,#3080,.T.);
#1651=ORIENTED_EDGE('',*,*,#3081,.T.);
#1652=ORIENTED_EDGE('',*,*,#3065,.F.);
#1653=ORIENTED_EDGE('',*,*,#3082,.T.);
#1654=ORIENTED_EDGE('',*,*,#3083,.F.);
#1655=ORIENTED_EDGE('',*,*,#3084,.T.);
#1656=ORIENTED_EDGE('',*,*,#3063,.F.);
#1657=ORIENTED_EDGE('',*,*,#3085,.T.);
#1658=ORIENTED_EDGE('',*,*,#3086,.F.);
#1659=ORIENTED_EDGE('',*,*,#3087,.T.);
#1660=ORIENTED_EDGE('',*,*,#3061,.F.);
#1661=ORIENTED_EDGE('',*,*,#3088,.T.);
#1662=ORIENTED_EDGE('',*,*,#3089,.F.);
#1663=ORIENTED_EDGE('',*,*,#3090,.T.);
#1664=ORIENTED_EDGE('',*,*,#3059,.F.);
#1665=ORIENTED_EDGE('',*,*,#3091,.T.);
#1666=ORIENTED_EDGE('',*,*,#3092,.F.);
#1667=ORIENTED_EDGE('',*,*,#3093,.T.);
#1668=ORIENTED_EDGE('',*,*,#3057,.F.);
#1669=ORIENTED_EDGE('',*,*,#3094,.T.);
#1670=ORIENTED_EDGE('',*,*,#3095,.F.);
#1671=ORIENTED_EDGE('',*,*,#3096,.T.);
#1672=ORIENTED_EDGE('',*,*,#3097,.T.);
#1673=ORIENTED_EDGE('',*,*,#3055,.F.);
#1674=ORIENTED_EDGE('',*,*,#3098,.T.);
#1675=ORIENTED_EDGE('',*,*,#3099,.F.);
#1676=ORIENTED_EDGE('',*,*,#3100,.T.);
#1677=ORIENTED_EDGE('',*,*,#3076,.F.);
#1678=ORIENTED_EDGE('',*,*,#3101,.T.);
#1679=ORIENTED_EDGE('',*,*,#3102,.F.);
#1680=ORIENTED_EDGE('',*,*,#3103,.T.);
#1681=ORIENTED_EDGE('',*,*,#3104,.F.);
#1682=ORIENTED_EDGE('',*,*,#3105,.T.);
#1683=ORIENTED_EDGE('',*,*,#3106,.F.);
#1684=ORIENTED_EDGE('',*,*,#3107,.T.);
#1685=ORIENTED_EDGE('',*,*,#3108,.F.);
#1686=ORIENTED_EDGE('',*,*,#3109,.T.);
#1687=ORIENTED_EDGE('',*,*,#3110,.F.);
#1688=ORIENTED_EDGE('',*,*,#3111,.T.);
#1689=ORIENTED_EDGE('',*,*,#3112,.F.);
#1690=ORIENTED_EDGE('',*,*,#3113,.T.);
#1691=ORIENTED_EDGE('',*,*,#3114,.F.);
#1692=ORIENTED_EDGE('',*,*,#3115,.T.);
#1693=ORIENTED_EDGE('',*,*,#3116,.F.);
#1694=ORIENTED_EDGE('',*,*,#3117,.T.);
#1695=ORIENTED_EDGE('',*,*,#3118,.F.);
#1696=ORIENTED_EDGE('',*,*,#3119,.T.);
#1697=ORIENTED_EDGE('',*,*,#3120,.F.);
#1698=ORIENTED_EDGE('',*,*,#3121,.T.);
#1699=ORIENTED_EDGE('',*,*,#3122,.F.);
#1700=ORIENTED_EDGE('',*,*,#3123,.T.);
#1701=ORIENTED_EDGE('',*,*,#3124,.F.);
#1702=ORIENTED_EDGE('',*,*,#3125,.T.);
#1703=ORIENTED_EDGE('',*,*,#3126,.F.);
#1704=ORIENTED_EDGE('',*,*,#3127,.T.);
#1705=ORIENTED_EDGE('',*,*,#3128,.F.);
#1706=ORIENTED_EDGE('',*,*,#3129,.T.);
#1707=ORIENTED_EDGE('',*,*,#3130,.T.);
#1708=ORIENTED_EDGE('',*,*,#3131,.F.);
#1709=ORIENTED_EDGE('',*,*,#3132,.T.);
#1710=ORIENTED_EDGE('',*,*,#3133,.F.);
#1711=ORIENTED_EDGE('',*,*,#3134,.T.);
#1712=ORIENTED_EDGE('',*,*,#3135,.F.);
#1713=ORIENTED_EDGE('',*,*,#3136,.T.);
#1714=ORIENTED_EDGE('',*,*,#3070,.F.);
#1715=ORIENTED_EDGE('',*,*,#3137,.T.);
#1716=ORIENTED_EDGE('',*,*,#3067,.F.);
#1717=ORIENTED_EDGE('',*,*,#3138,.F.);
#1718=ORIENTED_EDGE('',*,*,#3051,.F.);
#1719=ORIENTED_EDGE('',*,*,#3139,.F.);
#1720=ORIENTED_EDGE('',*,*,#3052,.F.);
#1721=ORIENTED_EDGE('',*,*,#3139,.T.);
#1722=ORIENTED_EDGE('',*,*,#3054,.T.);
#1723=ORIENTED_EDGE('',*,*,#3140,.T.);
#1724=ORIENTED_EDGE('',*,*,#3068,.F.);
#1725=ORIENTED_EDGE('',*,*,#3138,.T.);
#1726=ORIENTED_EDGE('',*,*,#3078,.T.);
#1727=ORIENTED_EDGE('',*,*,#3141,.T.);
#1728=ORIENTED_EDGE('',*,*,#3104,.T.);
#1729=ORIENTED_EDGE('',*,*,#3142,.T.);
#1730=ORIENTED_EDGE('',*,*,#3074,.T.);
#1731=ORIENTED_EDGE('',*,*,#3143,.T.);
#1732=ORIENTED_EDGE('',*,*,#3072,.F.);
#1733=ORIENTED_EDGE('',*,*,#3144,.T.);
#1734=ORIENTED_EDGE('',*,*,#3133,.T.);
#1735=ORIENTED_EDGE('',*,*,#3145,.T.);
#1736=ORIENTED_EDGE('',*,*,#3112,.T.);
#1737=ORIENTED_EDGE('',*,*,#3146,.F.);
#1738=ORIENTED_EDGE('',*,*,#3108,.T.);
#1739=ORIENTED_EDGE('',*,*,#3147,.F.);
#1740=ORIENTED_EDGE('',*,*,#3120,.T.);
#1741=ORIENTED_EDGE('',*,*,#3148,.T.);
#1742=ORIENTED_EDGE('',*,*,#3116,.T.);
#1743=ORIENTED_EDGE('',*,*,#3149,.T.);
#1744=ORIENTED_EDGE('',*,*,#3128,.T.);
#1745=ORIENTED_EDGE('',*,*,#3150,.F.);
#1746=ORIENTED_EDGE('',*,*,#3124,.T.);
#1747=ORIENTED_EDGE('',*,*,#3151,.F.);
#1748=ORIENTED_EDGE('',*,*,#3140,.F.);
#1749=ORIENTED_EDGE('',*,*,#3053,.F.);
#1750=ORIENTED_EDGE('',*,*,#3143,.F.);
#1751=ORIENTED_EDGE('',*,*,#3073,.F.);
#1752=ORIENTED_EDGE('',*,*,#3152,.T.);
#1753=ORIENTED_EDGE('',*,*,#3153,.T.);
#1754=ORIENTED_EDGE('',*,*,#3154,.F.);
#1755=ORIENTED_EDGE('',*,*,#3155,.F.);
#1756=ORIENTED_EDGE('',*,*,#3131,.T.);
#1757=ORIENTED_EDGE('',*,*,#3156,.F.);
#1758=ORIENTED_EDGE('',*,*,#3157,.F.);
#1759=ORIENTED_EDGE('',*,*,#3158,.T.);
#1760=ORIENTED_EDGE('',*,*,#3159,.T.);
#1761=ORIENTED_EDGE('',*,*,#3160,.T.);
#1762=ORIENTED_EDGE('',*,*,#3161,.T.);
#1763=ORIENTED_EDGE('',*,*,#3162,.T.);
#1764=ORIENTED_EDGE('',*,*,#3163,.T.);
#1765=ORIENTED_EDGE('',*,*,#3164,.T.);
#1766=ORIENTED_EDGE('',*,*,#3165,.T.);
#1767=ORIENTED_EDGE('',*,*,#3166,.T.);
#1768=ORIENTED_EDGE('',*,*,#3167,.T.);
#1769=ORIENTED_EDGE('',*,*,#3168,.T.);
#1770=ORIENTED_EDGE('',*,*,#3135,.T.);
#1771=ORIENTED_EDGE('',*,*,#3169,.T.);
#1772=ORIENTED_EDGE('',*,*,#3154,.T.);
#1773=ORIENTED_EDGE('',*,*,#3170,.T.);
#1774=ORIENTED_EDGE('',*,*,#3161,.F.);
#1775=ORIENTED_EDGE('',*,*,#3171,.F.);
#1776=ORIENTED_EDGE('',*,*,#3145,.F.);
#1777=ORIENTED_EDGE('',*,*,#3132,.F.);
#1778=ORIENTED_EDGE('',*,*,#3155,.T.);
#1779=ORIENTED_EDGE('',*,*,#3171,.T.);
#1780=ORIENTED_EDGE('',*,*,#3169,.F.);
#1781=ORIENTED_EDGE('',*,*,#3137,.F.);
#1782=ORIENTED_EDGE('',*,*,#3069,.F.);
#1783=ORIENTED_EDGE('',*,*,#3071,.F.);
#1784=ORIENTED_EDGE('',*,*,#3136,.F.);
#1785=ORIENTED_EDGE('',*,*,#3168,.F.);
#1786=ORIENTED_EDGE('',*,*,#3172,.F.);
#1787=ORIENTED_EDGE('',*,*,#3156,.T.);
#1788=ORIENTED_EDGE('',*,*,#3134,.F.);
#1789=ORIENTED_EDGE('',*,*,#3144,.F.);
#1790=ORIENTED_EDGE('',*,*,#3167,.F.);
#1791=ORIENTED_EDGE('',*,*,#3173,.T.);
#1792=ORIENTED_EDGE('',*,*,#3157,.T.);
#1793=ORIENTED_EDGE('',*,*,#3172,.T.);
#1794=ORIENTED_EDGE('',*,*,#3174,.T.);
#1795=ORIENTED_EDGE('',*,*,#3175,.T.);
#1796=ORIENTED_EDGE('',*,*,#3176,.T.);
#1797=ORIENTED_EDGE('',*,*,#3177,.T.);
#1798=ORIENTED_EDGE('',*,*,#3178,.T.);
#1799=ORIENTED_EDGE('',*,*,#3126,.T.);
#1800=ORIENTED_EDGE('',*,*,#3179,.T.);
#1801=ORIENTED_EDGE('',*,*,#3180,.T.);
#1802=ORIENTED_EDGE('',*,*,#3181,.F.);
#1803=ORIENTED_EDGE('',*,*,#3182,.T.);
#1804=ORIENTED_EDGE('',*,*,#3183,.T.);
#1805=ORIENTED_EDGE('',*,*,#3184,.F.);
#1806=ORIENTED_EDGE('',*,*,#3185,.F.);
#1807=ORIENTED_EDGE('',*,*,#3122,.T.);
#1808=ORIENTED_EDGE('',*,*,#3186,.F.);
#1809=ORIENTED_EDGE('',*,*,#3187,.T.);
#1810=ORIENTED_EDGE('',*,*,#3184,.T.);
#1811=ORIENTED_EDGE('',*,*,#3188,.T.);
#1812=ORIENTED_EDGE('',*,*,#3180,.F.);
#1813=ORIENTED_EDGE('',*,*,#3189,.T.);
#1814=ORIENTED_EDGE('',*,*,#3176,.F.);
#1815=ORIENTED_EDGE('',*,*,#3190,.T.);
#1816=ORIENTED_EDGE('',*,*,#3191,.T.);
#1817=ORIENTED_EDGE('',*,*,#3192,.T.);
#1818=ORIENTED_EDGE('',*,*,#3181,.T.);
#1819=ORIENTED_EDGE('',*,*,#3193,.T.);
#1820=ORIENTED_EDGE('',*,*,#3194,.F.);
#1821=ORIENTED_EDGE('',*,*,#3195,.T.);
#1822=ORIENTED_EDGE('',*,*,#3196,.F.);
#1823=ORIENTED_EDGE('',*,*,#3197,.T.);
#1824=ORIENTED_EDGE('',*,*,#3194,.T.);
#1825=ORIENTED_EDGE('',*,*,#3198,.T.);
#1826=ORIENTED_EDGE('',*,*,#3199,.F.);
#1827=ORIENTED_EDGE('',*,*,#3200,.T.);
#1828=ORIENTED_EDGE('',*,*,#3196,.T.);
#1829=ORIENTED_EDGE('',*,*,#3201,.T.);
#1830=ORIENTED_EDGE('',*,*,#3186,.T.);
#1831=ORIENTED_EDGE('',*,*,#3125,.F.);
#1832=ORIENTED_EDGE('',*,*,#3150,.T.);
#1833=ORIENTED_EDGE('',*,*,#3127,.F.);
#1834=ORIENTED_EDGE('',*,*,#3178,.F.);
#1835=ORIENTED_EDGE('',*,*,#3202,.T.);
#1836=ORIENTED_EDGE('',*,*,#3199,.T.);
#1837=ORIENTED_EDGE('',*,*,#3203,.T.);
#1838=ORIENTED_EDGE('',*,*,#3179,.F.);
#1839=ORIENTED_EDGE('',*,*,#3130,.F.);
#1840=ORIENTED_EDGE('',*,*,#3129,.F.);
#1841=ORIENTED_EDGE('',*,*,#3151,.T.);
#1842=ORIENTED_EDGE('',*,*,#3123,.F.);
#1843=ORIENTED_EDGE('',*,*,#3185,.T.);
#1844=ORIENTED_EDGE('',*,*,#3189,.F.);
#1845=ORIENTED_EDGE('',*,*,#3204,.F.);
#1846=ORIENTED_EDGE('',*,*,#3205,.T.);
#1847=ORIENTED_EDGE('',*,*,#3206,.T.);
#1848=ORIENTED_EDGE('',*,*,#3207,.T.);
#1849=ORIENTED_EDGE('',*,*,#3208,.T.);
#1850=ORIENTED_EDGE('',*,*,#3209,.T.);
#1851=ORIENTED_EDGE('',*,*,#3210,.F.);
#1852=ORIENTED_EDGE('',*,*,#3211,.F.);
#1853=ORIENTED_EDGE('',*,*,#3114,.T.);
#1854=ORIENTED_EDGE('',*,*,#3212,.F.);
#1855=ORIENTED_EDGE('',*,*,#3213,.T.);
#1856=ORIENTED_EDGE('',*,*,#3214,.T.);
#1857=ORIENTED_EDGE('',*,*,#3215,.T.);
#1858=ORIENTED_EDGE('',*,*,#3216,.T.);
#1859=ORIENTED_EDGE('',*,*,#3118,.T.);
#1860=ORIENTED_EDGE('',*,*,#3217,.T.);
#1861=ORIENTED_EDGE('',*,*,#3218,.T.);
#1862=ORIENTED_EDGE('',*,*,#3219,.T.);
#1863=ORIENTED_EDGE('',*,*,#3220,.T.);
#1864=ORIENTED_EDGE('',*,*,#3221,.T.);
#1865=ORIENTED_EDGE('',*,*,#3210,.T.);
#1866=ORIENTED_EDGE('',*,*,#3222,.T.);
#1867=ORIENTED_EDGE('',*,*,#3218,.F.);
#1868=ORIENTED_EDGE('',*,*,#3223,.F.);
#1869=ORIENTED_EDGE('',*,*,#3149,.F.);
#1870=ORIENTED_EDGE('',*,*,#3115,.F.);
#1871=ORIENTED_EDGE('',*,*,#3211,.T.);
#1872=ORIENTED_EDGE('',*,*,#3223,.T.);
#1873=ORIENTED_EDGE('',*,*,#3217,.F.);
#1874=ORIENTED_EDGE('',*,*,#3121,.F.);
#1875=ORIENTED_EDGE('',*,*,#3148,.F.);
#1876=ORIENTED_EDGE('',*,*,#3119,.F.);
#1877=ORIENTED_EDGE('',*,*,#3216,.F.);
#1878=ORIENTED_EDGE('',*,*,#3224,.F.);
#1879=ORIENTED_EDGE('',*,*,#3212,.T.);
#1880=ORIENTED_EDGE('',*,*,#3117,.F.);
#1881=ORIENTED_EDGE('',*,*,#3215,.F.);
#1882=ORIENTED_EDGE('',*,*,#3225,.T.);
#1883=ORIENTED_EDGE('',*,*,#3204,.T.);
#1884=ORIENTED_EDGE('',*,*,#3224,.T.);
#1885=ORIENTED_EDGE('',*,*,#3226,.T.);
#1886=ORIENTED_EDGE('',*,*,#3227,.T.);
#1887=ORIENTED_EDGE('',*,*,#3228,.T.);
#1888=ORIENTED_EDGE('',*,*,#3229,.T.);
#1889=ORIENTED_EDGE('',*,*,#3230,.T.);
#1890=ORIENTED_EDGE('',*,*,#3110,.T.);
#1891=ORIENTED_EDGE('',*,*,#3231,.T.);
#1892=ORIENTED_EDGE('',*,*,#3232,.T.);
#1893=ORIENTED_EDGE('',*,*,#3233,.F.);
#1894=ORIENTED_EDGE('',*,*,#3234,.T.);
#1895=ORIENTED_EDGE('',*,*,#3235,.T.);
#1896=ORIENTED_EDGE('',*,*,#3236,.F.);
#1897=ORIENTED_EDGE('',*,*,#3237,.F.);
#1898=ORIENTED_EDGE('',*,*,#3106,.T.);
#1899=ORIENTED_EDGE('',*,*,#3238,.F.);
#1900=ORIENTED_EDGE('',*,*,#3239,.T.);
#1901=ORIENTED_EDGE('',*,*,#3236,.T.);
#1902=ORIENTED_EDGE('',*,*,#3240,.T.);
#1903=ORIENTED_EDGE('',*,*,#3232,.F.);
#1904=ORIENTED_EDGE('',*,*,#3241,.T.);
#1905=ORIENTED_EDGE('',*,*,#3228,.F.);
#1906=ORIENTED_EDGE('',*,*,#3242,.T.);
#1907=ORIENTED_EDGE('',*,*,#3243,.T.);
#1908=ORIENTED_EDGE('',*,*,#3244,.T.);
#1909=ORIENTED_EDGE('',*,*,#3233,.T.);
#1910=ORIENTED_EDGE('',*,*,#3245,.T.);
#1911=ORIENTED_EDGE('',*,*,#3246,.F.);
#1912=ORIENTED_EDGE('',*,*,#3247,.T.);
#1913=ORIENTED_EDGE('',*,*,#3248,.F.);
#1914=ORIENTED_EDGE('',*,*,#3249,.T.);
#1915=ORIENTED_EDGE('',*,*,#3246,.T.);
#1916=ORIENTED_EDGE('',*,*,#3250,.T.);
#1917=ORIENTED_EDGE('',*,*,#3251,.F.);
#1918=ORIENTED_EDGE('',*,*,#3252,.T.);
#1919=ORIENTED_EDGE('',*,*,#3248,.T.);
#1920=ORIENTED_EDGE('',*,*,#3253,.T.);
#1921=ORIENTED_EDGE('',*,*,#3238,.T.);
#1922=ORIENTED_EDGE('',*,*,#3109,.F.);
#1923=ORIENTED_EDGE('',*,*,#3146,.T.);
#1924=ORIENTED_EDGE('',*,*,#3111,.F.);
#1925=ORIENTED_EDGE('',*,*,#3230,.F.);
#1926=ORIENTED_EDGE('',*,*,#3254,.T.);
#1927=ORIENTED_EDGE('',*,*,#3251,.T.);
#1928=ORIENTED_EDGE('',*,*,#3255,.T.);
#1929=ORIENTED_EDGE('',*,*,#3231,.F.);
#1930=ORIENTED_EDGE('',*,*,#3113,.F.);
#1931=ORIENTED_EDGE('',*,*,#3147,.T.);
#1932=ORIENTED_EDGE('',*,*,#3107,.F.);
#1933=ORIENTED_EDGE('',*,*,#3237,.T.);
#1934=ORIENTED_EDGE('',*,*,#3241,.F.);
#1935=ORIENTED_EDGE('',*,*,#3256,.F.);
#1936=ORIENTED_EDGE('',*,*,#3257,.T.);
#1937=ORIENTED_EDGE('',*,*,#3258,.T.);
#1938=ORIENTED_EDGE('',*,*,#3259,.T.);
#1939=ORIENTED_EDGE('',*,*,#3260,.T.);
#1940=ORIENTED_EDGE('',*,*,#3261,.T.);
#1941=ORIENTED_EDGE('',*,*,#3262,.F.);
#1942=ORIENTED_EDGE('',*,*,#3263,.F.);
#1943=ORIENTED_EDGE('',*,*,#3099,.T.);
#1944=ORIENTED_EDGE('',*,*,#3264,.F.);
#1945=ORIENTED_EDGE('',*,*,#3265,.T.);
#1946=ORIENTED_EDGE('',*,*,#3266,.T.);
#1947=ORIENTED_EDGE('',*,*,#3267,.T.);
#1948=ORIENTED_EDGE('',*,*,#3268,.T.);
#1949=ORIENTED_EDGE('',*,*,#3102,.T.);
#1950=ORIENTED_EDGE('',*,*,#3269,.T.);
#1951=ORIENTED_EDGE('',*,*,#3270,.T.);
#1952=ORIENTED_EDGE('',*,*,#3271,.T.);
#1953=ORIENTED_EDGE('',*,*,#3272,.T.);
#1954=ORIENTED_EDGE('',*,*,#3273,.T.);
#1955=ORIENTED_EDGE('',*,*,#3262,.T.);
#1956=ORIENTED_EDGE('',*,*,#3274,.T.);
#1957=ORIENTED_EDGE('',*,*,#3270,.F.);
#1958=ORIENTED_EDGE('',*,*,#3275,.F.);
#1959=ORIENTED_EDGE('',*,*,#3077,.F.);
#1960=ORIENTED_EDGE('',*,*,#3100,.F.);
#1961=ORIENTED_EDGE('',*,*,#3263,.T.);
#1962=ORIENTED_EDGE('',*,*,#3275,.T.);
#1963=ORIENTED_EDGE('',*,*,#3269,.F.);
#1964=ORIENTED_EDGE('',*,*,#3105,.F.);
#1965=ORIENTED_EDGE('',*,*,#3141,.F.);
#1966=ORIENTED_EDGE('',*,*,#3142,.F.);
#1967=ORIENTED_EDGE('',*,*,#3103,.F.);
#1968=ORIENTED_EDGE('',*,*,#3268,.F.);
#1969=ORIENTED_EDGE('',*,*,#3276,.F.);
#1970=ORIENTED_EDGE('',*,*,#3264,.T.);
#1971=ORIENTED_EDGE('',*,*,#3101,.F.);
#1972=ORIENTED_EDGE('',*,*,#3075,.F.);
#1973=ORIENTED_EDGE('',*,*,#3267,.F.);
#1974=ORIENTED_EDGE('',*,*,#3277,.T.);
#1975=ORIENTED_EDGE('',*,*,#3256,.T.);
#1976=ORIENTED_EDGE('',*,*,#3276,.T.);
#1977=ORIENTED_EDGE('',*,*,#3278,.T.);
#1978=ORIENTED_EDGE('',*,*,#3279,.T.);
#1979=ORIENTED_EDGE('',*,*,#3280,.T.);
#1980=ORIENTED_EDGE('',*,*,#3281,.T.);
#1981=ORIENTED_EDGE('',*,*,#3282,.T.);
#1982=ORIENTED_EDGE('',*,*,#3095,.T.);
#1983=ORIENTED_EDGE('',*,*,#3283,.T.);
#1984=ORIENTED_EDGE('',*,*,#3284,.T.);
#1985=ORIENTED_EDGE('',*,*,#3285,.F.);
#1986=ORIENTED_EDGE('',*,*,#3286,.T.);
#1987=ORIENTED_EDGE('',*,*,#3287,.T.);
#1988=ORIENTED_EDGE('',*,*,#3288,.F.);
#1989=ORIENTED_EDGE('',*,*,#3289,.F.);
#1990=ORIENTED_EDGE('',*,*,#3092,.T.);
#1991=ORIENTED_EDGE('',*,*,#3290,.F.);
#1992=ORIENTED_EDGE('',*,*,#3291,.T.);
#1993=ORIENTED_EDGE('',*,*,#3288,.T.);
#1994=ORIENTED_EDGE('',*,*,#3292,.T.);
#1995=ORIENTED_EDGE('',*,*,#3284,.F.);
#1996=ORIENTED_EDGE('',*,*,#3293,.T.);
#1997=ORIENTED_EDGE('',*,*,#3280,.F.);
#1998=ORIENTED_EDGE('',*,*,#3294,.T.);
#1999=ORIENTED_EDGE('',*,*,#3295,.T.);
#2000=ORIENTED_EDGE('',*,*,#3296,.T.);
#2001=ORIENTED_EDGE('',*,*,#3285,.T.);
#2002=ORIENTED_EDGE('',*,*,#3297,.T.);
#2003=ORIENTED_EDGE('',*,*,#3298,.F.);
#2004=ORIENTED_EDGE('',*,*,#3299,.T.);
#2005=ORIENTED_EDGE('',*,*,#3300,.F.);
#2006=ORIENTED_EDGE('',*,*,#3301,.T.);
#2007=ORIENTED_EDGE('',*,*,#3298,.T.);
#2008=ORIENTED_EDGE('',*,*,#3302,.T.);
#2009=ORIENTED_EDGE('',*,*,#3303,.F.);
#2010=ORIENTED_EDGE('',*,*,#3304,.T.);
#2011=ORIENTED_EDGE('',*,*,#3300,.T.);
#2012=ORIENTED_EDGE('',*,*,#3305,.T.);
#2013=ORIENTED_EDGE('',*,*,#3290,.T.);
#2014=ORIENTED_EDGE('',*,*,#3094,.F.);
#2015=ORIENTED_EDGE('',*,*,#3056,.T.);
#2016=ORIENTED_EDGE('',*,*,#3097,.F.);
#2017=ORIENTED_EDGE('',*,*,#3096,.F.);
#2018=ORIENTED_EDGE('',*,*,#3282,.F.);
#2019=ORIENTED_EDGE('',*,*,#3306,.T.);
#2020=ORIENTED_EDGE('',*,*,#3303,.T.);
#2021=ORIENTED_EDGE('',*,*,#3307,.T.);
#2022=ORIENTED_EDGE('',*,*,#3283,.F.);
#2023=ORIENTED_EDGE('',*,*,#3098,.F.);
#2024=ORIENTED_EDGE('',*,*,#3058,.T.);
#2025=ORIENTED_EDGE('',*,*,#3093,.F.);
#2026=ORIENTED_EDGE('',*,*,#3289,.T.);
#2027=ORIENTED_EDGE('',*,*,#3293,.F.);
#2028=ORIENTED_EDGE('',*,*,#3308,.F.);
#2029=ORIENTED_EDGE('',*,*,#3309,.T.);
#2030=ORIENTED_EDGE('',*,*,#3310,.T.);
#2031=ORIENTED_EDGE('',*,*,#3311,.T.);
#2032=ORIENTED_EDGE('',*,*,#3312,.T.);
#2033=ORIENTED_EDGE('',*,*,#3313,.T.);
#2034=ORIENTED_EDGE('',*,*,#3314,.F.);
#2035=ORIENTED_EDGE('',*,*,#3315,.F.);
#2036=ORIENTED_EDGE('',*,*,#3086,.T.);
#2037=ORIENTED_EDGE('',*,*,#3316,.F.);
#2038=ORIENTED_EDGE('',*,*,#3317,.T.);
#2039=ORIENTED_EDGE('',*,*,#3318,.T.);
#2040=ORIENTED_EDGE('',*,*,#3319,.T.);
#2041=ORIENTED_EDGE('',*,*,#3320,.T.);
#2042=ORIENTED_EDGE('',*,*,#3089,.T.);
#2043=ORIENTED_EDGE('',*,*,#3321,.T.);
#2044=ORIENTED_EDGE('',*,*,#3322,.T.);
#2045=ORIENTED_EDGE('',*,*,#3323,.T.);
#2046=ORIENTED_EDGE('',*,*,#3324,.T.);
#2047=ORIENTED_EDGE('',*,*,#3325,.T.);
#2048=ORIENTED_EDGE('',*,*,#3314,.T.);
#2049=ORIENTED_EDGE('',*,*,#3326,.T.);
#2050=ORIENTED_EDGE('',*,*,#3322,.F.);
#2051=ORIENTED_EDGE('',*,*,#3327,.F.);
#2052=ORIENTED_EDGE('',*,*,#3062,.F.);
#2053=ORIENTED_EDGE('',*,*,#3087,.F.);
#2054=ORIENTED_EDGE('',*,*,#3315,.T.);
#2055=ORIENTED_EDGE('',*,*,#3327,.T.);
#2056=ORIENTED_EDGE('',*,*,#3321,.F.);
#2057=ORIENTED_EDGE('',*,*,#3091,.F.);
#2058=ORIENTED_EDGE('',*,*,#3060,.F.);
#2059=ORIENTED_EDGE('',*,*,#3090,.F.);
#2060=ORIENTED_EDGE('',*,*,#3320,.F.);
#2061=ORIENTED_EDGE('',*,*,#3328,.F.);
#2062=ORIENTED_EDGE('',*,*,#3316,.T.);
#2063=ORIENTED_EDGE('',*,*,#3088,.F.);
#2064=ORIENTED_EDGE('',*,*,#3319,.F.);
#2065=ORIENTED_EDGE('',*,*,#3329,.T.);
#2066=ORIENTED_EDGE('',*,*,#3308,.T.);
#2067=ORIENTED_EDGE('',*,*,#3328,.T.);
#2068=ORIENTED_EDGE('',*,*,#3330,.T.);
#2069=ORIENTED_EDGE('',*,*,#3331,.T.);
#2070=ORIENTED_EDGE('',*,*,#3332,.T.);
#2071=ORIENTED_EDGE('',*,*,#3333,.T.);
#2072=ORIENTED_EDGE('',*,*,#3334,.T.);
#2073=ORIENTED_EDGE('',*,*,#3083,.T.);
#2074=ORIENTED_EDGE('',*,*,#3335,.T.);
#2075=ORIENTED_EDGE('',*,*,#3336,.T.);
#2076=ORIENTED_EDGE('',*,*,#3337,.F.);
#2077=ORIENTED_EDGE('',*,*,#3338,.T.);
#2078=ORIENTED_EDGE('',*,*,#3339,.T.);
#2079=ORIENTED_EDGE('',*,*,#3340,.F.);
#2080=ORIENTED_EDGE('',*,*,#3341,.F.);
#2081=ORIENTED_EDGE('',*,*,#3079,.T.);
#2082=ORIENTED_EDGE('',*,*,#3342,.F.);
#2083=ORIENTED_EDGE('',*,*,#3343,.T.);
#2084=ORIENTED_EDGE('',*,*,#3340,.T.);
#2085=ORIENTED_EDGE('',*,*,#3344,.T.);
#2086=ORIENTED_EDGE('',*,*,#3336,.F.);
#2087=ORIENTED_EDGE('',*,*,#3345,.T.);
#2088=ORIENTED_EDGE('',*,*,#3332,.F.);
#2089=ORIENTED_EDGE('',*,*,#3346,.T.);
#2090=ORIENTED_EDGE('',*,*,#3347,.T.);
#2091=ORIENTED_EDGE('',*,*,#3348,.T.);
#2092=ORIENTED_EDGE('',*,*,#3337,.T.);
#2093=ORIENTED_EDGE('',*,*,#3349,.T.);
#2094=ORIENTED_EDGE('',*,*,#3350,.F.);
#2095=ORIENTED_EDGE('',*,*,#3351,.T.);
#2096=ORIENTED_EDGE('',*,*,#3352,.F.);
#2097=ORIENTED_EDGE('',*,*,#3353,.T.);
#2098=ORIENTED_EDGE('',*,*,#3350,.T.);
#2099=ORIENTED_EDGE('',*,*,#3354,.T.);
#2100=ORIENTED_EDGE('',*,*,#3355,.F.);
#2101=ORIENTED_EDGE('',*,*,#3356,.T.);
#2102=ORIENTED_EDGE('',*,*,#3352,.T.);
#2103=ORIENTED_EDGE('',*,*,#3357,.T.);
#2104=ORIENTED_EDGE('',*,*,#3342,.T.);
#2105=ORIENTED_EDGE('',*,*,#3082,.F.);
#2106=ORIENTED_EDGE('',*,*,#3064,.T.);
#2107=ORIENTED_EDGE('',*,*,#3084,.F.);
#2108=ORIENTED_EDGE('',*,*,#3334,.F.);
#2109=ORIENTED_EDGE('',*,*,#3358,.T.);
#2110=ORIENTED_EDGE('',*,*,#3355,.T.);
#2111=ORIENTED_EDGE('',*,*,#3359,.T.);
#2112=ORIENTED_EDGE('',*,*,#3335,.F.);
#2113=ORIENTED_EDGE('',*,*,#3085,.F.);
#2114=ORIENTED_EDGE('',*,*,#3066,.T.);
#2115=ORIENTED_EDGE('',*,*,#3081,.F.);
#2116=ORIENTED_EDGE('',*,*,#3080,.F.);
#2117=ORIENTED_EDGE('',*,*,#3341,.T.);
#2118=ORIENTED_EDGE('',*,*,#3345,.F.);
#2119=ORIENTED_EDGE('',*,*,#3351,.F.);
#2120=ORIENTED_EDGE('',*,*,#3353,.F.);
#2121=ORIENTED_EDGE('',*,*,#3356,.F.);
#2122=ORIENTED_EDGE('',*,*,#3358,.F.);
#2123=ORIENTED_EDGE('',*,*,#3333,.F.);
#2124=ORIENTED_EDGE('',*,*,#3349,.F.);
#2125=ORIENTED_EDGE('',*,*,#3343,.F.);
#2126=ORIENTED_EDGE('',*,*,#3359,.F.);
#2127=ORIENTED_EDGE('',*,*,#3357,.F.);
#2128=ORIENTED_EDGE('',*,*,#3354,.F.);
#2129=ORIENTED_EDGE('',*,*,#3299,.F.);
#2130=ORIENTED_EDGE('',*,*,#3301,.F.);
#2131=ORIENTED_EDGE('',*,*,#3304,.F.);
#2132=ORIENTED_EDGE('',*,*,#3306,.F.);
#2133=ORIENTED_EDGE('',*,*,#3281,.F.);
#2134=ORIENTED_EDGE('',*,*,#3297,.F.);
#2135=ORIENTED_EDGE('',*,*,#3291,.F.);
#2136=ORIENTED_EDGE('',*,*,#3307,.F.);
#2137=ORIENTED_EDGE('',*,*,#3305,.F.);
#2138=ORIENTED_EDGE('',*,*,#3302,.F.);
#2139=ORIENTED_EDGE('',*,*,#3247,.F.);
#2140=ORIENTED_EDGE('',*,*,#3249,.F.);
#2141=ORIENTED_EDGE('',*,*,#3252,.F.);
#2142=ORIENTED_EDGE('',*,*,#3254,.F.);
#2143=ORIENTED_EDGE('',*,*,#3229,.F.);
#2144=ORIENTED_EDGE('',*,*,#3245,.F.);
#2145=ORIENTED_EDGE('',*,*,#3239,.F.);
#2146=ORIENTED_EDGE('',*,*,#3255,.F.);
#2147=ORIENTED_EDGE('',*,*,#3253,.F.);
#2148=ORIENTED_EDGE('',*,*,#3250,.F.);
#2149=ORIENTED_EDGE('',*,*,#3195,.F.);
#2150=ORIENTED_EDGE('',*,*,#3197,.F.);
#2151=ORIENTED_EDGE('',*,*,#3200,.F.);
#2152=ORIENTED_EDGE('',*,*,#3202,.F.);
#2153=ORIENTED_EDGE('',*,*,#3177,.F.);
#2154=ORIENTED_EDGE('',*,*,#3193,.F.);
#2155=ORIENTED_EDGE('',*,*,#3187,.F.);
#2156=ORIENTED_EDGE('',*,*,#3203,.F.);
#2157=ORIENTED_EDGE('',*,*,#3201,.F.);
#2158=ORIENTED_EDGE('',*,*,#3198,.F.);
#2159=ORIENTED_EDGE('',*,*,#3360,.F.);
#2160=ORIENTED_EDGE('',*,*,#3338,.F.);
#2161=ORIENTED_EDGE('',*,*,#3348,.F.);
#2162=ORIENTED_EDGE('',*,*,#3361,.F.);
#2163=ORIENTED_EDGE('',*,*,#3362,.T.);
#2164=ORIENTED_EDGE('',*,*,#3346,.F.);
#2165=ORIENTED_EDGE('',*,*,#3331,.F.);
#2166=ORIENTED_EDGE('',*,*,#3363,.T.);
#2167=ORIENTED_EDGE('',*,*,#3339,.F.);
#2168=ORIENTED_EDGE('',*,*,#3360,.T.);
#2169=ORIENTED_EDGE('',*,*,#3363,.F.);
#2170=ORIENTED_EDGE('',*,*,#3330,.F.);
#2171=ORIENTED_EDGE('',*,*,#3344,.F.);
#2172=ORIENTED_EDGE('',*,*,#3361,.T.);
#2173=ORIENTED_EDGE('',*,*,#3347,.F.);
#2174=ORIENTED_EDGE('',*,*,#3362,.F.);
#2175=ORIENTED_EDGE('',*,*,#3364,.F.);
#2176=ORIENTED_EDGE('',*,*,#3182,.F.);
#2177=ORIENTED_EDGE('',*,*,#3192,.F.);
#2178=ORIENTED_EDGE('',*,*,#3365,.F.);
#2179=ORIENTED_EDGE('',*,*,#3366,.T.);
#2180=ORIENTED_EDGE('',*,*,#3190,.F.);
#2181=ORIENTED_EDGE('',*,*,#3175,.F.);
#2182=ORIENTED_EDGE('',*,*,#3367,.T.);
#2183=ORIENTED_EDGE('',*,*,#3183,.F.);
#2184=ORIENTED_EDGE('',*,*,#3364,.T.);
#2185=ORIENTED_EDGE('',*,*,#3367,.F.);
#2186=ORIENTED_EDGE('',*,*,#3174,.F.);
#2187=ORIENTED_EDGE('',*,*,#3188,.F.);
#2188=ORIENTED_EDGE('',*,*,#3365,.T.);
#2189=ORIENTED_EDGE('',*,*,#3191,.F.);
#2190=ORIENTED_EDGE('',*,*,#3366,.F.);
#2191=ORIENTED_EDGE('',*,*,#3368,.F.);
#2192=ORIENTED_EDGE('',*,*,#3234,.F.);
#2193=ORIENTED_EDGE('',*,*,#3244,.F.);
#2194=ORIENTED_EDGE('',*,*,#3369,.F.);
#2195=ORIENTED_EDGE('',*,*,#3370,.T.);
#2196=ORIENTED_EDGE('',*,*,#3242,.F.);
#2197=ORIENTED_EDGE('',*,*,#3227,.F.);
#2198=ORIENTED_EDGE('',*,*,#3371,.T.);
#2199=ORIENTED_EDGE('',*,*,#3235,.F.);
#2200=ORIENTED_EDGE('',*,*,#3368,.T.);
#2201=ORIENTED_EDGE('',*,*,#3371,.F.);
#2202=ORIENTED_EDGE('',*,*,#3226,.F.);
#2203=ORIENTED_EDGE('',*,*,#3240,.F.);
#2204=ORIENTED_EDGE('',*,*,#3369,.T.);
#2205=ORIENTED_EDGE('',*,*,#3243,.F.);
#2206=ORIENTED_EDGE('',*,*,#3370,.F.);
#2207=ORIENTED_EDGE('',*,*,#3372,.F.);
#2208=ORIENTED_EDGE('',*,*,#3286,.F.);
#2209=ORIENTED_EDGE('',*,*,#3296,.F.);
#2210=ORIENTED_EDGE('',*,*,#3373,.F.);
#2211=ORIENTED_EDGE('',*,*,#3374,.T.);
#2212=ORIENTED_EDGE('',*,*,#3294,.F.);
#2213=ORIENTED_EDGE('',*,*,#3279,.F.);
#2214=ORIENTED_EDGE('',*,*,#3375,.T.);
#2215=ORIENTED_EDGE('',*,*,#3287,.F.);
#2216=ORIENTED_EDGE('',*,*,#3372,.T.);
#2217=ORIENTED_EDGE('',*,*,#3375,.F.);
#2218=ORIENTED_EDGE('',*,*,#3278,.F.);
#2219=ORIENTED_EDGE('',*,*,#3292,.F.);
#2220=ORIENTED_EDGE('',*,*,#3373,.T.);
#2221=ORIENTED_EDGE('',*,*,#3295,.F.);
#2222=ORIENTED_EDGE('',*,*,#3374,.F.);
#2223=ORIENTED_EDGE('',*,*,#3376,.F.);
#2224=ORIENTED_EDGE('',*,*,#3323,.F.);
#2225=ORIENTED_EDGE('',*,*,#3326,.F.);
#2226=ORIENTED_EDGE('',*,*,#3313,.F.);
#2227=ORIENTED_EDGE('',*,*,#3377,.F.);
#2228=ORIENTED_EDGE('',*,*,#3324,.F.);
#2229=ORIENTED_EDGE('',*,*,#3376,.T.);
#2230=ORIENTED_EDGE('',*,*,#3377,.T.);
#2231=ORIENTED_EDGE('',*,*,#3312,.F.);
#2232=ORIENTED_EDGE('',*,*,#3378,.F.);
#2233=ORIENTED_EDGE('',*,*,#3379,.F.);
#2234=ORIENTED_EDGE('',*,*,#3379,.T.);
#2235=ORIENTED_EDGE('',*,*,#3378,.T.);
#2236=ORIENTED_EDGE('',*,*,#3380,.F.);
#2237=ORIENTED_EDGE('',*,*,#3325,.F.);
#2238=ORIENTED_EDGE('',*,*,#3380,.T.);
#2239=ORIENTED_EDGE('',*,*,#3311,.F.);
#2240=ORIENTED_EDGE('',*,*,#3381,.F.);
#2241=ORIENTED_EDGE('',*,*,#3381,.T.);
#2242=ORIENTED_EDGE('',*,*,#3382,.F.);
#2243=ORIENTED_EDGE('',*,*,#3383,.F.);
#2244=ORIENTED_EDGE('',*,*,#3317,.F.);
#2245=ORIENTED_EDGE('',*,*,#3382,.T.);
#2246=ORIENTED_EDGE('',*,*,#3310,.F.);
#2247=ORIENTED_EDGE('',*,*,#3384,.T.);
#2248=ORIENTED_EDGE('',*,*,#3318,.F.);
#2249=ORIENTED_EDGE('',*,*,#3383,.T.);
#2250=ORIENTED_EDGE('',*,*,#3384,.F.);
#2251=ORIENTED_EDGE('',*,*,#3309,.F.);
#2252=ORIENTED_EDGE('',*,*,#3329,.F.);
#2253=ORIENTED_EDGE('',*,*,#3385,.F.);
#2254=ORIENTED_EDGE('',*,*,#3165,.F.);
#2255=ORIENTED_EDGE('',*,*,#3386,.F.);
#2256=ORIENTED_EDGE('',*,*,#3387,.F.);
#2257=ORIENTED_EDGE('',*,*,#3159,.F.);
#2258=ORIENTED_EDGE('',*,*,#3388,.T.);
#2259=ORIENTED_EDGE('',*,*,#3166,.F.);
#2260=ORIENTED_EDGE('',*,*,#3385,.T.);
#2261=ORIENTED_EDGE('',*,*,#3388,.F.);
#2262=ORIENTED_EDGE('',*,*,#3158,.F.);
#2263=ORIENTED_EDGE('',*,*,#3173,.F.);
#2264=ORIENTED_EDGE('',*,*,#3389,.F.);
#2265=ORIENTED_EDGE('',*,*,#3387,.T.);
#2266=ORIENTED_EDGE('',*,*,#3386,.T.);
#2267=ORIENTED_EDGE('',*,*,#3389,.T.);
#2268=ORIENTED_EDGE('',*,*,#3164,.F.);
#2269=ORIENTED_EDGE('',*,*,#3390,.F.);
#2270=ORIENTED_EDGE('',*,*,#3160,.F.);
#2271=ORIENTED_EDGE('',*,*,#3391,.F.);
#2272=ORIENTED_EDGE('',*,*,#3390,.T.);
#2273=ORIENTED_EDGE('',*,*,#3392,.F.);
#2274=ORIENTED_EDGE('',*,*,#3162,.F.);
#2275=ORIENTED_EDGE('',*,*,#3170,.F.);
#2276=ORIENTED_EDGE('',*,*,#3153,.F.);
#2277=ORIENTED_EDGE('',*,*,#3393,.F.);
#2278=ORIENTED_EDGE('',*,*,#3163,.F.);
#2279=ORIENTED_EDGE('',*,*,#3392,.T.);
#2280=ORIENTED_EDGE('',*,*,#3393,.T.);
#2281=ORIENTED_EDGE('',*,*,#3152,.F.);
#2282=ORIENTED_EDGE('',*,*,#3391,.T.);
#2283=ORIENTED_EDGE('',*,*,#3394,.F.);
#2284=ORIENTED_EDGE('',*,*,#3219,.F.);
#2285=ORIENTED_EDGE('',*,*,#3222,.F.);
#2286=ORIENTED_EDGE('',*,*,#3209,.F.);
#2287=ORIENTED_EDGE('',*,*,#3395,.F.);
#2288=ORIENTED_EDGE('',*,*,#3220,.F.);
#2289=ORIENTED_EDGE('',*,*,#3394,.T.);
#2290=ORIENTED_EDGE('',*,*,#3395,.T.);
#2291=ORIENTED_EDGE('',*,*,#3208,.F.);
#2292=ORIENTED_EDGE('',*,*,#3396,.F.);
#2293=ORIENTED_EDGE('',*,*,#3396,.T.);
#2294=ORIENTED_EDGE('',*,*,#3397,.F.);
#2295=ORIENTED_EDGE('',*,*,#3221,.F.);
#2296=ORIENTED_EDGE('',*,*,#3397,.T.);
#2297=ORIENTED_EDGE('',*,*,#3207,.F.);
#2298=ORIENTED_EDGE('',*,*,#3398,.F.);
#2299=ORIENTED_EDGE('',*,*,#3398,.T.);
#2300=ORIENTED_EDGE('',*,*,#3399,.F.);
#2301=ORIENTED_EDGE('',*,*,#3400,.F.);
#2302=ORIENTED_EDGE('',*,*,#3401,.F.);
#2303=ORIENTED_EDGE('',*,*,#3213,.F.);
#2304=ORIENTED_EDGE('',*,*,#3400,.T.);
#2305=ORIENTED_EDGE('',*,*,#3399,.T.);
#2306=ORIENTED_EDGE('',*,*,#3206,.F.);
#2307=ORIENTED_EDGE('',*,*,#3402,.T.);
#2308=ORIENTED_EDGE('',*,*,#3214,.F.);
#2309=ORIENTED_EDGE('',*,*,#3401,.T.);
#2310=ORIENTED_EDGE('',*,*,#3402,.F.);
#2311=ORIENTED_EDGE('',*,*,#3205,.F.);
#2312=ORIENTED_EDGE('',*,*,#3225,.F.);
#2313=ORIENTED_EDGE('',*,*,#3403,.F.);
#2314=ORIENTED_EDGE('',*,*,#3271,.F.);
#2315=ORIENTED_EDGE('',*,*,#3274,.F.);
#2316=ORIENTED_EDGE('',*,*,#3261,.F.);
#2317=ORIENTED_EDGE('',*,*,#3404,.F.);
#2318=ORIENTED_EDGE('',*,*,#3272,.F.);
#2319=ORIENTED_EDGE('',*,*,#3403,.T.);
#2320=ORIENTED_EDGE('',*,*,#3404,.T.);
#2321=ORIENTED_EDGE('',*,*,#3260,.F.);
#2322=ORIENTED_EDGE('',*,*,#3405,.F.);
#2323=ORIENTED_EDGE('',*,*,#3406,.F.);
#2324=ORIENTED_EDGE('',*,*,#3406,.T.);
#2325=ORIENTED_EDGE('',*,*,#3405,.T.);
#2326=ORIENTED_EDGE('',*,*,#3407,.F.);
#2327=ORIENTED_EDGE('',*,*,#3273,.F.);
#2328=ORIENTED_EDGE('',*,*,#3407,.T.);
#2329=ORIENTED_EDGE('',*,*,#3259,.F.);
#2330=ORIENTED_EDGE('',*,*,#3408,.F.);
#2331=ORIENTED_EDGE('',*,*,#3409,.F.);
#2332=ORIENTED_EDGE('',*,*,#3409,.T.);
#2333=ORIENTED_EDGE('',*,*,#3408,.T.);
#2334=ORIENTED_EDGE('',*,*,#3410,.F.);
#2335=ORIENTED_EDGE('',*,*,#3411,.F.);
#2336=ORIENTED_EDGE('',*,*,#3265,.F.);
#2337=ORIENTED_EDGE('',*,*,#3410,.T.);
#2338=ORIENTED_EDGE('',*,*,#3258,.F.);
#2339=ORIENTED_EDGE('',*,*,#3412,.T.);
#2340=ORIENTED_EDGE('',*,*,#3266,.F.);
#2341=ORIENTED_EDGE('',*,*,#3411,.T.);
#2342=ORIENTED_EDGE('',*,*,#3412,.F.);
#2343=ORIENTED_EDGE('',*,*,#3257,.F.);
#2344=ORIENTED_EDGE('',*,*,#3277,.F.);
#2345=ORIENTED_EDGE('',*,*,#3413,.T.);
#2346=ORIENTED_EDGE('',*,*,#3414,.T.);
#2347=ORIENTED_EDGE('',*,*,#3415,.F.);
#2348=ORIENTED_EDGE('',*,*,#3416,.F.);
#2349=ORIENTED_EDGE('',*,*,#3417,.F.);
#2350=ORIENTED_EDGE('',*,*,#3418,.T.);
#2351=ORIENTED_EDGE('',*,*,#3419,.F.);
#2352=ORIENTED_EDGE('',*,*,#3420,.F.);
#2353=ORIENTED_EDGE('',*,*,#3421,.T.);
#2354=ORIENTED_EDGE('',*,*,#3422,.T.);
#2355=ORIENTED_EDGE('',*,*,#3423,.F.);
#2356=ORIENTED_EDGE('',*,*,#3424,.F.);
#2357=ORIENTED_EDGE('',*,*,#3425,.T.);
#2358=ORIENTED_EDGE('',*,*,#3426,.F.);
#2359=ORIENTED_EDGE('',*,*,#3427,.T.);
#2360=ORIENTED_EDGE('',*,*,#3428,.F.);
#2361=ORIENTED_EDGE('',*,*,#3429,.T.);
#2362=ORIENTED_EDGE('',*,*,#3430,.F.);
#2363=ORIENTED_EDGE('',*,*,#3431,.T.);
#2364=ORIENTED_EDGE('',*,*,#3432,.T.);
#2365=ORIENTED_EDGE('',*,*,#3433,.T.);
#2366=ORIENTED_EDGE('',*,*,#3434,.F.);
#2367=ORIENTED_EDGE('',*,*,#3435,.F.);
#2368=ORIENTED_EDGE('',*,*,#3436,.T.);
#2369=ORIENTED_EDGE('',*,*,#3437,.F.);
#2370=ORIENTED_EDGE('',*,*,#3438,.T.);
#2371=ORIENTED_EDGE('',*,*,#3439,.T.);
#2372=ORIENTED_EDGE('',*,*,#3433,.F.);
#2373=ORIENTED_EDGE('',*,*,#3440,.T.);
#2374=ORIENTED_EDGE('',*,*,#3441,.T.);
#2375=ORIENTED_EDGE('',*,*,#3442,.T.);
#2376=ORIENTED_EDGE('',*,*,#3443,.F.);
#2377=ORIENTED_EDGE('',*,*,#3444,.T.);
#2378=ORIENTED_EDGE('',*,*,#3435,.T.);
#2379=ORIENTED_EDGE('',*,*,#3445,.F.);
#2380=ORIENTED_EDGE('',*,*,#3421,.F.);
#2381=ORIENTED_EDGE('',*,*,#3446,.F.);
#2382=ORIENTED_EDGE('',*,*,#3447,.T.);
#2383=ORIENTED_EDGE('',*,*,#3448,.F.);
#2384=ORIENTED_EDGE('',*,*,#3449,.T.);
#2385=ORIENTED_EDGE('',*,*,#3450,.F.);
#2386=ORIENTED_EDGE('',*,*,#3451,.T.);
#2387=ORIENTED_EDGE('',*,*,#3452,.F.);
#2388=ORIENTED_EDGE('',*,*,#3453,.T.);
#2389=ORIENTED_EDGE('',*,*,#3454,.F.);
#2390=ORIENTED_EDGE('',*,*,#3423,.T.);
#2391=ORIENTED_EDGE('',*,*,#3455,.T.);
#2392=ORIENTED_EDGE('',*,*,#3415,.T.);
#2393=ORIENTED_EDGE('',*,*,#3456,.T.);
#2394=ORIENTED_EDGE('',*,*,#3419,.T.);
#2395=ORIENTED_EDGE('',*,*,#3457,.T.);
#2396=ORIENTED_EDGE('',*,*,#3418,.F.);
#2397=ORIENTED_EDGE('',*,*,#3417,.T.);
#2398=ORIENTED_EDGE('',*,*,#3457,.F.);
#2399=ORIENTED_EDGE('',*,*,#3455,.F.);
#2400=ORIENTED_EDGE('',*,*,#3422,.F.);
#2401=ORIENTED_EDGE('',*,*,#3413,.F.);
#2402=ORIENTED_EDGE('',*,*,#3458,.F.);
#2403=ORIENTED_EDGE('',*,*,#3414,.F.);
#2404=ORIENTED_EDGE('',*,*,#3458,.T.);
#2405=ORIENTED_EDGE('',*,*,#3416,.T.);
#2406=ORIENTED_EDGE('',*,*,#3456,.F.);
#2407=ORIENTED_EDGE('',*,*,#3459,.F.);
#2408=ORIENTED_EDGE('',*,*,#3440,.F.);
#2409=ORIENTED_EDGE('',*,*,#3432,.F.);
#2410=ORIENTED_EDGE('',*,*,#3460,.F.);
#2411=ORIENTED_EDGE('',*,*,#3461,.T.);
#2412=ORIENTED_EDGE('',*,*,#3462,.T.);
#2413=ORIENTED_EDGE('',*,*,#3436,.F.);
#2414=ORIENTED_EDGE('',*,*,#3444,.F.);
#2415=ORIENTED_EDGE('',*,*,#3463,.T.);
#2416=ORIENTED_EDGE('',*,*,#3464,.F.);
#2417=ORIENTED_EDGE('',*,*,#3465,.T.);
#2418=ORIENTED_EDGE('',*,*,#3466,.T.);
#2419=ORIENTED_EDGE('',*,*,#3448,.T.);
#2420=ORIENTED_EDGE('',*,*,#3467,.T.);
#2421=ORIENTED_EDGE('',*,*,#3468,.T.);
#2422=ORIENTED_EDGE('',*,*,#3469,.T.);
#2423=ORIENTED_EDGE('',*,*,#3430,.T.);
#2424=ORIENTED_EDGE('',*,*,#3470,.T.);
#2425=ORIENTED_EDGE('',*,*,#3471,.T.);
#2426=ORIENTED_EDGE('',*,*,#3472,.T.);
#2427=ORIENTED_EDGE('',*,*,#3426,.T.);
#2428=ORIENTED_EDGE('',*,*,#3473,.T.);
#2429=ORIENTED_EDGE('',*,*,#3474,.T.);
#2430=ORIENTED_EDGE('',*,*,#3475,.T.);
#2431=ORIENTED_EDGE('',*,*,#3452,.T.);
#2432=ORIENTED_EDGE('',*,*,#3476,.T.);
#2433=ORIENTED_EDGE('',*,*,#3434,.T.);
#2434=ORIENTED_EDGE('',*,*,#3445,.T.);
#2435=ORIENTED_EDGE('',*,*,#3465,.F.);
#2436=ORIENTED_EDGE('',*,*,#3477,.T.);
#2437=ORIENTED_EDGE('',*,*,#3478,.T.);
#2438=ORIENTED_EDGE('',*,*,#3479,.T.);
#2439=ORIENTED_EDGE('',*,*,#3450,.T.);
#2440=ORIENTED_EDGE('',*,*,#3480,.T.);
#2441=ORIENTED_EDGE('',*,*,#3478,.F.);
#2442=ORIENTED_EDGE('',*,*,#3481,.T.);
#2443=ORIENTED_EDGE('',*,*,#3481,.F.);
#2444=ORIENTED_EDGE('',*,*,#3477,.F.);
#2445=ORIENTED_EDGE('',*,*,#3476,.F.);
#2446=ORIENTED_EDGE('',*,*,#3451,.F.);
#2447=ORIENTED_EDGE('',*,*,#3480,.F.);
#2448=ORIENTED_EDGE('',*,*,#3449,.F.);
#2449=ORIENTED_EDGE('',*,*,#3466,.F.);
#2450=ORIENTED_EDGE('',*,*,#3479,.F.);
#2451=ORIENTED_EDGE('',*,*,#3474,.F.);
#2452=ORIENTED_EDGE('',*,*,#3482,.T.);
#2453=ORIENTED_EDGE('',*,*,#3483,.T.);
#2454=ORIENTED_EDGE('',*,*,#3484,.T.);
#2455=ORIENTED_EDGE('',*,*,#3424,.T.);
#2456=ORIENTED_EDGE('',*,*,#3454,.T.);
#2457=ORIENTED_EDGE('',*,*,#3485,.T.);
#2458=ORIENTED_EDGE('',*,*,#3483,.F.);
#2459=ORIENTED_EDGE('',*,*,#3486,.T.);
#2460=ORIENTED_EDGE('',*,*,#3486,.F.);
#2461=ORIENTED_EDGE('',*,*,#3482,.F.);
#2462=ORIENTED_EDGE('',*,*,#3473,.F.);
#2463=ORIENTED_EDGE('',*,*,#3425,.F.);
#2464=ORIENTED_EDGE('',*,*,#3485,.F.);
#2465=ORIENTED_EDGE('',*,*,#3453,.F.);
#2466=ORIENTED_EDGE('',*,*,#3475,.F.);
#2467=ORIENTED_EDGE('',*,*,#3484,.F.);
#2468=ORIENTED_EDGE('',*,*,#3471,.F.);
#2469=ORIENTED_EDGE('',*,*,#3487,.T.);
#2470=ORIENTED_EDGE('',*,*,#3488,.T.);
#2471=ORIENTED_EDGE('',*,*,#3489,.T.);
#2472=ORIENTED_EDGE('',*,*,#3428,.T.);
#2473=ORIENTED_EDGE('',*,*,#3490,.T.);
#2474=ORIENTED_EDGE('',*,*,#3488,.F.);
#2475=ORIENTED_EDGE('',*,*,#3491,.T.);
#2476=ORIENTED_EDGE('',*,*,#3491,.F.);
#2477=ORIENTED_EDGE('',*,*,#3487,.F.);
#2478=ORIENTED_EDGE('',*,*,#3470,.F.);
#2479=ORIENTED_EDGE('',*,*,#3429,.F.);
#2480=ORIENTED_EDGE('',*,*,#3490,.F.);
#2481=ORIENTED_EDGE('',*,*,#3427,.F.);
#2482=ORIENTED_EDGE('',*,*,#3472,.F.);
#2483=ORIENTED_EDGE('',*,*,#3489,.F.);
#2484=ORIENTED_EDGE('',*,*,#3468,.F.);
#2485=ORIENTED_EDGE('',*,*,#3492,.T.);
#2486=ORIENTED_EDGE('',*,*,#3493,.T.);
#2487=ORIENTED_EDGE('',*,*,#3494,.T.);
#2488=ORIENTED_EDGE('',*,*,#3446,.T.);
#2489=ORIENTED_EDGE('',*,*,#3420,.T.);
#2490=ORIENTED_EDGE('',*,*,#3495,.T.);
#2491=ORIENTED_EDGE('',*,*,#3493,.F.);
#2492=ORIENTED_EDGE('',*,*,#3496,.T.);
#2493=ORIENTED_EDGE('',*,*,#3496,.F.);
#2494=ORIENTED_EDGE('',*,*,#3492,.F.);
#2495=ORIENTED_EDGE('',*,*,#3467,.F.);
#2496=ORIENTED_EDGE('',*,*,#3447,.F.);
#2497=ORIENTED_EDGE('',*,*,#3495,.F.);
#2498=ORIENTED_EDGE('',*,*,#3431,.F.);
#2499=ORIENTED_EDGE('',*,*,#3469,.F.);
#2500=ORIENTED_EDGE('',*,*,#3494,.F.);
#2501=ORIENTED_EDGE('',*,*,#3497,.F.);
#2502=ORIENTED_EDGE('',*,*,#3498,.T.);
#2503=ORIENTED_EDGE('',*,*,#3499,.T.);
#2504=ORIENTED_EDGE('',*,*,#3461,.F.);
#2505=ORIENTED_EDGE('',*,*,#3437,.T.);
#2506=ORIENTED_EDGE('',*,*,#3462,.F.);
#2507=ORIENTED_EDGE('',*,*,#3499,.F.);
#2508=ORIENTED_EDGE('',*,*,#3500,.T.);
#2509=ORIENTED_EDGE('',*,*,#3439,.F.);
#2510=ORIENTED_EDGE('',*,*,#3501,.F.);
#2511=ORIENTED_EDGE('',*,*,#3497,.T.);
#2512=ORIENTED_EDGE('',*,*,#3460,.T.);
#2513=ORIENTED_EDGE('',*,*,#3441,.F.);
#2514=ORIENTED_EDGE('',*,*,#3459,.T.);
#2515=ORIENTED_EDGE('',*,*,#3502,.F.);
#2516=ORIENTED_EDGE('',*,*,#3503,.F.);
#2517=ORIENTED_EDGE('',*,*,#3443,.T.);
#2518=ORIENTED_EDGE('',*,*,#3504,.T.);
#2519=ORIENTED_EDGE('',*,*,#3505,.T.);
#2520=ORIENTED_EDGE('',*,*,#3463,.F.);
#2521=ORIENTED_EDGE('',*,*,#3505,.F.);
#2522=ORIENTED_EDGE('',*,*,#3506,.F.);
#2523=ORIENTED_EDGE('',*,*,#3502,.T.);
#2524=ORIENTED_EDGE('',*,*,#3464,.T.);
#2525=ORIENTED_EDGE('',*,*,#3500,.F.);
#2526=ORIENTED_EDGE('',*,*,#3498,.F.);
#2527=ORIENTED_EDGE('',*,*,#3501,.T.);
#2528=ORIENTED_EDGE('',*,*,#3438,.F.);
#2529=ORIENTED_EDGE('',*,*,#3503,.T.);
#2530=ORIENTED_EDGE('',*,*,#3506,.T.);
#2531=ORIENTED_EDGE('',*,*,#3504,.F.);
#2532=ORIENTED_EDGE('',*,*,#3442,.F.);
#2533=ORIENTED_EDGE('',*,*,#3507,.F.);
#2534=ORIENTED_EDGE('',*,*,#3508,.T.);
#2535=ORIENTED_EDGE('',*,*,#3509,.T.);
#2536=ORIENTED_EDGE('',*,*,#3510,.F.);
#2537=ORIENTED_EDGE('',*,*,#3511,.T.);
#2538=ORIENTED_EDGE('',*,*,#3512,.T.);
#2539=ORIENTED_EDGE('',*,*,#3513,.F.);
#2540=ORIENTED_EDGE('',*,*,#3514,.F.);
#2541=ORIENTED_EDGE('',*,*,#3509,.F.);
#2542=ORIENTED_EDGE('',*,*,#3515,.F.);
#2543=ORIENTED_EDGE('',*,*,#3512,.F.);
#2544=ORIENTED_EDGE('',*,*,#3516,.T.);
#2545=ORIENTED_EDGE('',*,*,#3510,.T.);
#2546=ORIENTED_EDGE('',*,*,#3511,.F.);
#2547=ORIENTED_EDGE('',*,*,#3516,.F.);
#2548=ORIENTED_EDGE('',*,*,#3513,.T.);
#2549=ORIENTED_EDGE('',*,*,#3515,.T.);
#2550=ORIENTED_EDGE('',*,*,#3508,.F.);
#2551=ORIENTED_EDGE('',*,*,#3507,.T.);
#2552=ORIENTED_EDGE('',*,*,#3514,.T.);
#2553=ORIENTED_EDGE('',*,*,#3517,.F.);
#2554=ORIENTED_EDGE('',*,*,#3518,.T.);
#2555=ORIENTED_EDGE('',*,*,#3519,.T.);
#2556=ORIENTED_EDGE('',*,*,#3520,.F.);
#2557=ORIENTED_EDGE('',*,*,#3519,.F.);
#2558=ORIENTED_EDGE('',*,*,#3521,.T.);
#2559=ORIENTED_EDGE('',*,*,#3517,.T.);
#2560=ORIENTED_EDGE('',*,*,#3522,.F.);
#2561=ORIENTED_EDGE('',*,*,#3521,.F.);
#2562=ORIENTED_EDGE('',*,*,#3523,.F.);
#2563=ORIENTED_EDGE('',*,*,#3522,.T.);
#2564=ORIENTED_EDGE('',*,*,#3524,.T.);
#2565=ORIENTED_EDGE('',*,*,#3518,.F.);
#2566=ORIENTED_EDGE('',*,*,#3524,.F.);
#2567=ORIENTED_EDGE('',*,*,#3520,.T.);
#2568=ORIENTED_EDGE('',*,*,#3523,.T.);
#2569=ORIENTED_EDGE('',*,*,#3525,.F.);
#2570=ORIENTED_EDGE('',*,*,#3526,.T.);
#2571=ORIENTED_EDGE('',*,*,#3527,.T.);
#2572=ORIENTED_EDGE('',*,*,#3528,.F.);
#2573=ORIENTED_EDGE('',*,*,#3529,.T.);
#2574=ORIENTED_EDGE('',*,*,#3530,.T.);
#2575=ORIENTED_EDGE('',*,*,#3531,.F.);
#2576=ORIENTED_EDGE('',*,*,#3532,.F.);
#2577=ORIENTED_EDGE('',*,*,#3531,.T.);
#2578=ORIENTED_EDGE('',*,*,#3533,.T.);
#2579=ORIENTED_EDGE('',*,*,#3534,.F.);
#2580=ORIENTED_EDGE('',*,*,#3527,.F.);
#2581=ORIENTED_EDGE('',*,*,#3530,.F.);
#2582=ORIENTED_EDGE('',*,*,#3535,.T.);
#2583=ORIENTED_EDGE('',*,*,#3532,.T.);
#2584=ORIENTED_EDGE('',*,*,#3533,.F.);
#2585=ORIENTED_EDGE('',*,*,#3536,.T.);
#2586=ORIENTED_EDGE('',*,*,#3525,.T.);
#2587=ORIENTED_EDGE('',*,*,#3529,.F.);
#2588=ORIENTED_EDGE('',*,*,#3535,.F.);
#2589=ORIENTED_EDGE('',*,*,#3526,.F.);
#2590=ORIENTED_EDGE('',*,*,#3536,.F.);
#2591=ORIENTED_EDGE('',*,*,#3528,.T.);
#2592=ORIENTED_EDGE('',*,*,#3534,.T.);
#2593=ORIENTED_EDGE('',*,*,#3537,.T.);
#2594=ORIENTED_EDGE('',*,*,#3538,.T.);
#2595=ORIENTED_EDGE('',*,*,#3539,.F.);
#2596=ORIENTED_EDGE('',*,*,#3540,.F.);
#2597=ORIENTED_EDGE('',*,*,#3538,.F.);
#2598=ORIENTED_EDGE('',*,*,#3541,.T.);
#2599=ORIENTED_EDGE('',*,*,#3540,.T.);
#2600=ORIENTED_EDGE('',*,*,#3542,.F.);
#2601=ORIENTED_EDGE('',*,*,#3537,.F.);
#2602=ORIENTED_EDGE('',*,*,#3541,.F.);
#2603=ORIENTED_EDGE('',*,*,#3539,.T.);
#2604=ORIENTED_EDGE('',*,*,#3542,.T.);
#2605=ORIENTED_EDGE('',*,*,#3543,.F.);
#2606=ORIENTED_EDGE('',*,*,#3544,.T.);
#2607=ORIENTED_EDGE('',*,*,#3545,.T.);
#2608=ORIENTED_EDGE('',*,*,#3546,.F.);
#2609=ORIENTED_EDGE('',*,*,#3547,.F.);
#2610=ORIENTED_EDGE('',*,*,#3546,.T.);
#2611=ORIENTED_EDGE('',*,*,#3548,.T.);
#2612=ORIENTED_EDGE('',*,*,#3549,.F.);
#2613=ORIENTED_EDGE('',*,*,#3550,.F.);
#2614=ORIENTED_EDGE('',*,*,#3549,.T.);
#2615=ORIENTED_EDGE('',*,*,#3551,.T.);
#2616=ORIENTED_EDGE('',*,*,#3552,.F.);
#2617=ORIENTED_EDGE('',*,*,#3553,.F.);
#2618=ORIENTED_EDGE('',*,*,#3552,.T.);
#2619=ORIENTED_EDGE('',*,*,#3554,.T.);
#2620=ORIENTED_EDGE('',*,*,#3555,.F.);
#2621=ORIENTED_EDGE('',*,*,#3556,.F.);
#2622=ORIENTED_EDGE('',*,*,#3555,.T.);
#2623=ORIENTED_EDGE('',*,*,#3557,.T.);
#2624=ORIENTED_EDGE('',*,*,#3558,.F.);
#2625=ORIENTED_EDGE('',*,*,#3559,.F.);
#2626=ORIENTED_EDGE('',*,*,#3558,.T.);
#2627=ORIENTED_EDGE('',*,*,#3560,.T.);
#2628=ORIENTED_EDGE('',*,*,#3544,.F.);
#2629=ORIENTED_EDGE('',*,*,#3561,.F.);
#2630=ORIENTED_EDGE('',*,*,#3562,.F.);
#2631=ORIENTED_EDGE('',*,*,#3563,.T.);
#2632=ORIENTED_EDGE('',*,*,#3564,.T.);
#2633=ORIENTED_EDGE('',*,*,#3565,.T.);
#2634=ORIENTED_EDGE('',*,*,#3566,.F.);
#2635=ORIENTED_EDGE('',*,*,#3567,.F.);
#2636=ORIENTED_EDGE('',*,*,#3562,.T.);
#2637=ORIENTED_EDGE('',*,*,#3568,.T.);
#2638=ORIENTED_EDGE('',*,*,#3569,.F.);
#2639=ORIENTED_EDGE('',*,*,#3570,.F.);
#2640=ORIENTED_EDGE('',*,*,#3566,.T.);
#2641=ORIENTED_EDGE('',*,*,#3571,.F.);
#2642=ORIENTED_EDGE('',*,*,#3564,.F.);
#2643=ORIENTED_EDGE('',*,*,#3572,.T.);
#2644=ORIENTED_EDGE('',*,*,#3569,.T.);
#2645=ORIENTED_EDGE('',*,*,#3545,.F.);
#2646=ORIENTED_EDGE('',*,*,#3560,.F.);
#2647=ORIENTED_EDGE('',*,*,#3557,.F.);
#2648=ORIENTED_EDGE('',*,*,#3554,.F.);
#2649=ORIENTED_EDGE('',*,*,#3551,.F.);
#2650=ORIENTED_EDGE('',*,*,#3548,.F.);
#2651=ORIENTED_EDGE('',*,*,#3563,.F.);
#2652=ORIENTED_EDGE('',*,*,#3567,.T.);
#2653=ORIENTED_EDGE('',*,*,#3570,.T.);
#2654=ORIENTED_EDGE('',*,*,#3572,.F.);
#2655=ORIENTED_EDGE('',*,*,#3561,.T.);
#2656=ORIENTED_EDGE('',*,*,#3571,.T.);
#2657=ORIENTED_EDGE('',*,*,#3568,.F.);
#2658=ORIENTED_EDGE('',*,*,#3565,.F.);
#2659=ORIENTED_EDGE('',*,*,#3573,.F.);
#2660=ORIENTED_EDGE('',*,*,#3574,.F.);
#2661=ORIENTED_EDGE('',*,*,#3575,.T.);
#2662=ORIENTED_EDGE('',*,*,#3576,.T.);
#2663=ORIENTED_EDGE('',*,*,#3577,.F.);
#2664=ORIENTED_EDGE('',*,*,#3578,.F.);
#2665=ORIENTED_EDGE('',*,*,#3579,.F.);
#2666=ORIENTED_EDGE('',*,*,#3580,.F.);
#2667=ORIENTED_EDGE('',*,*,#3581,.F.);
#2668=ORIENTED_EDGE('',*,*,#3582,.F.);
#2669=ORIENTED_EDGE('',*,*,#3583,.T.);
#2670=ORIENTED_EDGE('',*,*,#3584,.F.);
#2671=ORIENTED_EDGE('',*,*,#3585,.F.);
#2672=ORIENTED_EDGE('',*,*,#3586,.T.);
#2673=ORIENTED_EDGE('',*,*,#3559,.T.);
#2674=ORIENTED_EDGE('',*,*,#3543,.T.);
#2675=ORIENTED_EDGE('',*,*,#3547,.T.);
#2676=ORIENTED_EDGE('',*,*,#3550,.T.);
#2677=ORIENTED_EDGE('',*,*,#3553,.T.);
#2678=ORIENTED_EDGE('',*,*,#3556,.T.);
#2679=ORIENTED_EDGE('',*,*,#3587,.T.);
#2680=ORIENTED_EDGE('',*,*,#3586,.F.);
#2681=ORIENTED_EDGE('',*,*,#3588,.F.);
#2682=ORIENTED_EDGE('',*,*,#3574,.T.);
#2683=ORIENTED_EDGE('',*,*,#3589,.F.);
#2684=ORIENTED_EDGE('',*,*,#3576,.F.);
#2685=ORIENTED_EDGE('',*,*,#3590,.T.);
#2686=ORIENTED_EDGE('',*,*,#3584,.T.);
#2687=ORIENTED_EDGE('',*,*,#3575,.F.);
#2688=ORIENTED_EDGE('',*,*,#3588,.T.);
#2689=ORIENTED_EDGE('',*,*,#3585,.T.);
#2690=ORIENTED_EDGE('',*,*,#3590,.F.);
#2691=ORIENTED_EDGE('',*,*,#3573,.T.);
#2692=ORIENTED_EDGE('',*,*,#3589,.T.);
#2693=ORIENTED_EDGE('',*,*,#3583,.F.);
#2694=ORIENTED_EDGE('',*,*,#3587,.F.);
#2695=ORIENTED_EDGE('',*,*,#3591,.T.);
#2696=ORIENTED_EDGE('',*,*,#3592,.T.);
#2697=ORIENTED_EDGE('',*,*,#3593,.T.);
#2698=ORIENTED_EDGE('',*,*,#3594,.T.);
#2699=ORIENTED_EDGE('',*,*,#3595,.T.);
#2700=ORIENTED_EDGE('',*,*,#3596,.T.);
#2701=ORIENTED_EDGE('',*,*,#3597,.T.);
#2702=ORIENTED_EDGE('',*,*,#3578,.T.);
#2703=ORIENTED_EDGE('',*,*,#3598,.F.);
#2704=ORIENTED_EDGE('',*,*,#3596,.F.);
#2705=ORIENTED_EDGE('',*,*,#3599,.T.);
#2706=ORIENTED_EDGE('',*,*,#3579,.T.);
#2707=ORIENTED_EDGE('',*,*,#3597,.F.);
#2708=ORIENTED_EDGE('',*,*,#3595,.F.);
#2709=ORIENTED_EDGE('',*,*,#3600,.T.);
#2710=ORIENTED_EDGE('',*,*,#3580,.T.);
#2711=ORIENTED_EDGE('',*,*,#3599,.F.);
#2712=ORIENTED_EDGE('',*,*,#3594,.F.);
#2713=ORIENTED_EDGE('',*,*,#3601,.T.);
#2714=ORIENTED_EDGE('',*,*,#3581,.T.);
#2715=ORIENTED_EDGE('',*,*,#3600,.F.);
#2716=ORIENTED_EDGE('',*,*,#3593,.F.);
#2717=ORIENTED_EDGE('',*,*,#3602,.T.);
#2718=ORIENTED_EDGE('',*,*,#3582,.T.);
#2719=ORIENTED_EDGE('',*,*,#3601,.F.);
#2720=ORIENTED_EDGE('',*,*,#3592,.F.);
#2721=ORIENTED_EDGE('',*,*,#3598,.T.);
#2722=ORIENTED_EDGE('',*,*,#3577,.T.);
#2723=ORIENTED_EDGE('',*,*,#3602,.F.);
#2724=ORIENTED_EDGE('',*,*,#3591,.F.);
#2725=ORIENTED_EDGE('',*,*,#3603,.F.);
#2726=ORIENTED_EDGE('',*,*,#3604,.T.);
#2727=ORIENTED_EDGE('',*,*,#3605,.T.);
#2728=ORIENTED_EDGE('',*,*,#3606,.F.);
#2729=ORIENTED_EDGE('',*,*,#3607,.T.);
#2730=ORIENTED_EDGE('',*,*,#3608,.T.);
#2731=ORIENTED_EDGE('',*,*,#3609,.F.);
#2732=ORIENTED_EDGE('',*,*,#3610,.F.);
#2733=ORIENTED_EDGE('',*,*,#3611,.F.);
#2734=ORIENTED_EDGE('',*,*,#3612,.T.);
#2735=ORIENTED_EDGE('',*,*,#3613,.T.);
#2736=ORIENTED_EDGE('',*,*,#3614,.F.);
#2737=ORIENTED_EDGE('',*,*,#3612,.F.);
#2738=ORIENTED_EDGE('',*,*,#3615,.F.);
#2739=ORIENTED_EDGE('',*,*,#3614,.T.);
#2740=ORIENTED_EDGE('',*,*,#3609,.T.);
#2741=ORIENTED_EDGE('',*,*,#3608,.F.);
#2742=ORIENTED_EDGE('',*,*,#3603,.T.);
#2743=ORIENTED_EDGE('',*,*,#3610,.T.);
#2744=ORIENTED_EDGE('',*,*,#3613,.F.);
#2745=ORIENTED_EDGE('',*,*,#3604,.F.);
#2746=ORIENTED_EDGE('',*,*,#3607,.F.);
#2747=ORIENTED_EDGE('',*,*,#3606,.T.);
#2748=ORIENTED_EDGE('',*,*,#3616,.T.);
#2749=ORIENTED_EDGE('',*,*,#3616,.F.);
#2750=ORIENTED_EDGE('',*,*,#3605,.F.);
#2751=ORIENTED_EDGE('',*,*,#3615,.T.);
#2752=ORIENTED_EDGE('',*,*,#3611,.T.);
#2753=ORIENTED_EDGE('',*,*,#3617,.F.);
#2754=ORIENTED_EDGE('',*,*,#3618,.T.);
#2755=ORIENTED_EDGE('',*,*,#3619,.F.);
#2756=ORIENTED_EDGE('',*,*,#3620,.F.);
#2757=ORIENTED_EDGE('',*,*,#3621,.F.);
#2758=ORIENTED_EDGE('',*,*,#3622,.T.);
#2759=ORIENTED_EDGE('',*,*,#3623,.F.);
#2760=ORIENTED_EDGE('',*,*,#3624,.T.);
#2761=ORIENTED_EDGE('',*,*,#3625,.F.);
#2762=ORIENTED_EDGE('',*,*,#3626,.F.);
#2763=ORIENTED_EDGE('',*,*,#3627,.F.);
#2764=ORIENTED_EDGE('',*,*,#3628,.F.);
#2765=ORIENTED_EDGE('',*,*,#3618,.F.);
#2766=ORIENTED_EDGE('',*,*,#3629,.F.);
#2767=ORIENTED_EDGE('',*,*,#3630,.F.);
#2768=ORIENTED_EDGE('',*,*,#3631,.T.);
#2769=ORIENTED_EDGE('',*,*,#3632,.T.);
#2770=ORIENTED_EDGE('',*,*,#3633,.F.);
#2771=ORIENTED_EDGE('',*,*,#3634,.T.);
#2772=ORIENTED_EDGE('',*,*,#3623,.T.);
#2773=ORIENTED_EDGE('',*,*,#3635,.T.);
#2774=ORIENTED_EDGE('',*,*,#3636,.T.);
#2775=ORIENTED_EDGE('',*,*,#3637,.T.);
#2776=ORIENTED_EDGE('',*,*,#3638,.F.);
#2777=ORIENTED_EDGE('',*,*,#3630,.T.);
#2778=ORIENTED_EDGE('',*,*,#3639,.T.);
#2779=ORIENTED_EDGE('',*,*,#3640,.F.);
#2780=ORIENTED_EDGE('',*,*,#3638,.T.);
#2781=ORIENTED_EDGE('',*,*,#3641,.F.);
#2782=ORIENTED_EDGE('',*,*,#3639,.F.);
#2783=ORIENTED_EDGE('',*,*,#3629,.T.);
#2784=ORIENTED_EDGE('',*,*,#3631,.F.);
#2785=ORIENTED_EDGE('',*,*,#3640,.T.);
#2786=ORIENTED_EDGE('',*,*,#3641,.T.);
#2787=ORIENTED_EDGE('',*,*,#3637,.F.);
#2788=ORIENTED_EDGE('',*,*,#3633,.T.);
#2789=ORIENTED_EDGE('',*,*,#3642,.F.);
#2790=ORIENTED_EDGE('',*,*,#3643,.F.);
#2791=ORIENTED_EDGE('',*,*,#3636,.F.);
#2792=ORIENTED_EDGE('',*,*,#3644,.F.);
#2793=ORIENTED_EDGE('',*,*,#3642,.T.);
#2794=ORIENTED_EDGE('',*,*,#3632,.F.);
#2795=ORIENTED_EDGE('',*,*,#3634,.F.);
#2796=ORIENTED_EDGE('',*,*,#3643,.T.);
#2797=ORIENTED_EDGE('',*,*,#3644,.T.);
#2798=ORIENTED_EDGE('',*,*,#3635,.F.);
#2799=ORIENTED_EDGE('',*,*,#3625,.T.);
#2800=ORIENTED_EDGE('',*,*,#3645,.F.);
#2801=ORIENTED_EDGE('',*,*,#3646,.T.);
#2802=ORIENTED_EDGE('',*,*,#3622,.F.);
#2803=ORIENTED_EDGE('',*,*,#3647,.F.);
#2804=ORIENTED_EDGE('',*,*,#3645,.T.);
#2805=ORIENTED_EDGE('',*,*,#3624,.F.);
#2806=ORIENTED_EDGE('',*,*,#3626,.T.);
#2807=ORIENTED_EDGE('',*,*,#3646,.F.);
#2808=ORIENTED_EDGE('',*,*,#3647,.T.);
#2809=ORIENTED_EDGE('',*,*,#3621,.T.);
#2810=ORIENTED_EDGE('',*,*,#3617,.T.);
#2811=ORIENTED_EDGE('',*,*,#3648,.F.);
#2812=ORIENTED_EDGE('',*,*,#3649,.T.);
#2813=ORIENTED_EDGE('',*,*,#3619,.T.);
#2814=ORIENTED_EDGE('',*,*,#3628,.T.);
#2815=ORIENTED_EDGE('',*,*,#3650,.T.);
#2816=ORIENTED_EDGE('',*,*,#3648,.T.);
#2817=ORIENTED_EDGE('',*,*,#3620,.T.);
#2818=ORIENTED_EDGE('',*,*,#3649,.F.);
#2819=ORIENTED_EDGE('',*,*,#3650,.F.);
#2820=ORIENTED_EDGE('',*,*,#3627,.T.);
#2821=EDGE_CURVE('',#3651,#3652,#4200,.T.);
#2822=EDGE_CURVE('',#3651,#3653,#1081,.T.);
#2823=EDGE_CURVE('',#3653,#3654,#4201,.T.);
#2824=EDGE_CURVE('',#3652,#3654,#1082,.T.);
#2825=EDGE_CURVE('',#3655,#3656,#4202,.T.);
#2826=EDGE_CURVE('',#3656,#3657,#1083,.T.);
#2827=EDGE_CURVE('',#3658,#3657,#4203,.T.);
#2828=EDGE_CURVE('',#3655,#3658,#1084,.T.);
#2829=EDGE_CURVE('',#3656,#3655,#4204,.T.);
#2830=EDGE_CURVE('',#3657,#3658,#4205,.T.);
#2831=EDGE_CURVE('',#3652,#3651,#4206,.T.);
#2832=EDGE_CURVE('',#3654,#3653,#4207,.T.);
#2833=EDGE_CURVE('',#3659,#3660,#74,.F.);
#2834=EDGE_CURVE('',#3660,#3661,#4208,.T.);
#2835=EDGE_CURVE('',#3662,#3661,#75,.F.);
#2836=EDGE_CURVE('',#3662,#3659,#4209,.T.);
#2837=EDGE_CURVE('',#3663,#3664,#76,.F.);
#2838=EDGE_CURVE('',#3664,#3665,#4210,.T.);
#2839=EDGE_CURVE('',#3666,#3665,#77,.F.);
#2840=EDGE_CURVE('',#3666,#3663,#4211,.T.);
#2841=EDGE_CURVE('',#3667,#3668,#4212,.T.);
#2842=EDGE_CURVE('',#3669,#3667,#78,.T.);
#2843=EDGE_CURVE('',#3670,#3669,#4213,.T.);
#2844=EDGE_CURVE('',#3670,#3668,#79,.T.);
#2845=EDGE_CURVE('',#3671,#3672,#4214,.T.);
#2846=EDGE_CURVE('',#3671,#3673,#1085,.T.);
#2847=EDGE_CURVE('',#3674,#3673,#4215,.T.);
#2848=EDGE_CURVE('',#3674,#3675,#80,.T.);
#2849=EDGE_CURVE('',#3676,#3675,#4216,.T.);
#2850=EDGE_CURVE('',#3676,#3677,#1086,.T.);
#2851=EDGE_CURVE('',#3677,#3678,#4217,.T.);
#2852=EDGE_CURVE('',#3679,#3678,#1087,.T.);
#2853=EDGE_CURVE('',#3680,#3679,#4218,.T.);
#2854=EDGE_CURVE('',#3681,#3680,#81,.T.);
#2855=EDGE_CURVE('',#3682,#3681,#4219,.T.);
#2856=EDGE_CURVE('',#3672,#3682,#1088,.T.);
#2857=EDGE_CURVE('',#3683,#3684,#4220,.F.);
#2858=EDGE_CURVE('',#3685,#3684,#82,.T.);
#2859=EDGE_CURVE('',#3685,#3686,#4221,.F.);
#2860=EDGE_CURVE('',#3686,#3683,#83,.T.);
#2861=EDGE_CURVE('',#3687,#3688,#4222,.F.);
#2862=EDGE_CURVE('',#3689,#3688,#84,.T.);
#2863=EDGE_CURVE('',#3689,#3690,#4223,.F.);
#2864=EDGE_CURVE('',#3690,#3687,#85,.T.);
#2865=EDGE_CURVE('',#3691,#3692,#86,.F.);
#2866=EDGE_CURVE('',#3693,#3692,#87,.T.);
#2867=EDGE_CURVE('',#3694,#3693,#88,.F.);
#2868=EDGE_CURVE('',#3694,#3691,#56,.T.);
#2869=EDGE_CURVE('',#3695,#3696,#4224,.T.);
#2870=EDGE_CURVE('',#3696,#3697,#1089,.T.);
#2871=EDGE_CURVE('',#3698,#3697,#89,.T.);
#2872=EDGE_CURVE('',#3699,#3698,#90,.F.);
#2873=EDGE_CURVE('',#3699,#3700,#91,.T.);
#2874=EDGE_CURVE('',#3700,#3701,#1090,.T.);
#2875=EDGE_CURVE('',#3702,#3701,#4225,.T.);
#2876=EDGE_CURVE('',#3703,#3702,#1091,.T.);
#2877=EDGE_CURVE('',#3703,#3704,#92,.T.);
#2878=EDGE_CURVE('',#3704,#3705,#93,.F.);
#2879=EDGE_CURVE('',#3706,#3705,#94,.T.);
#2880=EDGE_CURVE('',#3695,#3706,#1092,.T.);
#2881=EDGE_CURVE('',#3696,#3695,#4226,.T.);
#2882=EDGE_CURVE('',#3707,#3706,#95,.T.);
#2883=EDGE_CURVE('',#3708,#3707,#96,.F.);
#2884=EDGE_CURVE('',#3708,#3703,#97,.T.);
#2885=EDGE_CURVE('',#3701,#3702,#4227,.T.);
#2886=EDGE_CURVE('',#3700,#3709,#98,.T.);
#2887=EDGE_CURVE('',#3709,#3710,#99,.F.);
#2888=EDGE_CURVE('',#3697,#3710,#100,.T.);
#2889=EDGE_CURVE('',#3711,#3712,#101,.F.);
#2890=EDGE_CURVE('',#3713,#3712,#102,.T.);
#2891=EDGE_CURVE('',#3714,#3713,#103,.F.);
#2892=EDGE_CURVE('',#3714,#3711,#57,.T.);
#2893=EDGE_CURVE('',#3715,#3716,#4228,.F.);
#2894=EDGE_CURVE('',#3717,#3716,#104,.T.);
#2895=EDGE_CURVE('',#3717,#3718,#4229,.F.);
#2896=EDGE_CURVE('',#3718,#3715,#105,.T.);
#2897=EDGE_CURVE('',#3719,#3720,#4230,.F.);
#2898=EDGE_CURVE('',#3721,#3720,#106,.T.);
#2899=EDGE_CURVE('',#3721,#3722,#4231,.F.);
#2900=EDGE_CURVE('',#3722,#3719,#107,.T.);
#2901=EDGE_CURVE('',#3672,#3671,#4232,.T.);
#2902=EDGE_CURVE('',#3723,#3682,#4233,.T.);
#2903=EDGE_CURVE('',#3723,#3724,#108,.T.);
#2904=EDGE_CURVE('',#3679,#3724,#4234,.T.);
#2905=EDGE_CURVE('',#3678,#3677,#4235,.T.);
#2906=EDGE_CURVE('',#3725,#3676,#4236,.T.);
#2907=EDGE_CURVE('',#3726,#3725,#109,.T.);
#2908=EDGE_CURVE('',#3673,#3726,#4237,.T.);
#2909=EDGE_CURVE('',#3727,#3728,#4238,.T.);
#2910=EDGE_CURVE('',#3729,#3727,#110,.T.);
#2911=EDGE_CURVE('',#3730,#3729,#4239,.T.);
#2912=EDGE_CURVE('',#3730,#3728,#111,.T.);
#2913=EDGE_CURVE('',#3731,#3732,#112,.F.);
#2914=EDGE_CURVE('',#3732,#3733,#4240,.T.);
#2915=EDGE_CURVE('',#3734,#3733,#113,.F.);
#2916=EDGE_CURVE('',#3734,#3731,#4241,.T.);
#2917=EDGE_CURVE('',#3735,#3736,#114,.F.);
#2918=EDGE_CURVE('',#3736,#3737,#4242,.T.);
#2919=EDGE_CURVE('',#3738,#3737,#115,.F.);
#2920=EDGE_CURVE('',#3738,#3735,#4243,.T.);
#2921=EDGE_CURVE('',#3731,#3683,#116,.T.);
#2922=EDGE_CURVE('',#3734,#3684,#117,.T.);
#2923=EDGE_CURVE('',#3685,#3733,#118,.T.);
#2924=EDGE_CURVE('',#3686,#3732,#119,.T.);
#2925=EDGE_CURVE('',#3693,#3729,#120,.T.);
#2926=EDGE_CURVE('',#3692,#3730,#121,.T.);
#2927=EDGE_CURVE('',#3728,#3691,#122,.T.);
#2928=EDGE_CURVE('',#3727,#3694,#123,.T.);
#2929=EDGE_CURVE('',#3735,#3687,#124,.T.);
#2930=EDGE_CURVE('',#3738,#3688,#125,.T.);
#2931=EDGE_CURVE('',#3689,#3737,#126,.T.);
#2932=EDGE_CURVE('',#3690,#3736,#127,.T.);
#2933=EDGE_CURVE('',#3698,#3726,#128,.T.);
#2934=EDGE_CURVE('',#3710,#3674,#129,.T.);
#2935=EDGE_CURVE('',#3675,#3709,#130,.T.);
#2936=EDGE_CURVE('',#3725,#3699,#131,.T.);
#2937=EDGE_CURVE('',#3663,#3719,#132,.T.);
#2938=EDGE_CURVE('',#3666,#3720,#133,.T.);
#2939=EDGE_CURVE('',#3721,#3665,#134,.T.);
#2940=EDGE_CURVE('',#3722,#3664,#135,.T.);
#2941=EDGE_CURVE('',#3713,#3669,#136,.T.);
#2942=EDGE_CURVE('',#3712,#3670,#137,.T.);
#2943=EDGE_CURVE('',#3668,#3711,#138,.T.);
#2944=EDGE_CURVE('',#3667,#3714,#139,.T.);
#2945=EDGE_CURVE('',#3659,#3715,#140,.T.);
#2946=EDGE_CURVE('',#3662,#3716,#141,.T.);
#2947=EDGE_CURVE('',#3717,#3661,#142,.T.);
#2948=EDGE_CURVE('',#3718,#3660,#143,.T.);
#2949=EDGE_CURVE('',#3707,#3681,#144,.T.);
#2950=EDGE_CURVE('',#3680,#3708,#145,.T.);
#2951=EDGE_CURVE('',#3724,#3704,#146,.T.);
#2952=EDGE_CURVE('',#3705,#3723,#147,.T.);
#2953=EDGE_CURVE('',#3739,#3740,#4244,.T.);
#2954=EDGE_CURVE('',#3740,#3741,#1093,.T.);
#2955=EDGE_CURVE('',#3742,#3741,#4245,.T.);
#2956=EDGE_CURVE('',#3739,#3742,#1094,.T.);
#2957=EDGE_CURVE('',#3743,#3744,#4246,.T.);
#2958=EDGE_CURVE('',#3743,#3745,#148,.T.);
#2959=EDGE_CURVE('',#3745,#3746,#4247,.T.);
#2960=EDGE_CURVE('',#3744,#3746,#149,.T.);
#2961=EDGE_CURVE('',#3747,#3748,#4248,.T.);
#2962=EDGE_CURVE('',#3747,#3749,#150,.T.);
#2963=EDGE_CURVE('',#3749,#3750,#4249,.T.);
#2964=EDGE_CURVE('',#3748,#3750,#151,.T.);
#2965=EDGE_CURVE('',#3751,#3752,#4250,.T.);
#2966=EDGE_CURVE('',#3751,#3753,#1095,.T.);
#2967=EDGE_CURVE('',#3753,#3754,#4251,.T.);
#2968=EDGE_CURVE('',#3752,#3754,#1096,.T.);
#2969=EDGE_CURVE('',#3749,#3750,#4252,.T.);
#2970=EDGE_CURVE('',#3747,#3748,#4253,.T.);
#2971=EDGE_CURVE('',#3755,#3756,#4254,.T.);
#2972=EDGE_CURVE('',#3757,#3755,#152,.T.);
#2973=EDGE_CURVE('',#3757,#3758,#4255,.T.);
#2974=EDGE_CURVE('',#3758,#3756,#153,.T.);
#2975=EDGE_CURVE('',#3755,#3756,#4256,.T.);
#2976=EDGE_CURVE('',#3757,#3758,#4257,.T.);
#2977=EDGE_CURVE('',#3759,#3760,#4258,.T.);
#2978=EDGE_CURVE('',#3761,#3759,#154,.T.);
#2979=EDGE_CURVE('',#3761,#3762,#4259,.T.);
#2980=EDGE_CURVE('',#3762,#3760,#155,.T.);
#2981=EDGE_CURVE('',#3759,#3760,#4260,.T.);
#2982=EDGE_CURVE('',#3761,#3762,#4261,.T.);
#2983=EDGE_CURVE('',#3752,#3751,#4262,.T.);
#2984=EDGE_CURVE('',#3754,#3753,#4263,.T.);
#2985=EDGE_CURVE('',#3740,#3739,#4264,.T.);
#2986=EDGE_CURVE('',#3741,#3742,#4265,.T.);
#2987=EDGE_CURVE('',#3745,#3746,#4266,.T.);
#2988=EDGE_CURVE('',#3743,#3744,#4267,.T.);
#2989=EDGE_CURVE('',#3763,#3764,#4268,.T.);
#2990=EDGE_CURVE('',#3764,#3765,#1097,.T.);
#2991=EDGE_CURVE('',#3766,#3765,#4269,.T.);
#2992=EDGE_CURVE('',#3763,#3766,#1098,.T.);
#2993=EDGE_CURVE('',#3767,#3768,#4270,.T.);
#2994=EDGE_CURVE('',#3767,#3769,#1099,.T.);
#2995=EDGE_CURVE('',#3769,#3770,#4271,.T.);
#2996=EDGE_CURVE('',#3768,#3770,#1100,.T.);
#2997=EDGE_CURVE('',#3764,#3763,#4272,.T.);
#2998=EDGE_CURVE('',#3768,#3767,#4273,.T.);
#2999=EDGE_CURVE('',#3770,#3769,#4274,.T.);
#3000=EDGE_CURVE('',#3765,#3766,#4275,.T.);
#3001=EDGE_CURVE('',#3771,#3772,#4276,.T.);
#3002=EDGE_CURVE('',#3771,#3773,#1101,.T.);
#3003=EDGE_CURVE('',#3773,#3774,#4277,.T.);
#3004=EDGE_CURVE('',#3772,#3774,#1102,.T.);
#3005=EDGE_CURVE('',#3774,#3773,#4278,.T.);
#3006=EDGE_CURVE('',#3774,#3775,#1103,.T.);
#3007=EDGE_CURVE('',#3775,#3776,#4279,.T.);
#3008=EDGE_CURVE('',#3773,#3776,#1104,.T.);
#3009=EDGE_CURVE('',#3776,#3775,#4280,.T.);
#3010=EDGE_CURVE('',#3776,#3777,#1105,.T.);
#3011=EDGE_CURVE('',#3775,#3777,#1106,.T.);
#3012=EDGE_CURVE('',#3778,#3779,#4281,.T.);
#3013=EDGE_CURVE('',#3779,#3780,#1107,.T.);
#3014=EDGE_CURVE('',#3781,#3780,#4282,.T.);
#3015=EDGE_CURVE('',#3778,#3781,#1108,.T.);
#3016=EDGE_CURVE('',#3779,#3778,#4283,.T.);
#3017=EDGE_CURVE('',#3780,#3781,#4284,.T.);
#3018=EDGE_CURVE('',#3772,#3771,#4285,.T.);
#3019=EDGE_CURVE('',#3782,#3783,#4286,.T.);
#3020=EDGE_CURVE('',#3783,#3784,#1109,.T.);
#3021=EDGE_CURVE('',#3785,#3784,#4287,.T.);
#3022=EDGE_CURVE('',#3782,#3785,#1110,.T.);
#3023=EDGE_CURVE('',#3786,#3787,#4288,.T.);
#3024=EDGE_CURVE('',#3787,#3788,#1111,.T.);
#3025=EDGE_CURVE('',#3789,#3788,#4289,.T.);
#3026=EDGE_CURVE('',#3786,#3789,#1112,.T.);
#3027=EDGE_CURVE('',#3790,#3791,#4290,.T.);
#3028=EDGE_CURVE('',#3790,#3792,#1113,.T.);
#3029=EDGE_CURVE('',#3792,#3793,#4291,.T.);
#3030=EDGE_CURVE('',#3791,#3793,#1114,.T.);
#3031=EDGE_CURVE('',#3784,#3785,#4292,.T.);
#3032=EDGE_CURVE('',#3793,#3792,#4293,.T.);
#3033=EDGE_CURVE('',#3791,#3790,#4294,.T.);
#3034=EDGE_CURVE('',#3787,#3786,#4295,.T.);
#3035=EDGE_CURVE('',#3788,#3789,#4296,.T.);
#3036=EDGE_CURVE('',#3783,#3782,#4297,.T.);
#3037=EDGE_CURVE('',#3794,#3795,#4298,.T.);
#3038=EDGE_CURVE('',#3794,#3796,#1115,.T.);
#3039=EDGE_CURVE('',#3796,#3797,#4299,.T.);
#3040=EDGE_CURVE('',#3795,#3797,#1116,.T.);
#3041=EDGE_CURVE('',#3798,#3799,#4300,.T.);
#3042=EDGE_CURVE('',#3799,#3796,#1117,.T.);
#3043=EDGE_CURVE('',#3797,#3796,#4301,.T.);
#3044=EDGE_CURVE('',#3798,#3797,#1118,.T.);
#3045=EDGE_CURVE('',#3799,#3798,#4302,.T.);
#3046=EDGE_CURVE('',#3799,#3800,#1119,.T.);
#3047=EDGE_CURVE('',#3800,#3801,#4303,.T.);
#3048=EDGE_CURVE('',#3798,#3801,#1120,.T.);
#3049=EDGE_CURVE('',#3801,#3800,#4304,.T.);
#3050=EDGE_CURVE('',#3795,#3794,#4305,.T.);
#3051=EDGE_CURVE('',#3802,#3803,#4306,.F.);
#3052=EDGE_CURVE('',#3803,#3804,#1121,.T.);
#3053=EDGE_CURVE('',#3804,#3805,#4307,.T.);
#3054=EDGE_CURVE('',#3802,#3805,#1122,.T.);
#3055=EDGE_CURVE('',#3806,#3807,#156,.T.);
#3056=EDGE_CURVE('',#3808,#3807,#4308,.T.);
#3057=EDGE_CURVE('',#3808,#3809,#157,.F.);
#3058=EDGE_CURVE('',#3806,#3809,#4309,.T.);
#3059=EDGE_CURVE('',#3810,#3811,#158,.T.);
#3060=EDGE_CURVE('',#3811,#3812,#4310,.T.);
#3061=EDGE_CURVE('',#3812,#3813,#159,.F.);
#3062=EDGE_CURVE('',#3813,#3810,#4311,.T.);
#3063=EDGE_CURVE('',#3814,#3815,#160,.T.);
#3064=EDGE_CURVE('',#3816,#3815,#4312,.T.);
#3065=EDGE_CURVE('',#3816,#3817,#161,.F.);
#3066=EDGE_CURVE('',#3814,#3817,#4313,.T.);
#3067=EDGE_CURVE('',#3818,#3819,#4314,.T.);
#3068=EDGE_CURVE('',#3819,#3820,#1123,.T.);
#3069=EDGE_CURVE('',#3820,#3821,#4315,.T.);
#3070=EDGE_CURVE('',#3821,#3822,#162,.T.);
#3071=EDGE_CURVE('',#3822,#3823,#4316,.T.);
#3072=EDGE_CURVE('',#3823,#3824,#1124,.T.);
#3073=EDGE_CURVE('',#3824,#3825,#4317,.T.);
#3074=EDGE_CURVE('',#3826,#3825,#1125,.T.);
#3075=EDGE_CURVE('',#3826,#3827,#4318,.T.);
#3076=EDGE_CURVE('',#3827,#3828,#163,.F.);
#3077=EDGE_CURVE('',#3828,#3829,#4319,.T.);
#3078=EDGE_CURVE('',#3818,#3829,#1126,.T.);
#3079=EDGE_CURVE('',#3830,#3831,#164,.F.);
#3080=EDGE_CURVE('',#3830,#3832,#4320,.F.);
#3081=EDGE_CURVE('',#3832,#3817,#4321,.F.);
#3082=EDGE_CURVE('',#3816,#3831,#4322,.F.);
#3083=EDGE_CURVE('',#3833,#3834,#165,.F.);
#3084=EDGE_CURVE('',#3833,#3815,#4323,.F.);
#3085=EDGE_CURVE('',#3814,#3834,#4324,.F.);
#3086=EDGE_CURVE('',#3835,#3836,#166,.T.);
#3087=EDGE_CURVE('',#3835,#3813,#4325,.T.);
#3088=EDGE_CURVE('',#3812,#3836,#4326,.T.);
#3089=EDGE_CURVE('',#3837,#3838,#167,.T.);
#3090=EDGE_CURVE('',#3837,#3811,#4327,.T.);
#3091=EDGE_CURVE('',#3810,#3838,#4328,.T.);
#3092=EDGE_CURVE('',#3839,#3840,#168,.F.);
#3093=EDGE_CURVE('',#3839,#3809,#4329,.F.);
#3094=EDGE_CURVE('',#3808,#3840,#4330,.F.);
#3095=EDGE_CURVE('',#3841,#3842,#169,.F.);
#3096=EDGE_CURVE('',#3841,#3843,#4331,.F.);
#3097=EDGE_CURVE('',#3843,#3807,#4332,.F.);
#3098=EDGE_CURVE('',#3806,#3842,#4333,.F.);
#3099=EDGE_CURVE('',#3844,#3845,#170,.T.);
#3100=EDGE_CURVE('',#3844,#3828,#4334,.T.);
#3101=EDGE_CURVE('',#3827,#3845,#4335,.T.);
#3102=EDGE_CURVE('',#3846,#3847,#171,.T.);
#3103=EDGE_CURVE('',#3846,#3848,#4336,.T.);
#3104=EDGE_CURVE('',#3849,#3848,#172,.T.);
#3105=EDGE_CURVE('',#3849,#3847,#4337,.T.);
#3106=EDGE_CURVE('',#3850,#3851,#173,.F.);
#3107=EDGE_CURVE('',#3850,#3852,#4338,.F.);
#3108=EDGE_CURVE('',#3853,#3852,#174,.F.);
#3109=EDGE_CURVE('',#3853,#3851,#4339,.F.);
#3110=EDGE_CURVE('',#3854,#3855,#175,.F.);
#3111=EDGE_CURVE('',#3854,#3856,#4340,.F.);
#3112=EDGE_CURVE('',#3857,#3856,#176,.T.);
#3113=EDGE_CURVE('',#3857,#3855,#4341,.F.);
#3114=EDGE_CURVE('',#3858,#3859,#177,.T.);
#3115=EDGE_CURVE('',#3858,#3860,#4342,.T.);
#3116=EDGE_CURVE('',#3861,#3860,#178,.F.);
#3117=EDGE_CURVE('',#3861,#3859,#4343,.T.);
#3118=EDGE_CURVE('',#3862,#3863,#179,.T.);
#3119=EDGE_CURVE('',#3862,#3864,#4344,.T.);
#3120=EDGE_CURVE('',#3865,#3864,#180,.T.);
#3121=EDGE_CURVE('',#3865,#3863,#4345,.T.);
#3122=EDGE_CURVE('',#3866,#3867,#181,.F.);
#3123=EDGE_CURVE('',#3866,#3868,#4346,.F.);
#3124=EDGE_CURVE('',#3869,#3868,#182,.F.);
#3125=EDGE_CURVE('',#3869,#3867,#4347,.F.);
#3126=EDGE_CURVE('',#3870,#3871,#183,.F.);
#3127=EDGE_CURVE('',#3870,#3872,#4348,.F.);
#3128=EDGE_CURVE('',#3873,#3872,#184,.T.);
#3129=EDGE_CURVE('',#3873,#3874,#4349,.F.);
#3130=EDGE_CURVE('',#3874,#3871,#4350,.F.);
#3131=EDGE_CURVE('',#3875,#3876,#185,.T.);
#3132=EDGE_CURVE('',#3875,#3877,#4351,.T.);
#3133=EDGE_CURVE('',#3878,#3877,#186,.F.);
#3134=EDGE_CURVE('',#3878,#3876,#4352,.T.);
#3135=EDGE_CURVE('',#3879,#3880,#187,.T.);
#3136=EDGE_CURVE('',#3879,#3822,#4353,.T.);
#3137=EDGE_CURVE('',#3821,#3880,#4354,.T.);
#3138=EDGE_CURVE('',#3819,#3818,#4355,.T.);
#3139=EDGE_CURVE('',#3803,#3802,#4356,.F.);
#3140=EDGE_CURVE('',#3805,#3804,#4357,.T.);
#3141=EDGE_CURVE('',#3829,#3849,#4358,.T.);
#3142=EDGE_CURVE('',#3848,#3826,#4359,.T.);
#3143=EDGE_CURVE('',#3825,#3824,#4360,.T.);
#3144=EDGE_CURVE('',#3823,#3878,#4361,.T.);
#3145=EDGE_CURVE('',#3877,#3820,#4362,.T.);
#3146=EDGE_CURVE('',#3853,#3856,#4363,.T.);
#3147=EDGE_CURVE('',#3857,#3852,#4364,.T.);
#3148=EDGE_CURVE('',#3864,#3861,#4365,.T.);
#3149=EDGE_CURVE('',#3860,#3865,#4366,.T.);
#3150=EDGE_CURVE('',#3869,#3872,#4367,.T.);
#3151=EDGE_CURVE('',#3873,#3868,#4368,.T.);
#3152=EDGE_CURVE('',#3881,#3882,#188,.F.);
#3153=EDGE_CURVE('',#3882,#3883,#4369,.T.);
#3154=EDGE_CURVE('',#3884,#3883,#189,.T.);
#3155=EDGE_CURVE('',#3875,#3884,#190,.T.);
#3156=EDGE_CURVE('',#3885,#3876,#191,.T.);
#3157=EDGE_CURVE('',#3886,#3885,#192,.T.);
#3158=EDGE_CURVE('',#3886,#3887,#4370,.T.);
#3159=EDGE_CURVE('',#3887,#3888,#193,.F.);
#3160=EDGE_CURVE('',#3888,#3881,#194,.F.);
#3161=EDGE_CURVE('',#3889,#3890,#195,.T.);
#3162=EDGE_CURVE('',#3890,#3891,#4371,.F.);
#3163=EDGE_CURVE('',#3891,#3892,#196,.T.);
#3164=EDGE_CURVE('',#3892,#3893,#197,.T.);
#3165=EDGE_CURVE('',#3893,#3894,#198,.T.);
#3166=EDGE_CURVE('',#3894,#3895,#4372,.F.);
#3167=EDGE_CURVE('',#3895,#3896,#199,.T.);
#3168=EDGE_CURVE('',#3896,#3879,#200,.T.);
#3169=EDGE_CURVE('',#3880,#3889,#201,.T.);
#3170=EDGE_CURVE('',#3883,#3890,#202,.T.);
#3171=EDGE_CURVE('',#3884,#3889,#203,.T.);
#3172=EDGE_CURVE('',#3885,#3896,#204,.T.);
#3173=EDGE_CURVE('',#3895,#3886,#205,.F.);
#3174=EDGE_CURVE('',#3897,#3898,#4373,.T.);
#3175=EDGE_CURVE('',#3898,#3899,#206,.T.);
#3176=EDGE_CURVE('',#3899,#3900,#207,.T.);
#3177=EDGE_CURVE('',#3900,#3901,#208,.T.);
#3178=EDGE_CURVE('',#3901,#3870,#209,.T.);
#3179=EDGE_CURVE('',#3871,#3902,#210,.T.);
#3180=EDGE_CURVE('',#3902,#3897,#211,.T.);
#3181=EDGE_CURVE('',#3903,#3904,#212,.T.);
#3182=EDGE_CURVE('',#3903,#3905,#213,.F.);
#3183=EDGE_CURVE('',#3905,#3906,#4374,.F.);
#3184=EDGE_CURVE('',#3907,#3906,#214,.T.);
#3185=EDGE_CURVE('',#3866,#3907,#215,.T.);
#3186=EDGE_CURVE('',#3908,#3867,#216,.T.);
#3187=EDGE_CURVE('',#3908,#3904,#217,.T.);
#3188=EDGE_CURVE('',#3906,#3897,#218,.F.);
#3189=EDGE_CURVE('',#3902,#3907,#219,.T.);
#3190=EDGE_CURVE('',#3899,#3909,#10,.F.);
#3191=EDGE_CURVE('',#3909,#3910,#220,.T.);
#3192=EDGE_CURVE('',#3910,#3903,#11,.F.);
#3193=EDGE_CURVE('',#3904,#3911,#221,.F.);
#3194=EDGE_CURVE('',#3912,#3911,#222,.T.);
#3195=EDGE_CURVE('',#3912,#3900,#223,.T.);
#3196=EDGE_CURVE('',#3913,#3914,#224,.T.);
#3197=EDGE_CURVE('',#3913,#3912,#225,.T.);
#3198=EDGE_CURVE('',#3911,#3914,#226,.T.);
#3199=EDGE_CURVE('',#3915,#3916,#227,.T.);
#3200=EDGE_CURVE('',#3915,#3913,#228,.T.);
#3201=EDGE_CURVE('',#3914,#3916,#229,.F.);
#3202=EDGE_CURVE('',#3901,#3915,#230,.T.);
#3203=EDGE_CURVE('',#3916,#3908,#231,.F.);
#3204=EDGE_CURVE('',#3917,#3918,#232,.T.);
#3205=EDGE_CURVE('',#3917,#3919,#4375,.T.);
#3206=EDGE_CURVE('',#3919,#3920,#233,.F.);
#3207=EDGE_CURVE('',#3920,#3921,#234,.F.);
#3208=EDGE_CURVE('',#3921,#3922,#235,.F.);
#3209=EDGE_CURVE('',#3922,#3923,#4376,.T.);
#3210=EDGE_CURVE('',#3924,#3923,#236,.T.);
#3211=EDGE_CURVE('',#3858,#3924,#237,.T.);
#3212=EDGE_CURVE('',#3918,#3859,#238,.T.);
#3213=EDGE_CURVE('',#3925,#3926,#239,.T.);
#3214=EDGE_CURVE('',#3926,#3927,#4377,.F.);
#3215=EDGE_CURVE('',#3927,#3928,#240,.T.);
#3216=EDGE_CURVE('',#3928,#3862,#241,.T.);
#3217=EDGE_CURVE('',#3863,#3929,#242,.T.);
#3218=EDGE_CURVE('',#3929,#3930,#243,.T.);
#3219=EDGE_CURVE('',#3930,#3931,#4378,.F.);
#3220=EDGE_CURVE('',#3931,#3932,#244,.T.);
#3221=EDGE_CURVE('',#3932,#3925,#245,.T.);
#3222=EDGE_CURVE('',#3923,#3930,#246,.T.);
#3223=EDGE_CURVE('',#3924,#3929,#247,.T.);
#3224=EDGE_CURVE('',#3918,#3928,#248,.T.);
#3225=EDGE_CURVE('',#3927,#3917,#249,.F.);
#3226=EDGE_CURVE('',#3933,#3934,#4379,.T.);
#3227=EDGE_CURVE('',#3934,#3935,#250,.T.);
#3228=EDGE_CURVE('',#3935,#3936,#251,.T.);
#3229=EDGE_CURVE('',#3936,#3937,#252,.T.);
#3230=EDGE_CURVE('',#3937,#3854,#253,.T.);
#3231=EDGE_CURVE('',#3855,#3938,#254,.T.);
#3232=EDGE_CURVE('',#3938,#3933,#255,.T.);
#3233=EDGE_CURVE('',#3939,#3940,#256,.T.);
#3234=EDGE_CURVE('',#3939,#3941,#257,.F.);
#3235=EDGE_CURVE('',#3941,#3942,#4380,.F.);
#3236=EDGE_CURVE('',#3943,#3942,#258,.T.);
#3237=EDGE_CURVE('',#3850,#3943,#259,.T.);
#3238=EDGE_CURVE('',#3944,#3851,#260,.T.);
#3239=EDGE_CURVE('',#3944,#3940,#261,.T.);
#3240=EDGE_CURVE('',#3942,#3933,#262,.F.);
#3241=EDGE_CURVE('',#3938,#3943,#263,.T.);
#3242=EDGE_CURVE('',#3935,#3945,#12,.F.);
#3243=EDGE_CURVE('',#3945,#3946,#264,.T.);
#3244=EDGE_CURVE('',#3946,#3939,#13,.F.);
#3245=EDGE_CURVE('',#3940,#3947,#265,.F.);
#3246=EDGE_CURVE('',#3948,#3947,#266,.T.);
#3247=EDGE_CURVE('',#3948,#3936,#267,.T.);
#3248=EDGE_CURVE('',#3949,#3950,#268,.T.);
#3249=EDGE_CURVE('',#3949,#3948,#269,.T.);
#3250=EDGE_CURVE('',#3947,#3950,#270,.T.);
#3251=EDGE_CURVE('',#3951,#3952,#271,.T.);
#3252=EDGE_CURVE('',#3951,#3949,#272,.T.);
#3253=EDGE_CURVE('',#3950,#3952,#273,.F.);
#3254=EDGE_CURVE('',#3937,#3951,#274,.T.);
#3255=EDGE_CURVE('',#3952,#3944,#275,.F.);
#3256=EDGE_CURVE('',#3953,#3954,#276,.T.);
#3257=EDGE_CURVE('',#3953,#3955,#4381,.T.);
#3258=EDGE_CURVE('',#3955,#3956,#277,.F.);
#3259=EDGE_CURVE('',#3956,#3957,#278,.F.);
#3260=EDGE_CURVE('',#3957,#3958,#279,.F.);
#3261=EDGE_CURVE('',#3958,#3959,#4382,.T.);
#3262=EDGE_CURVE('',#3960,#3959,#280,.T.);
#3263=EDGE_CURVE('',#3844,#3960,#281,.T.);
#3264=EDGE_CURVE('',#3954,#3845,#282,.T.);
#3265=EDGE_CURVE('',#3961,#3962,#283,.T.);
#3266=EDGE_CURVE('',#3962,#3963,#4383,.F.);
#3267=EDGE_CURVE('',#3963,#3964,#284,.T.);
#3268=EDGE_CURVE('',#3964,#3846,#285,.T.);
#3269=EDGE_CURVE('',#3847,#3965,#286,.T.);
#3270=EDGE_CURVE('',#3965,#3966,#287,.T.);
#3271=EDGE_CURVE('',#3966,#3967,#4384,.F.);
#3272=EDGE_CURVE('',#3967,#3968,#288,.T.);
#3273=EDGE_CURVE('',#3968,#3961,#289,.T.);
#3274=EDGE_CURVE('',#3959,#3966,#290,.T.);
#3275=EDGE_CURVE('',#3960,#3965,#291,.T.);
#3276=EDGE_CURVE('',#3954,#3964,#292,.T.);
#3277=EDGE_CURVE('',#3963,#3953,#293,.F.);
#3278=EDGE_CURVE('',#3969,#3970,#4385,.T.);
#3279=EDGE_CURVE('',#3970,#3971,#294,.T.);
#3280=EDGE_CURVE('',#3971,#3972,#295,.T.);
#3281=EDGE_CURVE('',#3972,#3973,#296,.T.);
#3282=EDGE_CURVE('',#3973,#3841,#297,.T.);
#3283=EDGE_CURVE('',#3842,#3974,#298,.T.);
#3284=EDGE_CURVE('',#3974,#3969,#299,.T.);
#3285=EDGE_CURVE('',#3975,#3976,#300,.T.);
#3286=EDGE_CURVE('',#3975,#3977,#301,.F.);
#3287=EDGE_CURVE('',#3977,#3978,#4386,.F.);
#3288=EDGE_CURVE('',#3979,#3978,#302,.T.);
#3289=EDGE_CURVE('',#3839,#3979,#303,.T.);
#3290=EDGE_CURVE('',#3980,#3840,#304,.T.);
#3291=EDGE_CURVE('',#3980,#3976,#305,.T.);
#3292=EDGE_CURVE('',#3978,#3969,#306,.F.);
#3293=EDGE_CURVE('',#3974,#3979,#307,.T.);
#3294=EDGE_CURVE('',#3971,#3981,#14,.F.);
#3295=EDGE_CURVE('',#3981,#3982,#308,.T.);
#3296=EDGE_CURVE('',#3982,#3975,#15,.F.);
#3297=EDGE_CURVE('',#3976,#3983,#309,.F.);
#3298=EDGE_CURVE('',#3984,#3983,#310,.T.);
#3299=EDGE_CURVE('',#3984,#3972,#311,.T.);
#3300=EDGE_CURVE('',#3985,#3986,#312,.T.);
#3301=EDGE_CURVE('',#3985,#3984,#313,.T.);
#3302=EDGE_CURVE('',#3983,#3986,#314,.T.);
#3303=EDGE_CURVE('',#3987,#3988,#315,.T.);
#3304=EDGE_CURVE('',#3987,#3985,#316,.T.);
#3305=EDGE_CURVE('',#3986,#3988,#317,.F.);
#3306=EDGE_CURVE('',#3973,#3987,#318,.T.);
#3307=EDGE_CURVE('',#3988,#3980,#319,.F.);
#3308=EDGE_CURVE('',#3989,#3990,#320,.T.);
#3309=EDGE_CURVE('',#3989,#3991,#4387,.T.);
#3310=EDGE_CURVE('',#3991,#3992,#321,.F.);
#3311=EDGE_CURVE('',#3992,#3993,#322,.F.);
#3312=EDGE_CURVE('',#3993,#3994,#323,.F.);
#3313=EDGE_CURVE('',#3994,#3995,#4388,.T.);
#3314=EDGE_CURVE('',#3996,#3995,#324,.T.);
#3315=EDGE_CURVE('',#3835,#3996,#325,.T.);
#3316=EDGE_CURVE('',#3990,#3836,#326,.T.);
#3317=EDGE_CURVE('',#3997,#3998,#327,.T.);
#3318=EDGE_CURVE('',#3998,#3999,#4389,.F.);
#3319=EDGE_CURVE('',#3999,#4000,#328,.T.);
#3320=EDGE_CURVE('',#4000,#3837,#329,.T.);
#3321=EDGE_CURVE('',#3838,#4001,#330,.T.);
#3322=EDGE_CURVE('',#4001,#4002,#331,.T.);
#3323=EDGE_CURVE('',#4002,#4003,#4390,.F.);
#3324=EDGE_CURVE('',#4003,#4004,#332,.T.);
#3325=EDGE_CURVE('',#4004,#3997,#333,.T.);
#3326=EDGE_CURVE('',#3995,#4002,#334,.T.);
#3327=EDGE_CURVE('',#3996,#4001,#335,.T.);
#3328=EDGE_CURVE('',#3990,#4000,#336,.T.);
#3329=EDGE_CURVE('',#3999,#3989,#337,.F.);
#3330=EDGE_CURVE('',#4005,#4006,#4391,.T.);
#3331=EDGE_CURVE('',#4006,#4007,#338,.T.);
#3332=EDGE_CURVE('',#4007,#4008,#339,.T.);
#3333=EDGE_CURVE('',#4008,#4009,#340,.T.);
#3334=EDGE_CURVE('',#4009,#3833,#341,.T.);
#3335=EDGE_CURVE('',#3834,#4010,#342,.T.);
#3336=EDGE_CURVE('',#4010,#4005,#343,.T.);
#3337=EDGE_CURVE('',#4011,#4012,#344,.T.);
#3338=EDGE_CURVE('',#4011,#4013,#345,.F.);
#3339=EDGE_CURVE('',#4013,#4014,#4392,.F.);
#3340=EDGE_CURVE('',#4015,#4014,#346,.T.);
#3341=EDGE_CURVE('',#3830,#4015,#347,.T.);
#3342=EDGE_CURVE('',#4016,#3831,#348,.T.);
#3343=EDGE_CURVE('',#4016,#4012,#349,.T.);
#3344=EDGE_CURVE('',#4014,#4005,#350,.F.);
#3345=EDGE_CURVE('',#4010,#4015,#351,.T.);
#3346=EDGE_CURVE('',#4007,#4017,#16,.F.);
#3347=EDGE_CURVE('',#4017,#4018,#352,.T.);
#3348=EDGE_CURVE('',#4018,#4011,#17,.F.);
#3349=EDGE_CURVE('',#4012,#4019,#353,.F.);
#3350=EDGE_CURVE('',#4020,#4019,#354,.T.);
#3351=EDGE_CURVE('',#4020,#4008,#355,.T.);
#3352=EDGE_CURVE('',#4021,#4022,#356,.T.);
#3353=EDGE_CURVE('',#4021,#4020,#357,.T.);
#3354=EDGE_CURVE('',#4019,#4022,#358,.T.);
#3355=EDGE_CURVE('',#4023,#4024,#359,.T.);
#3356=EDGE_CURVE('',#4023,#4021,#360,.T.);
#3357=EDGE_CURVE('',#4022,#4024,#361,.F.);
#3358=EDGE_CURVE('',#4009,#4023,#362,.T.);
#3359=EDGE_CURVE('',#4024,#4016,#363,.F.);
#3360=EDGE_CURVE('',#4013,#4025,#18,.F.);
#3361=EDGE_CURVE('',#4026,#4018,#19,.F.);
#3362=EDGE_CURVE('',#4026,#4017,#20,.F.);
#3363=EDGE_CURVE('',#4006,#4025,#21,.F.);
#3364=EDGE_CURVE('',#3905,#4027,#22,.F.);
#3365=EDGE_CURVE('',#4028,#3910,#23,.F.);
#3366=EDGE_CURVE('',#4028,#3909,#24,.F.);
#3367=EDGE_CURVE('',#3898,#4027,#25,.F.);
#3368=EDGE_CURVE('',#3941,#4029,#26,.F.);
#3369=EDGE_CURVE('',#4030,#3946,#27,.F.);
#3370=EDGE_CURVE('',#4030,#3945,#28,.F.);
#3371=EDGE_CURVE('',#3934,#4029,#29,.F.);
#3372=EDGE_CURVE('',#3977,#4031,#30,.F.);
#3373=EDGE_CURVE('',#4032,#3982,#31,.F.);
#3374=EDGE_CURVE('',#4032,#3981,#32,.F.);
#3375=EDGE_CURVE('',#3970,#4031,#33,.F.);
#3376=EDGE_CURVE('',#4003,#4033,#34,.T.);
#3377=EDGE_CURVE('',#4033,#3994,#35,.F.);
#3378=EDGE_CURVE('',#4034,#3993,#4393,.T.);
#3379=EDGE_CURVE('',#4004,#4034,#4394,.T.);
#3380=EDGE_CURVE('',#4004,#3993,#4395,.F.);
#3381=EDGE_CURVE('',#3997,#3992,#4396,.T.);
#3382=EDGE_CURVE('',#3997,#3992,#4397,.F.);
#3383=EDGE_CURVE('',#3998,#4035,#36,.F.);
#3384=EDGE_CURVE('',#3991,#4035,#37,.F.);
#3385=EDGE_CURVE('',#3894,#4036,#38,.F.);
#3386=EDGE_CURVE('',#4037,#3893,#4398,.T.);
#3387=EDGE_CURVE('',#3888,#4037,#4399,.T.);
#3388=EDGE_CURVE('',#3887,#4036,#39,.F.);
#3389=EDGE_CURVE('',#3888,#3893,#4400,.F.);
#3390=EDGE_CURVE('',#3881,#3892,#4401,.T.);
#3391=EDGE_CURVE('',#3881,#3892,#4402,.F.);
#3392=EDGE_CURVE('',#3891,#4038,#40,.T.);
#3393=EDGE_CURVE('',#4038,#3882,#41,.F.);
#3394=EDGE_CURVE('',#3931,#4039,#42,.T.);
#3395=EDGE_CURVE('',#4039,#3922,#43,.F.);
#3396=EDGE_CURVE('',#3932,#3921,#4403,.T.);
#3397=EDGE_CURVE('',#3932,#3921,#4404,.F.);
#3398=EDGE_CURVE('',#3925,#3920,#4405,.T.);
#3399=EDGE_CURVE('',#4040,#3920,#4406,.F.);
#3400=EDGE_CURVE('',#3925,#4040,#4407,.F.);
#3401=EDGE_CURVE('',#3926,#4041,#44,.F.);
#3402=EDGE_CURVE('',#3919,#4041,#45,.F.);
#3403=EDGE_CURVE('',#3967,#4042,#46,.T.);
#3404=EDGE_CURVE('',#4042,#3958,#47,.F.);
#3405=EDGE_CURVE('',#4043,#3957,#4408,.T.);
#3406=EDGE_CURVE('',#3968,#4043,#4409,.T.);
#3407=EDGE_CURVE('',#3968,#3957,#4410,.F.);
#3408=EDGE_CURVE('',#4044,#3956,#4411,.T.);
#3409=EDGE_CURVE('',#3961,#4044,#4412,.T.);
#3410=EDGE_CURVE('',#3961,#3956,#4413,.F.);
#3411=EDGE_CURVE('',#3962,#4045,#48,.F.);
#3412=EDGE_CURVE('',#3955,#4045,#49,.F.);
#3413=EDGE_CURVE('',#4046,#4047,#4414,.T.);
#3414=EDGE_CURVE('',#4047,#4048,#1127,.T.);
#3415=EDGE_CURVE('',#4049,#4048,#4415,.T.);
#3416=EDGE_CURVE('',#4046,#4049,#1128,.T.);
#3417=EDGE_CURVE('',#4050,#4051,#1129,.T.);
#3418=EDGE_CURVE('',#4050,#4052,#1130,.T.);
#3419=EDGE_CURVE('',#4051,#4052,#4416,.T.);
#3420=EDGE_CURVE('',#4053,#4054,#4417,.T.);
#3421=EDGE_CURVE('',#4053,#4055,#1131,.T.);
#3422=EDGE_CURVE('',#4055,#4056,#4418,.T.);
#3423=EDGE_CURVE('',#4057,#4056,#1132,.T.);
#3424=EDGE_CURVE('',#4058,#4057,#4419,.T.);
#3425=EDGE_CURVE('',#4058,#4059,#364,.F.);
#3426=EDGE_CURVE('',#4060,#4059,#4420,.T.);
#3427=EDGE_CURVE('',#4060,#4061,#365,.T.);
#3428=EDGE_CURVE('',#4062,#4061,#4421,.T.);
#3429=EDGE_CURVE('',#4062,#4063,#366,.F.);
#3430=EDGE_CURVE('',#4064,#4063,#4422,.T.);
#3431=EDGE_CURVE('',#4064,#4054,#367,.T.);
#3432=EDGE_CURVE('',#4065,#4066,#4423,.T.);
#3433=EDGE_CURVE('',#4066,#4067,#1133,.T.);
#3434=EDGE_CURVE('',#4068,#4067,#4424,.T.);
#3435=EDGE_CURVE('',#4069,#4068,#1134,.T.);
#3436=EDGE_CURVE('',#4069,#4070,#4425,.T.);
#3437=EDGE_CURVE('',#4071,#4070,#368,.F.);
#3438=EDGE_CURVE('',#4071,#4072,#4426,.T.);
#3439=EDGE_CURVE('',#4072,#4065,#369,.F.);
#3440=EDGE_CURVE('',#4066,#4073,#4427,.T.);
#3441=EDGE_CURVE('',#4073,#4074,#370,.T.);
#3442=EDGE_CURVE('',#4074,#4075,#4428,.T.);
#3443=EDGE_CURVE('',#4076,#4075,#371,.T.);
#3444=EDGE_CURVE('',#4076,#4069,#4429,.T.);
#3445=EDGE_CURVE('',#4067,#4068,#4430,.T.);
#3446=EDGE_CURVE('',#4077,#4053,#4431,.T.);
#3447=EDGE_CURVE('',#4077,#4078,#372,.F.);
#3448=EDGE_CURVE('',#4079,#4078,#4432,.T.);
#3449=EDGE_CURVE('',#4079,#4080,#373,.T.);
#3450=EDGE_CURVE('',#4081,#4080,#4433,.T.);
#3451=EDGE_CURVE('',#4081,#4082,#374,.F.);
#3452=EDGE_CURVE('',#4083,#4082,#4434,.T.);
#3453=EDGE_CURVE('',#4083,#4084,#375,.T.);
#3454=EDGE_CURVE('',#4057,#4084,#4435,.T.);
#3455=EDGE_CURVE('',#4056,#4055,#4436,.T.);
#3456=EDGE_CURVE('',#4048,#4049,#4437,.T.);
#3457=EDGE_CURVE('',#4052,#4051,#4438,.T.);
#3458=EDGE_CURVE('',#4047,#4046,#4439,.T.);
#3459=EDGE_CURVE('',#4073,#4085,#376,.T.);
#3460=EDGE_CURVE('',#4086,#4065,#377,.T.);
#3461=EDGE_CURVE('',#4086,#4087,#378,.T.);
#3462=EDGE_CURVE('',#4087,#4070,#379,.T.);
#3463=EDGE_CURVE('',#4076,#4088,#380,.T.);
#3464=EDGE_CURVE('',#4085,#4088,#381,.T.);
#3465=EDGE_CURVE('',#4089,#4090,#4440,.T.);
#3466=EDGE_CURVE('',#4090,#4079,#4441,.F.);
#3467=EDGE_CURVE('',#4078,#4091,#4442,.F.);
#3468=EDGE_CURVE('',#4091,#4092,#4443,.T.);
#3469=EDGE_CURVE('',#4092,#4064,#4444,.F.);
#3470=EDGE_CURVE('',#4063,#4093,#4445,.F.);
#3471=EDGE_CURVE('',#4093,#4094,#4446,.T.);
#3472=EDGE_CURVE('',#4094,#4060,#4447,.F.);
#3473=EDGE_CURVE('',#4059,#4095,#4448,.F.);
#3474=EDGE_CURVE('',#4095,#4096,#4449,.T.);
#3475=EDGE_CURVE('',#4096,#4083,#4450,.F.);
#3476=EDGE_CURVE('',#4082,#4089,#4451,.F.);
#3477=EDGE_CURVE('',#4089,#4097,#382,.F.);
#3478=EDGE_CURVE('',#4097,#4098,#4452,.T.);
#3479=EDGE_CURVE('',#4098,#4090,#383,.T.);
#3480=EDGE_CURVE('',#4080,#4098,#4453,.T.);
#3481=EDGE_CURVE('',#4097,#4081,#4454,.T.);
#3482=EDGE_CURVE('',#4095,#4099,#384,.F.);
#3483=EDGE_CURVE('',#4099,#4100,#4455,.T.);
#3484=EDGE_CURVE('',#4100,#4096,#385,.T.);
#3485=EDGE_CURVE('',#4084,#4100,#4456,.T.);
#3486=EDGE_CURVE('',#4099,#4058,#4457,.T.);
#3487=EDGE_CURVE('',#4093,#4101,#386,.F.);
#3488=EDGE_CURVE('',#4101,#4102,#4458,.T.);
#3489=EDGE_CURVE('',#4102,#4094,#387,.T.);
#3490=EDGE_CURVE('',#4061,#4102,#4459,.T.);
#3491=EDGE_CURVE('',#4101,#4062,#4460,.T.);
#3492=EDGE_CURVE('',#4091,#4103,#388,.F.);
#3493=EDGE_CURVE('',#4103,#4104,#4461,.T.);
#3494=EDGE_CURVE('',#4104,#4092,#389,.T.);
#3495=EDGE_CURVE('',#4054,#4104,#4462,.T.);
#3496=EDGE_CURVE('',#4103,#4077,#4463,.T.);
#3497=EDGE_CURVE('',#4105,#4086,#390,.T.);
#3498=EDGE_CURVE('',#4105,#4106,#391,.T.);
#3499=EDGE_CURVE('',#4106,#4087,#392,.T.);
#3500=EDGE_CURVE('',#4106,#4071,#393,.T.);
#3501=EDGE_CURVE('',#4105,#4072,#394,.T.);
#3502=EDGE_CURVE('',#4107,#4085,#395,.T.);
#3503=EDGE_CURVE('',#4074,#4107,#396,.T.);
#3504=EDGE_CURVE('',#4075,#4108,#397,.T.);
#3505=EDGE_CURVE('',#4108,#4088,#398,.T.);
#3506=EDGE_CURVE('',#4107,#4108,#399,.T.);
#3507=EDGE_CURVE('',#4109,#4110,#1135,.T.);
#3508=EDGE_CURVE('',#4109,#4111,#1136,.T.);
#3509=EDGE_CURVE('',#4111,#4110,#4464,.T.);
#3510=EDGE_CURVE('',#4112,#4113,#4465,.T.);
#3511=EDGE_CURVE('',#4112,#4114,#1137,.T.);
#3512=EDGE_CURVE('',#4114,#4115,#4466,.T.);
#3513=EDGE_CURVE('',#4113,#4115,#1138,.T.);
#3514=EDGE_CURVE('',#4110,#4111,#4467,.T.);
#3515=EDGE_CURVE('',#4115,#4114,#4468,.T.);
#3516=EDGE_CURVE('',#4113,#4112,#4469,.T.);
#3517=EDGE_CURVE('',#4116,#4117,#1139,.T.);
#3518=EDGE_CURVE('',#4116,#4118,#1140,.T.);
#3519=EDGE_CURVE('',#4118,#4119,#1141,.T.);
#3520=EDGE_CURVE('',#4117,#4119,#1142,.T.);
#3521=EDGE_CURVE('',#4118,#4116,#1143,.T.);
#3522=EDGE_CURVE('',#4119,#4117,#1144,.T.);
#3523=EDGE_CURVE('',#4119,#4118,#1145,.T.);
#3524=EDGE_CURVE('',#4117,#4116,#1146,.T.);
#3525=EDGE_CURVE('',#4120,#4121,#4470,.T.);
#3526=EDGE_CURVE('',#4120,#4122,#1147,.T.);
#3527=EDGE_CURVE('',#4122,#4123,#4471,.T.);
#3528=EDGE_CURVE('',#4121,#4123,#1148,.T.);
#3529=EDGE_CURVE('',#4124,#4125,#4472,.T.);
#3530=EDGE_CURVE('',#4125,#4126,#1149,.T.);
#3531=EDGE_CURVE('',#4127,#4126,#4473,.T.);
#3532=EDGE_CURVE('',#4124,#4127,#1150,.T.);
#3533=EDGE_CURVE('',#4126,#4127,#4474,.T.);
#3534=EDGE_CURVE('',#4123,#4122,#4475,.T.);
#3535=EDGE_CURVE('',#4125,#4124,#4476,.T.);
#3536=EDGE_CURVE('',#4121,#4120,#4477,.T.);
#3537=EDGE_CURVE('',#4128,#4129,#4478,.T.);
#3538=EDGE_CURVE('',#4129,#4130,#1151,.T.);
#3539=EDGE_CURVE('',#4131,#4130,#4479,.T.);
#3540=EDGE_CURVE('',#4128,#4131,#1152,.T.);
#3541=EDGE_CURVE('',#4129,#4128,#4480,.T.);
#3542=EDGE_CURVE('',#4130,#4131,#4481,.T.);
#3543=EDGE_CURVE('',#4132,#4133,#400,.T.);
#3544=EDGE_CURVE('',#4132,#4134,#401,.T.);
#3545=EDGE_CURVE('',#4134,#4135,#402,.T.);
#3546=EDGE_CURVE('',#4133,#4135,#403,.T.);
#3547=EDGE_CURVE('',#4133,#4136,#404,.T.);
#3548=EDGE_CURVE('',#4135,#4137,#405,.T.);
#3549=EDGE_CURVE('',#4136,#4137,#406,.T.);
#3550=EDGE_CURVE('',#4136,#4138,#407,.T.);
#3551=EDGE_CURVE('',#4137,#4139,#408,.T.);
#3552=EDGE_CURVE('',#4138,#4139,#409,.T.);
#3553=EDGE_CURVE('',#4138,#4140,#410,.T.);
#3554=EDGE_CURVE('',#4139,#4141,#411,.T.);
#3555=EDGE_CURVE('',#4140,#4141,#412,.T.);
#3556=EDGE_CURVE('',#4140,#4142,#413,.T.);
#3557=EDGE_CURVE('',#4141,#4143,#414,.T.);
#3558=EDGE_CURVE('',#4142,#4143,#415,.T.);
#3559=EDGE_CURVE('',#4142,#4132,#416,.T.);
#3560=EDGE_CURVE('',#4143,#4134,#417,.T.);
#3561=EDGE_CURVE('',#4144,#4145,#418,.T.);
#3562=EDGE_CURVE('',#4146,#4144,#419,.T.);
#3563=EDGE_CURVE('',#4146,#4147,#420,.T.);
#3564=EDGE_CURVE('',#4147,#4145,#421,.T.);
#3565=EDGE_CURVE('',#4144,#4148,#422,.T.);
#3566=EDGE_CURVE('',#4149,#4148,#423,.T.);
#3567=EDGE_CURVE('',#4146,#4149,#424,.T.);
#3568=EDGE_CURVE('',#4148,#4150,#425,.T.);
#3569=EDGE_CURVE('',#4151,#4150,#426,.T.);
#3570=EDGE_CURVE('',#4149,#4151,#427,.T.);
#3571=EDGE_CURVE('',#4145,#4150,#428,.T.);
#3572=EDGE_CURVE('',#4147,#4151,#429,.T.);
#3573=EDGE_CURVE('',#4152,#4153,#430,.T.);
#3574=EDGE_CURVE('',#4154,#4152,#431,.T.);
#3575=EDGE_CURVE('',#4154,#4155,#432,.T.);
#3576=EDGE_CURVE('',#4155,#4153,#433,.T.);
#3577=EDGE_CURVE('',#4156,#4157,#434,.T.);
#3578=EDGE_CURVE('',#4158,#4156,#435,.T.);
#3579=EDGE_CURVE('',#4159,#4158,#436,.T.);
#3580=EDGE_CURVE('',#4160,#4159,#437,.T.);
#3581=EDGE_CURVE('',#4161,#4160,#438,.T.);
#3582=EDGE_CURVE('',#4157,#4161,#439,.T.);
#3583=EDGE_CURVE('',#4162,#4163,#440,.T.);
#3584=EDGE_CURVE('',#4164,#4163,#441,.T.);
#3585=EDGE_CURVE('',#4165,#4164,#442,.T.);
#3586=EDGE_CURVE('',#4165,#4162,#443,.T.);
#3587=EDGE_CURVE('',#4152,#4162,#444,.T.);
#3588=EDGE_CURVE('',#4154,#4165,#445,.T.);
#3589=EDGE_CURVE('',#4153,#4163,#446,.T.);
#3590=EDGE_CURVE('',#4155,#4164,#447,.T.);
#3591=EDGE_CURVE('',#4166,#4167,#448,.T.);
#3592=EDGE_CURVE('',#4167,#4168,#449,.T.);
#3593=EDGE_CURVE('',#4168,#4169,#450,.T.);
#3594=EDGE_CURVE('',#4169,#4170,#451,.T.);
#3595=EDGE_CURVE('',#4170,#4171,#452,.T.);
#3596=EDGE_CURVE('',#4171,#4166,#453,.T.);
#3597=EDGE_CURVE('',#4171,#4158,#454,.T.);
#3598=EDGE_CURVE('',#4166,#4156,#455,.T.);
#3599=EDGE_CURVE('',#4170,#4159,#456,.T.);
#3600=EDGE_CURVE('',#4169,#4160,#457,.T.);
#3601=EDGE_CURVE('',#4168,#4161,#458,.T.);
#3602=EDGE_CURVE('',#4167,#4157,#459,.T.);
#3603=EDGE_CURVE('',#4172,#4173,#4482,.T.);
#3604=EDGE_CURVE('',#4172,#4174,#1153,.T.);
#3605=EDGE_CURVE('',#4174,#4175,#4483,.T.);
#3606=EDGE_CURVE('',#4173,#4175,#1154,.T.);
#3607=EDGE_CURVE('',#4173,#4172,#4484,.T.);
#3608=EDGE_CURVE('',#4172,#4176,#1155,.T.);
#3609=EDGE_CURVE('',#4177,#4176,#4485,.T.);
#3610=EDGE_CURVE('',#4173,#4177,#1156,.T.);
#3611=EDGE_CURVE('',#4178,#4179,#4486,.T.);
#3612=EDGE_CURVE('',#4178,#4176,#1157,.T.);
#3613=EDGE_CURVE('',#4176,#4177,#4487,.T.);
#3614=EDGE_CURVE('',#4179,#4177,#1158,.T.);
#3615=EDGE_CURVE('',#4179,#4178,#4488,.T.);
#3616=EDGE_CURVE('',#4175,#4174,#4489,.T.);
#3617=EDGE_CURVE('',#4180,#4181,#58,.T.);
#3618=EDGE_CURVE('',#4180,#4180,#1159,.T.);
#3619=EDGE_CURVE('',#4182,#4180,#59,.F.);
#3620=EDGE_CURVE('',#4183,#4182,#60,.T.);
#3621=EDGE_CURVE('',#4184,#4183,#61,.F.);
#3622=EDGE_CURVE('',#4184,#4185,#62,.T.);
#3623=EDGE_CURVE('',#4185,#4185,#1160,.T.);
#3624=EDGE_CURVE('',#4185,#4186,#63,.T.);
#3625=EDGE_CURVE('',#4187,#4186,#4490,.F.);
#3626=EDGE_CURVE('',#4183,#4187,#64,.F.);
#3627=EDGE_CURVE('',#4188,#4183,#65,.F.);
#3628=EDGE_CURVE('',#4181,#4188,#4491,.F.);
#3629=EDGE_CURVE('',#4189,#4180,#66,.F.);
#3630=EDGE_CURVE('',#4190,#4189,#4492,.F.);
#3631=EDGE_CURVE('',#4190,#4191,#67,.T.);
#3632=EDGE_CURVE('',#4191,#4192,#68,.T.);
#3633=EDGE_CURVE('',#4193,#4192,#4493,.F.);
#3634=EDGE_CURVE('',#4193,#4185,#69,.T.);
#3635=EDGE_CURVE('',#4185,#4194,#70,.T.);
#3636=EDGE_CURVE('',#4194,#4191,#71,.T.);
#3637=EDGE_CURVE('',#4191,#4195,#72,.T.);
#3638=EDGE_CURVE('',#4180,#4195,#73,.F.);
#3639=EDGE_CURVE('',#4189,#4196,#460,.T.);
#3640=EDGE_CURVE('',#4190,#4196,#461,.T.);
#3641=EDGE_CURVE('',#4196,#4195,#462,.T.);
#3642=EDGE_CURVE('',#4197,#4192,#463,.T.);
#3643=EDGE_CURVE('',#4193,#4197,#464,.T.);
#3644=EDGE_CURVE('',#4197,#4194,#465,.T.);
#3645=EDGE_CURVE('',#4198,#4186,#466,.T.);
#3646=EDGE_CURVE('',#4198,#4187,#467,.T.);
#3647=EDGE_CURVE('',#4198,#4184,#468,.T.);
#3648=EDGE_CURVE('',#4199,#4181,#469,.T.);
#3649=EDGE_CURVE('',#4199,#4182,#470,.T.);
#3650=EDGE_CURVE('',#4188,#4199,#471,.T.);
#3651=VERTEX_POINT('',#7307);
#3652=VERTEX_POINT('',#7308);
#3653=VERTEX_POINT('',#7311);
#3654=VERTEX_POINT('',#7313);
#3655=VERTEX_POINT('',#7325);
#3656=VERTEX_POINT('',#7326);
#3657=VERTEX_POINT('',#7329);
#3658=VERTEX_POINT('',#7331);
#3659=VERTEX_POINT('',#7372);
#3660=VERTEX_POINT('',#7373);
#3661=VERTEX_POINT('',#7375);
#3662=VERTEX_POINT('',#7377);
#3663=VERTEX_POINT('',#7380);
#3664=VERTEX_POINT('',#7381);
#3665=VERTEX_POINT('',#7383);
#3666=VERTEX_POINT('',#7385);
#3667=VERTEX_POINT('',#7388);
#3668=VERTEX_POINT('',#7389);
#3669=VERTEX_POINT('',#7391);
#3670=VERTEX_POINT('',#7393);
#3671=VERTEX_POINT('',#7396);
#3672=VERTEX_POINT('',#7397);
#3673=VERTEX_POINT('',#7400);
#3674=VERTEX_POINT('',#7402);
#3675=VERTEX_POINT('',#7404);
#3676=VERTEX_POINT('',#7406);
#3677=VERTEX_POINT('',#7409);
#3678=VERTEX_POINT('',#7411);
#3679=VERTEX_POINT('',#7414);
#3680=VERTEX_POINT('',#7416);
#3681=VERTEX_POINT('',#7418);
#3682=VERTEX_POINT('',#7420);
#3683=VERTEX_POINT('',#7432);
#3684=VERTEX_POINT('',#7433);
#3685=VERTEX_POINT('',#7435);
#3686=VERTEX_POINT('',#7437);
#3687=VERTEX_POINT('',#7440);
#3688=VERTEX_POINT('',#7441);
#3689=VERTEX_POINT('',#7443);
#3690=VERTEX_POINT('',#7445);
#3691=VERTEX_POINT('',#7448);
#3692=VERTEX_POINT('',#7449);
#3693=VERTEX_POINT('',#7451);
#3694=VERTEX_POINT('',#7453);
#3695=VERTEX_POINT('',#7459);
#3696=VERTEX_POINT('',#7460);
#3697=VERTEX_POINT('',#7463);
#3698=VERTEX_POINT('',#7465);
#3699=VERTEX_POINT('',#7467);
#3700=VERTEX_POINT('',#7469);
#3701=VERTEX_POINT('',#7472);
#3702=VERTEX_POINT('',#7474);
#3703=VERTEX_POINT('',#7477);
#3704=VERTEX_POINT('',#7479);
#3705=VERTEX_POINT('',#7481);
#3706=VERTEX_POINT('',#7483);
#3707=VERTEX_POINT('',#7496);
#3708=VERTEX_POINT('',#7498);
#3709=VERTEX_POINT('',#7502);
#3710=VERTEX_POINT('',#7504);
#3711=VERTEX_POINT('',#7507);
#3712=VERTEX_POINT('',#7508);
#3713=VERTEX_POINT('',#7510);
#3714=VERTEX_POINT('',#7512);
#3715=VERTEX_POINT('',#7518);
#3716=VERTEX_POINT('',#7519);
#3717=VERTEX_POINT('',#7521);
#3718=VERTEX_POINT('',#7523);
#3719=VERTEX_POINT('',#7526);
#3720=VERTEX_POINT('',#7527);
#3721=VERTEX_POINT('',#7529);
#3722=VERTEX_POINT('',#7531);
#3723=VERTEX_POINT('',#7543);
#3724=VERTEX_POINT('',#7545);
#3725=VERTEX_POINT('',#7549);
#3726=VERTEX_POINT('',#7551);
#3727=VERTEX_POINT('',#7554);
#3728=VERTEX_POINT('',#7555);
#3729=VERTEX_POINT('',#7557);
#3730=VERTEX_POINT('',#7559);
#3731=VERTEX_POINT('',#7562);
#3732=VERTEX_POINT('',#7563);
#3733=VERTEX_POINT('',#7565);
#3734=VERTEX_POINT('',#7567);
#3735=VERTEX_POINT('',#7570);
#3736=VERTEX_POINT('',#7571);
#3737=VERTEX_POINT('',#7573);
#3738=VERTEX_POINT('',#7575);
#3739=VERTEX_POINT('',#7755);
#3740=VERTEX_POINT('',#7756);
#3741=VERTEX_POINT('',#7759);
#3742=VERTEX_POINT('',#7761);
#3743=VERTEX_POINT('',#7773);
#3744=VERTEX_POINT('',#7774);
#3745=VERTEX_POINT('',#7776);
#3746=VERTEX_POINT('',#7778);
#3747=VERTEX_POINT('',#7781);
#3748=VERTEX_POINT('',#7782);
#3749=VERTEX_POINT('',#7784);
#3750=VERTEX_POINT('',#7786);
#3751=VERTEX_POINT('',#7789);
#3752=VERTEX_POINT('',#7790);
#3753=VERTEX_POINT('',#7793);
#3754=VERTEX_POINT('',#7795);
#3755=VERTEX_POINT('',#7825);
#3756=VERTEX_POINT('',#7826);
#3757=VERTEX_POINT('',#7828);
#3758=VERTEX_POINT('',#7830);
#3759=VERTEX_POINT('',#7851);
#3760=VERTEX_POINT('',#7852);
#3761=VERTEX_POINT('',#7854);
#3762=VERTEX_POINT('',#7856);
#3763=VERTEX_POINT('',#7924);
#3764=VERTEX_POINT('',#7925);
#3765=VERTEX_POINT('',#7928);
#3766=VERTEX_POINT('',#7930);
#3767=VERTEX_POINT('',#7942);
#3768=VERTEX_POINT('',#7943);
#3769=VERTEX_POINT('',#7946);
#3770=VERTEX_POINT('',#7948);
#3771=VERTEX_POINT('',#7989);
#3772=VERTEX_POINT('',#7990);
#3773=VERTEX_POINT('',#7993);
#3774=VERTEX_POINT('',#7995);
#3775=VERTEX_POINT('',#8009);
#3776=VERTEX_POINT('',#8011);
#3777=VERTEX_POINT('',#8025);
#3778=VERTEX_POINT('',#8037);
#3779=VERTEX_POINT('',#8038);
#3780=VERTEX_POINT('',#8041);
#3781=VERTEX_POINT('',#8043);
#3782=VERTEX_POINT('',#8099);
#3783=VERTEX_POINT('',#8100);
#3784=VERTEX_POINT('',#8103);
#3785=VERTEX_POINT('',#8105);
#3786=VERTEX_POINT('',#8117);
#3787=VERTEX_POINT('',#8118);
#3788=VERTEX_POINT('',#8121);
#3789=VERTEX_POINT('',#8123);
#3790=VERTEX_POINT('',#8135);
#3791=VERTEX_POINT('',#8136);
#3792=VERTEX_POINT('',#8139);
#3793=VERTEX_POINT('',#8141);
#3794=VERTEX_POINT('',#8199);
#3795=VERTEX_POINT('',#8200);
#3796=VERTEX_POINT('',#8203);
#3797=VERTEX_POINT('',#8205);
#3798=VERTEX_POINT('',#8217);
#3799=VERTEX_POINT('',#8218);
#3800=VERTEX_POINT('',#8235);
#3801=VERTEX_POINT('',#8237);
#3802=VERTEX_POINT('',#8284);
#3803=VERTEX_POINT('',#8285);
#3804=VERTEX_POINT('',#8288);
#3805=VERTEX_POINT('',#8290);
#3806=VERTEX_POINT('',#8302);
#3807=VERTEX_POINT('',#8303);
#3808=VERTEX_POINT('',#8305);
#3809=VERTEX_POINT('',#8307);
#3810=VERTEX_POINT('',#8310);
#3811=VERTEX_POINT('',#8311);
#3812=VERTEX_POINT('',#8313);
#3813=VERTEX_POINT('',#8315);
#3814=VERTEX_POINT('',#8318);
#3815=VERTEX_POINT('',#8319);
#3816=VERTEX_POINT('',#8321);
#3817=VERTEX_POINT('',#8323);
#3818=VERTEX_POINT('',#8326);
#3819=VERTEX_POINT('',#8327);
#3820=VERTEX_POINT('',#8330);
#3821=VERTEX_POINT('',#8332);
#3822=VERTEX_POINT('',#8334);
#3823=VERTEX_POINT('',#8336);
#3824=VERTEX_POINT('',#8339);
#3825=VERTEX_POINT('',#8341);
#3826=VERTEX_POINT('',#8344);
#3827=VERTEX_POINT('',#8346);
#3828=VERTEX_POINT('',#8348);
#3829=VERTEX_POINT('',#8350);
#3830=VERTEX_POINT('',#8362);
#3831=VERTEX_POINT('',#8363);
#3832=VERTEX_POINT('',#8365);
#3833=VERTEX_POINT('',#8377);
#3834=VERTEX_POINT('',#8378);
#3835=VERTEX_POINT('',#8390);
#3836=VERTEX_POINT('',#8391);
#3837=VERTEX_POINT('',#8403);
#3838=VERTEX_POINT('',#8404);
#3839=VERTEX_POINT('',#8416);
#3840=VERTEX_POINT('',#8417);
#3841=VERTEX_POINT('',#8429);
#3842=VERTEX_POINT('',#8430);
#3843=VERTEX_POINT('',#8432);
#3844=VERTEX_POINT('',#8444);
#3845=VERTEX_POINT('',#8445);
#3846=VERTEX_POINT('',#8457);
#3847=VERTEX_POINT('',#8458);
#3848=VERTEX_POINT('',#8460);
#3849=VERTEX_POINT('',#8462);
#3850=VERTEX_POINT('',#8473);
#3851=VERTEX_POINT('',#8474);
#3852=VERTEX_POINT('',#8476);
#3853=VERTEX_POINT('',#8478);
#3854=VERTEX_POINT('',#8489);
#3855=VERTEX_POINT('',#8490);
#3856=VERTEX_POINT('',#8492);
#3857=VERTEX_POINT('',#8494);
#3858=VERTEX_POINT('',#8505);
#3859=VERTEX_POINT('',#8506);
#3860=VERTEX_POINT('',#8508);
#3861=VERTEX_POINT('',#8510);
#3862=VERTEX_POINT('',#8521);
#3863=VERTEX_POINT('',#8522);
#3864=VERTEX_POINT('',#8524);
#3865=VERTEX_POINT('',#8526);
#3866=VERTEX_POINT('',#8537);
#3867=VERTEX_POINT('',#8538);
#3868=VERTEX_POINT('',#8540);
#3869=VERTEX_POINT('',#8542);
#3870=VERTEX_POINT('',#8553);
#3871=VERTEX_POINT('',#8554);
#3872=VERTEX_POINT('',#8556);
#3873=VERTEX_POINT('',#8558);
#3874=VERTEX_POINT('',#8560);
#3875=VERTEX_POINT('',#8571);
#3876=VERTEX_POINT('',#8572);
#3877=VERTEX_POINT('',#8574);
#3878=VERTEX_POINT('',#8576);
#3879=VERTEX_POINT('',#8587);
#3880=VERTEX_POINT('',#8588);
#3881=VERTEX_POINT('',#8634);
#3882=VERTEX_POINT('',#8635);
#3883=VERTEX_POINT('',#8637);
#3884=VERTEX_POINT('',#8639);
#3885=VERTEX_POINT('',#8642);
#3886=VERTEX_POINT('',#8644);
#3887=VERTEX_POINT('',#8646);
#3888=VERTEX_POINT('',#8648);
#3889=VERTEX_POINT('',#8655);
#3890=VERTEX_POINT('',#8656);
#3891=VERTEX_POINT('',#8658);
#3892=VERTEX_POINT('',#8660);
#3893=VERTEX_POINT('',#8662);
#3894=VERTEX_POINT('',#8664);
#3895=VERTEX_POINT('',#8666);
#3896=VERTEX_POINT('',#8668);
#3897=VERTEX_POINT('',#8696);
#3898=VERTEX_POINT('',#8697);
#3899=VERTEX_POINT('',#8699);
#3900=VERTEX_POINT('',#8701);
#3901=VERTEX_POINT('',#8703);
#3902=VERTEX_POINT('',#8706);
#3903=VERTEX_POINT('',#8713);
#3904=VERTEX_POINT('',#8714);
#3905=VERTEX_POINT('',#8716);
#3906=VERTEX_POINT('',#8718);
#3907=VERTEX_POINT('',#8720);
#3908=VERTEX_POINT('',#8723);
#3909=VERTEX_POINT('',#8736);
#3910=VERTEX_POINT('',#8738);
#3911=VERTEX_POINT('',#8741);
#3912=VERTEX_POINT('',#8743);
#3913=VERTEX_POINT('',#8750);
#3914=VERTEX_POINT('',#8751);
#3915=VERTEX_POINT('',#8759);
#3916=VERTEX_POINT('',#8760);
#3917=VERTEX_POINT('',#8778);
#3918=VERTEX_POINT('',#8779);
#3919=VERTEX_POINT('',#8781);
#3920=VERTEX_POINT('',#8783);
#3921=VERTEX_POINT('',#8785);
#3922=VERTEX_POINT('',#8787);
#3923=VERTEX_POINT('',#8789);
#3924=VERTEX_POINT('',#8791);
#3925=VERTEX_POINT('',#8799);
#3926=VERTEX_POINT('',#8800);
#3927=VERTEX_POINT('',#8802);
#3928=VERTEX_POINT('',#8804);
#3929=VERTEX_POINT('',#8807);
#3930=VERTEX_POINT('',#8809);
#3931=VERTEX_POINT('',#8811);
#3932=VERTEX_POINT('',#8813);
#3933=VERTEX_POINT('',#8840);
#3934=VERTEX_POINT('',#8841);
#3935=VERTEX_POINT('',#8843);
#3936=VERTEX_POINT('',#8845);
#3937=VERTEX_POINT('',#8847);
#3938=VERTEX_POINT('',#8850);
#3939=VERTEX_POINT('',#8857);
#3940=VERTEX_POINT('',#8858);
#3941=VERTEX_POINT('',#8860);
#3942=VERTEX_POINT('',#8862);
#3943=VERTEX_POINT('',#8864);
#3944=VERTEX_POINT('',#8867);
#3945=VERTEX_POINT('',#8880);
#3946=VERTEX_POINT('',#8882);
#3947=VERTEX_POINT('',#8885);
#3948=VERTEX_POINT('',#8887);
#3949=VERTEX_POINT('',#8894);
#3950=VERTEX_POINT('',#8895);
#3951=VERTEX_POINT('',#8903);
#3952=VERTEX_POINT('',#8904);
#3953=VERTEX_POINT('',#8922);
#3954=VERTEX_POINT('',#8923);
#3955=VERTEX_POINT('',#8925);
#3956=VERTEX_POINT('',#8927);
#3957=VERTEX_POINT('',#8929);
#3958=VERTEX_POINT('',#8931);
#3959=VERTEX_POINT('',#8933);
#3960=VERTEX_POINT('',#8935);
#3961=VERTEX_POINT('',#8943);
#3962=VERTEX_POINT('',#8944);
#3963=VERTEX_POINT('',#8946);
#3964=VERTEX_POINT('',#8948);
#3965=VERTEX_POINT('',#8951);
#3966=VERTEX_POINT('',#8953);
#3967=VERTEX_POINT('',#8955);
#3968=VERTEX_POINT('',#8957);
#3969=VERTEX_POINT('',#8984);
#3970=VERTEX_POINT('',#8985);
#3971=VERTEX_POINT('',#8987);
#3972=VERTEX_POINT('',#8989);
#3973=VERTEX_POINT('',#8991);
#3974=VERTEX_POINT('',#8994);
#3975=VERTEX_POINT('',#9001);
#3976=VERTEX_POINT('',#9002);
#3977=VERTEX_POINT('',#9004);
#3978=VERTEX_POINT('',#9006);
#3979=VERTEX_POINT('',#9008);
#3980=VERTEX_POINT('',#9011);
#3981=VERTEX_POINT('',#9024);
#3982=VERTEX_POINT('',#9026);
#3983=VERTEX_POINT('',#9029);
#3984=VERTEX_POINT('',#9031);
#3985=VERTEX_POINT('',#9038);
#3986=VERTEX_POINT('',#9039);
#3987=VERTEX_POINT('',#9047);
#3988=VERTEX_POINT('',#9048);
#3989=VERTEX_POINT('',#9066);
#3990=VERTEX_POINT('',#9067);
#3991=VERTEX_POINT('',#9069);
#3992=VERTEX_POINT('',#9071);
#3993=VERTEX_POINT('',#9073);
#3994=VERTEX_POINT('',#9075);
#3995=VERTEX_POINT('',#9077);
#3996=VERTEX_POINT('',#9079);
#3997=VERTEX_POINT('',#9087);
#3998=VERTEX_POINT('',#9088);
#3999=VERTEX_POINT('',#9090);
#4000=VERTEX_POINT('',#9092);
#4001=VERTEX_POINT('',#9095);
#4002=VERTEX_POINT('',#9097);
#4003=VERTEX_POINT('',#9099);
#4004=VERTEX_POINT('',#9101);
#4005=VERTEX_POINT('',#9128);
#4006=VERTEX_POINT('',#9129);
#4007=VERTEX_POINT('',#9131);
#4008=VERTEX_POINT('',#9133);
#4009=VERTEX_POINT('',#9135);
#4010=VERTEX_POINT('',#9138);
#4011=VERTEX_POINT('',#9145);
#4012=VERTEX_POINT('',#9146);
#4013=VERTEX_POINT('',#9148);
#4014=VERTEX_POINT('',#9150);
#4015=VERTEX_POINT('',#9152);
#4016=VERTEX_POINT('',#9155);
#4017=VERTEX_POINT('',#9168);
#4018=VERTEX_POINT('',#9170);
#4019=VERTEX_POINT('',#9173);
#4020=VERTEX_POINT('',#9175);
#4021=VERTEX_POINT('',#9182);
#4022=VERTEX_POINT('',#9183);
#4023=VERTEX_POINT('',#9191);
#4024=VERTEX_POINT('',#9192);
#4025=VERTEX_POINT('',#9252);
#4026=VERTEX_POINT('',#9254);
#4027=VERTEX_POINT('',#9288);
#4028=VERTEX_POINT('',#9290);
#4029=VERTEX_POINT('',#9324);
#4030=VERTEX_POINT('',#9326);
#4031=VERTEX_POINT('',#9360);
#4032=VERTEX_POINT('',#9362);
#4033=VERTEX_POINT('',#9390);
#4034=VERTEX_POINT('',#9401);
#4035=VERTEX_POINT('',#9455);
#4036=VERTEX_POINT('',#9474);
#4037=VERTEX_POINT('',#9476);
#4038=VERTEX_POINT('',#9539);
#4039=VERTEX_POINT('',#9558);
#4040=VERTEX_POINT('',#9612);
#4041=VERTEX_POINT('',#9623);
#4042=VERTEX_POINT('',#9642);
#4043=VERTEX_POINT('',#9653);
#4044=VERTEX_POINT('',#9681);
#4045=VERTEX_POINT('',#9709);
#4046=VERTEX_POINT('',#9729);
#4047=VERTEX_POINT('',#9730);
#4048=VERTEX_POINT('',#9733);
#4049=VERTEX_POINT('',#9735);
#4050=VERTEX_POINT('',#9758);
#4051=VERTEX_POINT('',#9759);
#4052=VERTEX_POINT('',#9764);
#4053=VERTEX_POINT('',#9775);
#4054=VERTEX_POINT('',#9776);
#4055=VERTEX_POINT('',#9779);
#4056=VERTEX_POINT('',#9781);
#4057=VERTEX_POINT('',#9784);
#4058=VERTEX_POINT('',#9786);
#4059=VERTEX_POINT('',#9788);
#4060=VERTEX_POINT('',#9790);
#4061=VERTEX_POINT('',#9792);
#4062=VERTEX_POINT('',#9794);
#4063=VERTEX_POINT('',#9796);
#4064=VERTEX_POINT('',#9798);
#4065=VERTEX_POINT('',#9809);
#4066=VERTEX_POINT('',#9810);
#4067=VERTEX_POINT('',#9813);
#4068=VERTEX_POINT('',#9815);
#4069=VERTEX_POINT('',#9818);
#4070=VERTEX_POINT('',#9820);
#4071=VERTEX_POINT('',#9822);
#4072=VERTEX_POINT('',#9824);
#4073=VERTEX_POINT('',#9835);
#4074=VERTEX_POINT('',#9837);
#4075=VERTEX_POINT('',#9839);
#4076=VERTEX_POINT('',#9841);
#4077=VERTEX_POINT('',#9853);
#4078=VERTEX_POINT('',#9855);
#4079=VERTEX_POINT('',#9857);
#4080=VERTEX_POINT('',#9859);
#4081=VERTEX_POINT('',#9861);
#4082=VERTEX_POINT('',#9863);
#4083=VERTEX_POINT('',#9865);
#4084=VERTEX_POINT('',#9867);
#4085=VERTEX_POINT('',#9910);
#4086=VERTEX_POINT('',#9912);
#4087=VERTEX_POINT('',#9914);
#4088=VERTEX_POINT('',#9917);
#4089=VERTEX_POINT('',#9920);
#4090=VERTEX_POINT('',#9921);
#4091=VERTEX_POINT('',#9924);
#4092=VERTEX_POINT('',#9926);
#4093=VERTEX_POINT('',#9929);
#4094=VERTEX_POINT('',#9931);
#4095=VERTEX_POINT('',#9934);
#4096=VERTEX_POINT('',#9936);
#4097=VERTEX_POINT('',#9952);
#4098=VERTEX_POINT('',#9954);
#4099=VERTEX_POINT('',#9987);
#4100=VERTEX_POINT('',#9989);
#4101=VERTEX_POINT('',#10022);
#4102=VERTEX_POINT('',#10024);
#4103=VERTEX_POINT('',#10057);
#4104=VERTEX_POINT('',#10059);
#4105=VERTEX_POINT('',#10088);
#4106=VERTEX_POINT('',#10090);
#4107=VERTEX_POINT('',#10107);
#4108=VERTEX_POINT('',#10114);
#4109=VERTEX_POINT('',#10264);
#4110=VERTEX_POINT('',#10265);
#4111=VERTEX_POINT('',#10293);
#4112=VERTEX_POINT('',#10304);
#4113=VERTEX_POINT('',#10305);
#4114=VERTEX_POINT('',#10308);
#4115=VERTEX_POINT('',#10310);
#4116=VERTEX_POINT('',#10464);
#4117=VERTEX_POINT('',#10465);
#4118=VERTEX_POINT('',#10473);
#4119=VERTEX_POINT('',#10481);
#4120=VERTEX_POINT('',#10575);
#4121=VERTEX_POINT('',#10576);
#4122=VERTEX_POINT('',#10579);
#4123=VERTEX_POINT('',#10581);
#4124=VERTEX_POINT('',#10593);
#4125=VERTEX_POINT('',#10594);
#4126=VERTEX_POINT('',#10597);
#4127=VERTEX_POINT('',#10599);
#4128=VERTEX_POINT('',#10640);
#4129=VERTEX_POINT('',#10641);
#4130=VERTEX_POINT('',#10644);
#4131=VERTEX_POINT('',#10646);
#4132=VERTEX_POINT('',#10673);
#4133=VERTEX_POINT('',#10674);
#4134=VERTEX_POINT('',#10676);
#4135=VERTEX_POINT('',#10678);
#4136=VERTEX_POINT('',#10685);
#4137=VERTEX_POINT('',#10687);
#4138=VERTEX_POINT('',#10694);
#4139=VERTEX_POINT('',#10696);
#4140=VERTEX_POINT('',#10703);
#4141=VERTEX_POINT('',#10705);
#4142=VERTEX_POINT('',#10712);
#4143=VERTEX_POINT('',#10714);
#4144=VERTEX_POINT('',#10727);
#4145=VERTEX_POINT('',#10728);
#4146=VERTEX_POINT('',#10730);
#4147=VERTEX_POINT('',#10732);
#4148=VERTEX_POINT('',#10739);
#4149=VERTEX_POINT('',#10741);
#4150=VERTEX_POINT('',#10748);
#4151=VERTEX_POINT('',#10750);
#4152=VERTEX_POINT('',#10771);
#4153=VERTEX_POINT('',#10772);
#4154=VERTEX_POINT('',#10774);
#4155=VERTEX_POINT('',#10776);
#4156=VERTEX_POINT('',#10779);
#4157=VERTEX_POINT('',#10780);
#4158=VERTEX_POINT('',#10782);
#4159=VERTEX_POINT('',#10784);
#4160=VERTEX_POINT('',#10786);
#4161=VERTEX_POINT('',#10788);
#4162=VERTEX_POINT('',#10795);
#4163=VERTEX_POINT('',#10796);
#4164=VERTEX_POINT('',#10798);
#4165=VERTEX_POINT('',#10800);
#4166=VERTEX_POINT('',#10827);
#4167=VERTEX_POINT('',#10828);
#4168=VERTEX_POINT('',#10830);
#4169=VERTEX_POINT('',#10832);
#4170=VERTEX_POINT('',#10834);
#4171=VERTEX_POINT('',#10836);
#4172=VERTEX_POINT('',#10898);
#4173=VERTEX_POINT('',#10899);
#4174=VERTEX_POINT('',#10904);
#4175=VERTEX_POINT('',#10906);
#4176=VERTEX_POINT('',#10922);
#4177=VERTEX_POINT('',#10924);
#4178=VERTEX_POINT('',#10956);
#4179=VERTEX_POINT('',#10957);
#4180=VERTEX_POINT('',#11074);
#4181=VERTEX_POINT('',#11075);
#4182=VERTEX_POINT('',#11090);
#4183=VERTEX_POINT('',#11099);
#4184=VERTEX_POINT('',#11107);
#4185=VERTEX_POINT('',#11117);
#4186=VERTEX_POINT('',#11129);
#4187=VERTEX_POINT('',#11131);
#4188=VERTEX_POINT('',#11140);
#4189=VERTEX_POINT('',#11174);
#4190=VERTEX_POINT('',#11176);
#4191=VERTEX_POINT('',#11181);
#4192=VERTEX_POINT('',#11186);
#4193=VERTEX_POINT('',#11188);
#4194=VERTEX_POINT('',#11201);
#4195=VERTEX_POINT('',#11218);
#4196=VERTEX_POINT('',#11232);
#4197=VERTEX_POINT('',#11248);
#4198=VERTEX_POINT('',#11264);
#4199=VERTEX_POINT('',#11280);
#4200=CIRCLE('',#5856,0.049);
#4201=CIRCLE('',#5857,0.049);
#4202=CIRCLE('',#5858,0.113);
#4203=CIRCLE('',#5859,0.113);
#4204=CIRCLE('',#5860,0.113);
#4205=CIRCLE('',#5861,0.113);
#4206=CIRCLE('',#5862,0.049);
#4207=CIRCLE('',#5863,0.049);
#4208=CIRCLE('',#5865,0.113);
#4209=CIRCLE('',#5866,0.113);
#4210=CIRCLE('',#5867,0.113);
#4211=CIRCLE('',#5868,0.113);
#4212=CIRCLE('',#5869,0.113);
#4213=CIRCLE('',#5870,0.113);
#4214=CIRCLE('',#5871,0.113);
#4215=CIRCLE('',#5872,0.113);
#4216=CIRCLE('',#5873,0.113);
#4217=CIRCLE('',#5874,0.113);
#4218=CIRCLE('',#5875,0.113);
#4219=CIRCLE('',#5876,0.113);
#4220=CIRCLE('',#5877,0.115);
#4221=CIRCLE('',#5878,0.115);
#4222=CIRCLE('',#5879,0.115);
#4223=CIRCLE('',#5880,0.115);
#4224=CIRCLE('',#5881,0.115);
#4225=CIRCLE('',#5882,0.115);
#4226=CIRCLE('',#5883,0.115);
#4227=CIRCLE('',#5884,0.115);
#4228=CIRCLE('',#5885,0.115);
#4229=CIRCLE('',#5886,0.115);
#4230=CIRCLE('',#5887,0.115);
#4231=CIRCLE('',#5888,0.115);
#4232=CIRCLE('',#5889,0.113);
#4233=CIRCLE('',#5890,0.113);
#4234=CIRCLE('',#5891,0.113);
#4235=CIRCLE('',#5892,0.113);
#4236=CIRCLE('',#5893,0.113);
#4237=CIRCLE('',#5894,0.113);
#4238=CIRCLE('',#5895,0.113);
#4239=CIRCLE('',#5896,0.113);
#4240=CIRCLE('',#5897,0.113);
#4241=CIRCLE('',#5898,0.113);
#4242=CIRCLE('',#5899,0.113);
#4243=CIRCLE('',#5900,0.113);
#4244=CIRCLE('',#5902,0.095);
#4245=CIRCLE('',#5903,0.095);
#4246=CIRCLE('',#5904,0.092);
#4247=CIRCLE('',#5905,0.092);
#4248=CIRCLE('',#5906,0.092);
#4249=CIRCLE('',#5907,0.092);
#4250=CIRCLE('',#5908,0.092);
#4251=CIRCLE('',#5909,0.092);
#4252=CIRCLE('',#5910,0.045);
#4253=CIRCLE('',#5911,0.045);
#4254=CIRCLE('',#5912,0.045);
#4255=CIRCLE('',#5913,0.045);
#4256=CIRCLE('',#5914,0.092);
#4257=CIRCLE('',#5915,0.092);
#4258=CIRCLE('',#5916,0.045);
#4259=CIRCLE('',#5917,0.045);
#4260=CIRCLE('',#5918,0.092);
#4261=CIRCLE('',#5919,0.092);
#4262=CIRCLE('',#5920,0.092);
#4263=CIRCLE('',#5921,0.092);
#4264=CIRCLE('',#5922,0.095);
#4265=CIRCLE('',#5923,0.095);
#4266=CIRCLE('',#5924,0.045);
#4267=CIRCLE('',#5925,0.045);
#4268=CIRCLE('',#5927,0.113);
#4269=CIRCLE('',#5928,0.113);
#4270=CIRCLE('',#5929,0.049);
#4271=CIRCLE('',#5930,0.049);
#4272=CIRCLE('',#5931,0.113);
#4273=CIRCLE('',#5932,0.049);
#4274=CIRCLE('',#5933,0.049);
#4275=CIRCLE('',#5934,0.113);
#4276=CIRCLE('',#5936,0.0185);
#4277=CIRCLE('',#5937,0.005);
#4278=CIRCLE('',#5938,0.005);
#4279=CIRCLE('',#5939,0.005);
#4280=CIRCLE('',#5940,0.005);
#4281=CIRCLE('',#5941,0.0375);
#4282=CIRCLE('',#5942,0.0375);
#4283=CIRCLE('',#5943,0.0375);
#4284=CIRCLE('',#5944,0.0375);
#4285=CIRCLE('',#5945,0.0185);
#4286=CIRCLE('',#5947,0.092);
#4287=CIRCLE('',#5948,0.092);
#4288=CIRCLE('',#5949,0.113);
#4289=CIRCLE('',#5950,0.113);
#4290=CIRCLE('',#5951,0.115);
#4291=CIRCLE('',#5952,0.095);
#4292=CIRCLE('',#5953,0.092);
#4293=CIRCLE('',#5954,0.095);
#4294=CIRCLE('',#5955,0.115);
#4295=CIRCLE('',#5956,0.113);
#4296=CIRCLE('',#5957,0.113);
#4297=CIRCLE('',#5958,0.092);
#4298=CIRCLE('',#5959,0.0869187796435823);
#4299=CIRCLE('',#5960,0.0869187796435823);
#4300=CIRCLE('',#5961,0.106918779643582);
#4301=CIRCLE('',#5962,0.0869187796435823);
#4302=CIRCLE('',#5963,0.106918779643582);
#4303=CIRCLE('',#5964,0.106918779643582);
#4304=CIRCLE('',#5965,0.106918779643582);
#4305=CIRCLE('',#5966,0.0869187796435823);
#4306=CIRCLE('',#5968,0.047);
#4307=CIRCLE('',#5969,0.047);
#4308=CIRCLE('',#5970,0.049);
#4309=CIRCLE('',#5971,0.049);
#4310=CIRCLE('',#5972,0.049);
#4311=CIRCLE('',#5973,0.049);
#4312=CIRCLE('',#5974,0.049);
#4313=CIRCLE('',#5975,0.049);
#4314=CIRCLE('',#5976,0.049);
#4315=CIRCLE('',#5977,0.049);
#4316=CIRCLE('',#5978,0.049);
#4317=CIRCLE('',#5979,0.049);
#4318=CIRCLE('',#5980,0.049);
#4319=CIRCLE('',#5981,0.049);
#4320=CIRCLE('',#5982,0.015);
#4321=CIRCLE('',#5983,0.015);
#4322=CIRCLE('',#5984,0.015);
#4323=CIRCLE('',#5985,0.015);
#4324=CIRCLE('',#5986,0.015);
#4325=CIRCLE('',#5987,0.015);
#4326=CIRCLE('',#5988,0.015);
#4327=CIRCLE('',#5989,0.015);
#4328=CIRCLE('',#5990,0.015);
#4329=CIRCLE('',#5991,0.015);
#4330=CIRCLE('',#5992,0.015);
#4331=CIRCLE('',#5993,0.015);
#4332=CIRCLE('',#5994,0.015);
#4333=CIRCLE('',#5995,0.015);
#4334=CIRCLE('',#5996,0.015);
#4335=CIRCLE('',#5997,0.015);
#4336=CIRCLE('',#5998,0.015);
#4337=CIRCLE('',#5999,0.015);
#4338=CIRCLE('',#6000,0.015);
#4339=CIRCLE('',#6001,0.015);
#4340=CIRCLE('',#6002,0.015);
#4341=CIRCLE('',#6003,0.015);
#4342=CIRCLE('',#6004,0.015);
#4343=CIRCLE('',#6005,0.015);
#4344=CIRCLE('',#6006,0.015);
#4345=CIRCLE('',#6007,0.015);
#4346=CIRCLE('',#6008,0.015);
#4347=CIRCLE('',#6009,0.015);
#4348=CIRCLE('',#6010,0.015);
#4349=CIRCLE('',#6011,0.015);
#4350=CIRCLE('',#6012,0.015);
#4351=CIRCLE('',#6013,0.015);
#4352=CIRCLE('',#6014,0.015);
#4353=CIRCLE('',#6015,0.015);
#4354=CIRCLE('',#6016,0.015);
#4355=CIRCLE('',#6017,0.049);
#4356=CIRCLE('',#6018,0.047);
#4357=CIRCLE('',#6019,0.047);
#4358=CIRCLE('',#6020,0.049);
#4359=CIRCLE('',#6021,0.049);
#4360=CIRCLE('',#6022,0.049);
#4361=CIRCLE('',#6023,0.049);
#4362=CIRCLE('',#6024,0.049);
#4363=CIRCLE('',#6025,0.049);
#4364=CIRCLE('',#6026,0.049);
#4365=CIRCLE('',#6027,0.049);
#4366=CIRCLE('',#6028,0.049);
#4367=CIRCLE('',#6029,0.049);
#4368=CIRCLE('',#6030,0.049);
#4369=CIRCLE('',#6031,0.0015);
#4370=CIRCLE('',#6032,0.0015);
#4371=CIRCLE('',#6033,0.0015);
#4372=CIRCLE('',#6034,0.0015);
#4373=CIRCLE('',#6035,0.003);
#4374=CIRCLE('',#6036,0.003);
#4375=CIRCLE('',#6039,0.0015);
#4376=CIRCLE('',#6040,0.0015);
#4377=CIRCLE('',#6041,0.0015);
#4378=CIRCLE('',#6042,0.0015);
#4379=CIRCLE('',#6043,0.003);
#4380=CIRCLE('',#6044,0.003);
#4381=CIRCLE('',#6047,0.0015);
#4382=CIRCLE('',#6048,0.0015);
#4383=CIRCLE('',#6049,0.0015);
#4384=CIRCLE('',#6050,0.0015);
#4385=CIRCLE('',#6051,0.003);
#4386=CIRCLE('',#6052,0.003);
#4387=CIRCLE('',#6055,0.0015);
#4388=CIRCLE('',#6056,0.0015);
#4389=CIRCLE('',#6057,0.0015);
#4390=CIRCLE('',#6058,0.0015);
#4391=CIRCLE('',#6059,0.003);
#4392=CIRCLE('',#6060,0.003);
#4393=CIRCLE('',#6081,0.0015);
#4394=CIRCLE('',#6082,0.0015);
#4395=CIRCLE('',#6083,0.0015);
#4396=CIRCLE('',#6084,0.0015);
#4397=CIRCLE('',#6085,0.0015);
#4398=CIRCLE('',#6089,0.0015);
#4399=CIRCLE('',#6090,0.0015);
#4400=CIRCLE('',#6092,0.0015);
#4401=CIRCLE('',#6093,0.0015);
#4402=CIRCLE('',#6094,0.0015);
#4403=CIRCLE('',#6099,0.0015);
#4404=CIRCLE('',#6100,0.0015);
#4405=CIRCLE('',#6101,0.0015);
#4406=CIRCLE('',#6102,0.0015);
#4407=CIRCLE('',#6103,0.0015);
#4408=CIRCLE('',#6108,0.0015);
#4409=CIRCLE('',#6109,0.0015);
#4410=CIRCLE('',#6110,0.0015);
#4411=CIRCLE('',#6111,0.0015);
#4412=CIRCLE('',#6112,0.0015);
#4413=CIRCLE('',#6113,0.0015);
#4414=CIRCLE('',#6117,0.092);
#4415=CIRCLE('',#6118,0.092);
#4416=CIRCLE('',#6119,0.095);
#4417=CIRCLE('',#6120,0.075);
#4418=CIRCLE('',#6121,0.075);
#4419=CIRCLE('',#6122,0.075);
#4420=CIRCLE('',#6123,0.075);
#4421=CIRCLE('',#6124,0.075);
#4422=CIRCLE('',#6125,0.075);
#4423=CIRCLE('',#6126,0.065);
#4424=CIRCLE('',#6127,0.065);
#4425=CIRCLE('',#6128,0.065);
#4426=CIRCLE('',#6129,0.065);
#4427=CIRCLE('',#6130,0.065);
#4428=CIRCLE('',#6131,0.065);
#4429=CIRCLE('',#6132,0.065);
#4430=CIRCLE('',#6133,0.065);
#4431=CIRCLE('',#6134,0.075);
#4432=CIRCLE('',#6135,0.075);
#4433=CIRCLE('',#6136,0.075);
#4434=CIRCLE('',#6137,0.075);
#4435=CIRCLE('',#6138,0.075);
#4436=CIRCLE('',#6139,0.075);
#4437=CIRCLE('',#6140,0.092);
#4438=CIRCLE('',#6141,0.095);
#4439=CIRCLE('',#6142,0.092);
#4440=CIRCLE('',#6143,0.0875);
#4441=CIRCLE('',#6144,0.045);
#4442=CIRCLE('',#6145,0.045);
#4443=CIRCLE('',#6146,0.0875);
#4444=CIRCLE('',#6147,0.045);
#4445=CIRCLE('',#6148,0.045);
#4446=CIRCLE('',#6149,0.0875);
#4447=CIRCLE('',#6150,0.045);
#4448=CIRCLE('',#6151,0.045);
#4449=CIRCLE('',#6152,0.0875);
#4450=CIRCLE('',#6153,0.045);
#4451=CIRCLE('',#6154,0.045);
#4452=CIRCLE('',#6155,0.0875);
#4453=CIRCLE('',#6156,0.045);
#4454=CIRCLE('',#6157,0.045);
#4455=CIRCLE('',#6158,0.0875);
#4456=CIRCLE('',#6159,0.045);
#4457=CIRCLE('',#6160,0.045);
#4458=CIRCLE('',#6161,0.0875);
#4459=CIRCLE('',#6162,0.045);
#4460=CIRCLE('',#6163,0.045);
#4461=CIRCLE('',#6164,0.0875);
#4462=CIRCLE('',#6165,0.045);
#4463=CIRCLE('',#6166,0.045);
#4464=CIRCLE('',#6167,0.0909989556007317);
#4465=CIRCLE('',#6168,0.089);
#4466=CIRCLE('',#6169,0.089);
#4467=CIRCLE('',#6170,0.0909989556007317);
#4468=CIRCLE('',#6171,0.089);
#4469=CIRCLE('',#6172,0.089);
#4470=CIRCLE('',#6175,0.049);
#4471=CIRCLE('',#6176,0.049);
#4472=CIRCLE('',#6177,0.113);
#4473=CIRCLE('',#6178,0.113);
#4474=CIRCLE('',#6179,0.113);
#4475=CIRCLE('',#6180,0.049);
#4476=CIRCLE('',#6181,0.113);
#4477=CIRCLE('',#6182,0.049);
#4478=CIRCLE('',#6184,0.113);
#4479=CIRCLE('',#6185,0.113);
#4480=CIRCLE('',#6186,0.113);
#4481=CIRCLE('',#6187,0.113);
#4482=CIRCLE('',#6190,0.077);
#4483=CIRCLE('',#6191,0.052);
#4484=CIRCLE('',#6192,0.077);
#4485=CIRCLE('',#6193,0.077);
#4486=CIRCLE('',#6194,0.052);
#4487=CIRCLE('',#6195,0.077);
#4488=CIRCLE('',#6196,0.052);
#4489=CIRCLE('',#6197,0.052);
#4490=CIRCLE('',#6199,0.0302525512860841);
#4491=CIRCLE('',#6200,0.0302525512860841);
#4492=CIRCLE('',#6201,0.0302525512860841);
#4493=CIRCLE('',#6202,0.0302525512860841);
#4494=EDGE_LOOP('',(#1161,#1162,#1163,#1164));
#4495=EDGE_LOOP('',(#1165,#1166,#1167,#1168));
#4496=EDGE_LOOP('',(#1169,#1170,#1171,#1172));
#4497=EDGE_LOOP('',(#1173,#1174));
#4498=EDGE_LOOP('',(#1175,#1176));
#4499=EDGE_LOOP('',(#1177,#1178,#1179,#1180));
#4500=EDGE_LOOP('',(#1181,#1182));
#4501=EDGE_LOOP('',(#1183,#1184));
#4502=EDGE_LOOP('',(#1185,#1186,#1187,#1188));
#4503=EDGE_LOOP('',(#1189,#1190,#1191,#1192));
#4504=EDGE_LOOP('',(#1193,#1194,#1195,#1196));
#4505=EDGE_LOOP('',(#1197,#1198,#1199,#1200,#1201,#1202,#1203,#1204,#1205,
#1206,#1207,#1208));
#4506=EDGE_LOOP('',(#1209,#1210,#1211,#1212));
#4507=EDGE_LOOP('',(#1213,#1214,#1215,#1216));
#4508=EDGE_LOOP('',(#1217,#1218,#1219,#1220));
#4509=EDGE_LOOP('',(#1221,#1222,#1223,#1224,#1225,#1226,#1227,#1228,#1229,
#1230,#1231,#1232));
#4510=EDGE_LOOP('',(#1233,#1234,#1235,#1236,#1237,#1238,#1239,#1240,#1241,
#1242,#1243,#1244));
#4511=EDGE_LOOP('',(#1245,#1246,#1247,#1248));
#4512=EDGE_LOOP('',(#1249,#1250,#1251,#1252));
#4513=EDGE_LOOP('',(#1253,#1254,#1255,#1256));
#4514=EDGE_LOOP('',(#1257,#1258,#1259,#1260,#1261,#1262,#1263,#1264,#1265,
#1266,#1267,#1268));
#4515=EDGE_LOOP('',(#1269,#1270,#1271,#1272));
#4516=EDGE_LOOP('',(#1273,#1274,#1275,#1276));
#4517=EDGE_LOOP('',(#1277,#1278,#1279,#1280));
#4518=EDGE_LOOP('',(#1281,#1282));
#4519=EDGE_LOOP('',(#1283,#1284));
#4520=EDGE_LOOP('',(#1285,#1286));
#4521=EDGE_LOOP('',(#1287,#1288));
#4522=EDGE_LOOP('',(#1289,#1290,#1291,#1292));
#4523=EDGE_LOOP('',(#1293,#1294,#1295,#1296));
#4524=EDGE_LOOP('',(#1297,#1298,#1299,#1300));
#4525=EDGE_LOOP('',(#1301,#1302,#1303,#1304));
#4526=EDGE_LOOP('',(#1305,#1306,#1307,#1308));
#4527=EDGE_LOOP('',(#1309,#1310,#1311,#1312));
#4528=EDGE_LOOP('',(#1313,#1314,#1315,#1316));
#4529=EDGE_LOOP('',(#1317,#1318,#1319,#1320));
#4530=EDGE_LOOP('',(#1321,#1322,#1323,#1324));
#4531=EDGE_LOOP('',(#1325,#1326,#1327,#1328));
#4532=EDGE_LOOP('',(#1329,#1330,#1331,#1332));
#4533=EDGE_LOOP('',(#1333,#1334,#1335,#1336));
#4534=EDGE_LOOP('',(#1337,#1338,#1339,#1340,#1341,#1342));
#4535=EDGE_LOOP('',(#1343,#1344,#1345,#1346,#1347,#1348));
#4536=EDGE_LOOP('',(#1349,#1350,#1351,#1352));
#4537=EDGE_LOOP('',(#1353,#1354,#1355,#1356));
#4538=EDGE_LOOP('',(#1357,#1358,#1359,#1360));
#4539=EDGE_LOOP('',(#1361,#1362,#1363,#1364));
#4540=EDGE_LOOP('',(#1365,#1366,#1367,#1368));
#4541=EDGE_LOOP('',(#1369,#1370,#1371,#1372));
#4542=EDGE_LOOP('',(#1373,#1374,#1375,#1376));
#4543=EDGE_LOOP('',(#1377,#1378,#1379,#1380));
#4544=EDGE_LOOP('',(#1381,#1382,#1383,#1384));
#4545=EDGE_LOOP('',(#1385,#1386,#1387,#1388));
#4546=EDGE_LOOP('',(#1389,#1390,#1391,#1392));
#4547=EDGE_LOOP('',(#1393,#1394,#1395,#1396));
#4548=EDGE_LOOP('',(#1397,#1398,#1399,#1400));
#4549=EDGE_LOOP('',(#1401,#1402,#1403,#1404));
#4550=EDGE_LOOP('',(#1405,#1406,#1407,#1408));
#4551=EDGE_LOOP('',(#1409,#1410,#1411,#1412));
#4552=EDGE_LOOP('',(#1413,#1414,#1415,#1416,#1417,#1418));
#4553=EDGE_LOOP('',(#1419,#1420,#1421,#1422,#1423,#1424));
#4554=EDGE_LOOP('',(#1425,#1426,#1427,#1428));
#4555=EDGE_LOOP('',(#1429,#1430,#1431,#1432));
#4556=EDGE_LOOP('',(#1433,#1434,#1435,#1436));
#4557=EDGE_LOOP('',(#1437,#1438,#1439,#1440));
#4558=EDGE_LOOP('',(#1441,#1442,#1443,#1444));
#4559=EDGE_LOOP('',(#1445,#1446));
#4560=EDGE_LOOP('',(#1447,#1448));
#4561=EDGE_LOOP('',(#1449,#1450,#1451,#1452));
#4562=EDGE_LOOP('',(#1453,#1454));
#4563=EDGE_LOOP('',(#1455,#1456));
#4564=EDGE_LOOP('',(#1457,#1458,#1459,#1460));
#4565=EDGE_LOOP('',(#1461,#1462));
#4566=EDGE_LOOP('',(#1463,#1464));
#4567=EDGE_LOOP('',(#1465,#1466,#1467,#1468));
#4568=EDGE_LOOP('',(#1469,#1470,#1471,#1472));
#4569=EDGE_LOOP('',(#1473,#1474,#1475,#1476));
#4570=EDGE_LOOP('',(#1477,#1478,#1479,#1480));
#4571=EDGE_LOOP('',(#1481,#1482));
#4572=EDGE_LOOP('',(#1483,#1484));
#4573=EDGE_LOOP('',(#1485,#1486));
#4574=EDGE_LOOP('',(#1487,#1488));
#4575=EDGE_LOOP('',(#1489,#1490,#1491,#1492));
#4576=EDGE_LOOP('',(#1493,#1494));
#4577=EDGE_LOOP('',(#1495,#1496));
#4578=EDGE_LOOP('',(#1497,#1498,#1499,#1500));
#4579=EDGE_LOOP('',(#1501,#1502,#1503,#1504));
#4580=EDGE_LOOP('',(#1505,#1506));
#4581=EDGE_LOOP('',(#1507,#1508));
#4582=EDGE_LOOP('',(#1509,#1510,#1511,#1512));
#4583=EDGE_LOOP('',(#1513,#1514));
#4584=EDGE_LOOP('',(#1515,#1516));
#4585=EDGE_LOOP('',(#1517,#1518,#1519,#1520));
#4586=EDGE_LOOP('',(#1521,#1522,#1523,#1524));
#4587=EDGE_LOOP('',(#1525,#1526,#1527,#1528));
#4588=EDGE_LOOP('',(#1529,#1530,#1531));
#4589=EDGE_LOOP('',(#1532,#1533,#1534,#1535));
#4590=EDGE_LOOP('',(#1536,#1537,#1538,#1539));
#4591=EDGE_LOOP('',(#1540,#1541));
#4592=EDGE_LOOP('',(#1542,#1543));
#4593=EDGE_LOOP('',(#1544,#1545));
#4594=EDGE_LOOP('',(#1546,#1547,#1548));
#4595=EDGE_LOOP('',(#1549,#1550,#1551,#1552));
#4596=EDGE_LOOP('',(#1553,#1554,#1555,#1556));
#4597=EDGE_LOOP('',(#1557,#1558,#1559,#1560));
#4598=EDGE_LOOP('',(#1561,#1562,#1563,#1564));
#4599=EDGE_LOOP('',(#1565,#1566,#1567,#1568));
#4600=EDGE_LOOP('',(#1569,#1570));
#4601=EDGE_LOOP('',(#1571,#1572));
#4602=EDGE_LOOP('',(#1573,#1574,#1575,#1576));
#4603=EDGE_LOOP('',(#1577,#1578));
#4604=EDGE_LOOP('',(#1579,#1580));
#4605=EDGE_LOOP('',(#1581,#1582,#1583,#1584));
#4606=EDGE_LOOP('',(#1585,#1586));
#4607=EDGE_LOOP('',(#1587,#1588));
#4608=EDGE_LOOP('',(#1589,#1590,#1591,#1592));
#4609=EDGE_LOOP('',(#1593,#1594,#1595,#1596));
#4610=EDGE_LOOP('',(#1597,#1598,#1599,#1600));
#4611=EDGE_LOOP('',(#1601,#1602,#1603,#1604));
#4612=EDGE_LOOP('',(#1605,#1606));
#4613=EDGE_LOOP('',(#1607,#1608,#1609,#1610));
#4614=EDGE_LOOP('',(#1611,#1612,#1613,#1614));
#4615=EDGE_LOOP('',(#1615,#1616,#1617,#1618));
#4616=EDGE_LOOP('',(#1619,#1620));
#4617=EDGE_LOOP('',(#1621,#1622,#1623,#1624));
#4618=EDGE_LOOP('',(#1625,#1626,#1627,#1628));
#4619=EDGE_LOOP('',(#1629,#1630,#1631,#1632));
#4620=EDGE_LOOP('',(#1633,#1634,#1635,#1636));
#4621=EDGE_LOOP('',(#1637,#1638,#1639,#1640,#1641,#1642,#1643,#1644,#1645,
#1646,#1647,#1648));
#4622=EDGE_LOOP('',(#1649,#1650,#1651,#1652,#1653));
#4623=EDGE_LOOP('',(#1654,#1655,#1656,#1657));
#4624=EDGE_LOOP('',(#1658,#1659,#1660,#1661));
#4625=EDGE_LOOP('',(#1662,#1663,#1664,#1665));
#4626=EDGE_LOOP('',(#1666,#1667,#1668,#1669));
#4627=EDGE_LOOP('',(#1670,#1671,#1672,#1673,#1674));
#4628=EDGE_LOOP('',(#1675,#1676,#1677,#1678));
#4629=EDGE_LOOP('',(#1679,#1680,#1681,#1682));
#4630=EDGE_LOOP('',(#1683,#1684,#1685,#1686));
#4631=EDGE_LOOP('',(#1687,#1688,#1689,#1690));
#4632=EDGE_LOOP('',(#1691,#1692,#1693,#1694));
#4633=EDGE_LOOP('',(#1695,#1696,#1697,#1698));
#4634=EDGE_LOOP('',(#1699,#1700,#1701,#1702));
#4635=EDGE_LOOP('',(#1703,#1704,#1705,#1706,#1707));
#4636=EDGE_LOOP('',(#1708,#1709,#1710,#1711));
#4637=EDGE_LOOP('',(#1712,#1713,#1714,#1715));
#4638=EDGE_LOOP('',(#1716,#1717));
#4639=EDGE_LOOP('',(#1718,#1719));
#4640=EDGE_LOOP('',(#1720,#1721,#1722,#1723));
#4641=EDGE_LOOP('',(#1724,#1725,#1726,#1727,#1728,#1729,#1730,#1731,#1732,
#1733,#1734,#1735));
#4642=EDGE_LOOP('',(#1736,#1737,#1738,#1739));
#4643=EDGE_LOOP('',(#1740,#1741,#1742,#1743));
#4644=EDGE_LOOP('',(#1744,#1745,#1746,#1747));
#4645=EDGE_LOOP('',(#1748,#1749));
#4646=EDGE_LOOP('',(#1750,#1751));
#4647=EDGE_LOOP('',(#1752,#1753,#1754,#1755,#1756,#1757,#1758,#1759,#1760,
#1761));
#4648=EDGE_LOOP('',(#1762,#1763,#1764,#1765,#1766,#1767,#1768,#1769,#1770,
#1771));
#4649=EDGE_LOOP('',(#1772,#1773,#1774,#1775));
#4650=EDGE_LOOP('',(#1776,#1777,#1778,#1779,#1780,#1781,#1782));
#4651=EDGE_LOOP('',(#1783,#1784,#1785,#1786,#1787,#1788,#1789));
#4652=EDGE_LOOP('',(#1790,#1791,#1792,#1793));
#4653=EDGE_LOOP('',(#1794,#1795,#1796,#1797,#1798,#1799,#1800,#1801));
#4654=EDGE_LOOP('',(#1802,#1803,#1804,#1805,#1806,#1807,#1808,#1809));
#4655=EDGE_LOOP('',(#1810,#1811,#1812,#1813));
#4656=EDGE_LOOP('',(#1814,#1815,#1816,#1817,#1818,#1819,#1820,#1821));
#4657=EDGE_LOOP('',(#1822,#1823,#1824,#1825));
#4658=EDGE_LOOP('',(#1826,#1827,#1828,#1829));
#4659=EDGE_LOOP('',(#1830,#1831,#1832,#1833,#1834,#1835,#1836,#1837));
#4660=EDGE_LOOP('',(#1838,#1839,#1840,#1841,#1842,#1843,#1844));
#4661=EDGE_LOOP('',(#1845,#1846,#1847,#1848,#1849,#1850,#1851,#1852,#1853,
#1854));
#4662=EDGE_LOOP('',(#1855,#1856,#1857,#1858,#1859,#1860,#1861,#1862,#1863,
#1864));
#4663=EDGE_LOOP('',(#1865,#1866,#1867,#1868));
#4664=EDGE_LOOP('',(#1869,#1870,#1871,#1872,#1873,#1874));
#4665=EDGE_LOOP('',(#1875,#1876,#1877,#1878,#1879,#1880));
#4666=EDGE_LOOP('',(#1881,#1882,#1883,#1884));
#4667=EDGE_LOOP('',(#1885,#1886,#1887,#1888,#1889,#1890,#1891,#1892));
#4668=EDGE_LOOP('',(#1893,#1894,#1895,#1896,#1897,#1898,#1899,#1900));
#4669=EDGE_LOOP('',(#1901,#1902,#1903,#1904));
#4670=EDGE_LOOP('',(#1905,#1906,#1907,#1908,#1909,#1910,#1911,#1912));
#4671=EDGE_LOOP('',(#1913,#1914,#1915,#1916));
#4672=EDGE_LOOP('',(#1917,#1918,#1919,#1920));
#4673=EDGE_LOOP('',(#1921,#1922,#1923,#1924,#1925,#1926,#1927,#1928));
#4674=EDGE_LOOP('',(#1929,#1930,#1931,#1932,#1933,#1934));
#4675=EDGE_LOOP('',(#1935,#1936,#1937,#1938,#1939,#1940,#1941,#1942,#1943,
#1944));
#4676=EDGE_LOOP('',(#1945,#1946,#1947,#1948,#1949,#1950,#1951,#1952,#1953,
#1954));
#4677=EDGE_LOOP('',(#1955,#1956,#1957,#1958));
#4678=EDGE_LOOP('',(#1959,#1960,#1961,#1962,#1963,#1964,#1965));
#4679=EDGE_LOOP('',(#1966,#1967,#1968,#1969,#1970,#1971,#1972));
#4680=EDGE_LOOP('',(#1973,#1974,#1975,#1976));
#4681=EDGE_LOOP('',(#1977,#1978,#1979,#1980,#1981,#1982,#1983,#1984));
#4682=EDGE_LOOP('',(#1985,#1986,#1987,#1988,#1989,#1990,#1991,#1992));
#4683=EDGE_LOOP('',(#1993,#1994,#1995,#1996));
#4684=EDGE_LOOP('',(#1997,#1998,#1999,#2000,#2001,#2002,#2003,#2004));
#4685=EDGE_LOOP('',(#2005,#2006,#2007,#2008));
#4686=EDGE_LOOP('',(#2009,#2010,#2011,#2012));
#4687=EDGE_LOOP('',(#2013,#2014,#2015,#2016,#2017,#2018,#2019,#2020,#2021));
#4688=EDGE_LOOP('',(#2022,#2023,#2024,#2025,#2026,#2027));
#4689=EDGE_LOOP('',(#2028,#2029,#2030,#2031,#2032,#2033,#2034,#2035,#2036,
#2037));
#4690=EDGE_LOOP('',(#2038,#2039,#2040,#2041,#2042,#2043,#2044,#2045,#2046,
#2047));
#4691=EDGE_LOOP('',(#2048,#2049,#2050,#2051));
#4692=EDGE_LOOP('',(#2052,#2053,#2054,#2055,#2056,#2057));
#4693=EDGE_LOOP('',(#2058,#2059,#2060,#2061,#2062,#2063));
#4694=EDGE_LOOP('',(#2064,#2065,#2066,#2067));
#4695=EDGE_LOOP('',(#2068,#2069,#2070,#2071,#2072,#2073,#2074,#2075));
#4696=EDGE_LOOP('',(#2076,#2077,#2078,#2079,#2080,#2081,#2082,#2083));
#4697=EDGE_LOOP('',(#2084,#2085,#2086,#2087));
#4698=EDGE_LOOP('',(#2088,#2089,#2090,#2091,#2092,#2093,#2094,#2095));
#4699=EDGE_LOOP('',(#2096,#2097,#2098,#2099));
#4700=EDGE_LOOP('',(#2100,#2101,#2102,#2103));
#4701=EDGE_LOOP('',(#2104,#2105,#2106,#2107,#2108,#2109,#2110,#2111));
#4702=EDGE_LOOP('',(#2112,#2113,#2114,#2115,#2116,#2117,#2118));
#4703=EDGE_LOOP('',(#2119,#2120,#2121,#2122,#2123));
#4704=EDGE_LOOP('',(#2124,#2125,#2126,#2127,#2128));
#4705=EDGE_LOOP('',(#2129,#2130,#2131,#2132,#2133));
#4706=EDGE_LOOP('',(#2134,#2135,#2136,#2137,#2138));
#4707=EDGE_LOOP('',(#2139,#2140,#2141,#2142,#2143));
#4708=EDGE_LOOP('',(#2144,#2145,#2146,#2147,#2148));
#4709=EDGE_LOOP('',(#2149,#2150,#2151,#2152,#2153));
#4710=EDGE_LOOP('',(#2154,#2155,#2156,#2157,#2158));
#4711=EDGE_LOOP('',(#2159,#2160,#2161,#2162,#2163,#2164,#2165,#2166));
#4712=EDGE_LOOP('',(#2167,#2168,#2169,#2170,#2171));
#4713=EDGE_LOOP('',(#2172,#2173,#2174));
#4714=EDGE_LOOP('',(#2175,#2176,#2177,#2178,#2179,#2180,#2181,#2182));
#4715=EDGE_LOOP('',(#2183,#2184,#2185,#2186,#2187));
#4716=EDGE_LOOP('',(#2188,#2189,#2190));
#4717=EDGE_LOOP('',(#2191,#2192,#2193,#2194,#2195,#2196,#2197,#2198));
#4718=EDGE_LOOP('',(#2199,#2200,#2201,#2202,#2203));
#4719=EDGE_LOOP('',(#2204,#2205,#2206));
#4720=EDGE_LOOP('',(#2207,#2208,#2209,#2210,#2211,#2212,#2213,#2214));
#4721=EDGE_LOOP('',(#2215,#2216,#2217,#2218,#2219));
#4722=EDGE_LOOP('',(#2220,#2221,#2222));
#4723=EDGE_LOOP('',(#2223,#2224,#2225,#2226,#2227));
#4724=EDGE_LOOP('',(#2228,#2229,#2230,#2231,#2232,#2233));
#4725=EDGE_LOOP('',(#2234,#2235,#2236));
#4726=EDGE_LOOP('',(#2237,#2238,#2239,#2240));
#4727=EDGE_LOOP('',(#2241,#2242));
#4728=EDGE_LOOP('',(#2243,#2244,#2245,#2246,#2247));
#4729=EDGE_LOOP('',(#2248,#2249,#2250,#2251,#2252));
#4730=EDGE_LOOP('',(#2253,#2254,#2255,#2256,#2257,#2258));
#4731=EDGE_LOOP('',(#2259,#2260,#2261,#2262,#2263));
#4732=EDGE_LOOP('',(#2264,#2265,#2266));
#4733=EDGE_LOOP('',(#2267,#2268,#2269,#2270));
#4734=EDGE_LOOP('',(#2271,#2272));
#4735=EDGE_LOOP('',(#2273,#2274,#2275,#2276,#2277));
#4736=EDGE_LOOP('',(#2278,#2279,#2280,#2281,#2282));
#4737=EDGE_LOOP('',(#2283,#2284,#2285,#2286,#2287));
#4738=EDGE_LOOP('',(#2288,#2289,#2290,#2291,#2292));
#4739=EDGE_LOOP('',(#2293,#2294));
#4740=EDGE_LOOP('',(#2295,#2296,#2297,#2298));
#4741=EDGE_LOOP('',(#2299,#2300,#2301));
#4742=EDGE_LOOP('',(#2302,#2303,#2304,#2305,#2306,#2307));
#4743=EDGE_LOOP('',(#2308,#2309,#2310,#2311,#2312));
#4744=EDGE_LOOP('',(#2313,#2314,#2315,#2316,#2317));
#4745=EDGE_LOOP('',(#2318,#2319,#2320,#2321,#2322,#2323));
#4746=EDGE_LOOP('',(#2324,#2325,#2326));
#4747=EDGE_LOOP('',(#2327,#2328,#2329,#2330,#2331));
#4748=EDGE_LOOP('',(#2332,#2333,#2334));
#4749=EDGE_LOOP('',(#2335,#2336,#2337,#2338,#2339));
#4750=EDGE_LOOP('',(#2340,#2341,#2342,#2343,#2344));
#4751=EDGE_LOOP('',(#2345,#2346,#2347,#2348));
#4752=EDGE_LOOP('',(#2349,#2350,#2351));
#4753=EDGE_LOOP('',(#2352,#2353,#2354,#2355,#2356,#2357,#2358,#2359,#2360,
#2361,#2362,#2363));
#4754=EDGE_LOOP('',(#2364,#2365,#2366,#2367,#2368,#2369,#2370,#2371));
#4755=EDGE_LOOP('',(#2372,#2373,#2374,#2375,#2376,#2377,#2378,#2379));
#4756=EDGE_LOOP('',(#2380,#2381,#2382,#2383,#2384,#2385,#2386,#2387,#2388,
#2389,#2390,#2391));
#4757=EDGE_LOOP('',(#2392,#2393));
#4758=EDGE_LOOP('',(#2394,#2395));
#4759=EDGE_LOOP('',(#2396,#2397,#2398));
#4760=EDGE_LOOP('',(#2399,#2400));
#4761=EDGE_LOOP('',(#2401,#2402));
#4762=EDGE_LOOP('',(#2403,#2404,#2405,#2406));
#4763=EDGE_LOOP('',(#2407,#2408,#2409,#2410,#2411,#2412,#2413,#2414,#2415,
#2416));
#4764=EDGE_LOOP('',(#2417,#2418,#2419,#2420,#2421,#2422,#2423,#2424,#2425,
#2426,#2427,#2428,#2429,#2430,#2431,#2432));
#4765=EDGE_LOOP('',(#2433,#2434));
#4766=EDGE_LOOP('',(#2435,#2436,#2437,#2438));
#4767=EDGE_LOOP('',(#2439,#2440,#2441,#2442));
#4768=EDGE_LOOP('',(#2443,#2444,#2445,#2446));
#4769=EDGE_LOOP('',(#2447,#2448,#2449,#2450));
#4770=EDGE_LOOP('',(#2451,#2452,#2453,#2454));
#4771=EDGE_LOOP('',(#2455,#2456,#2457,#2458,#2459));
#4772=EDGE_LOOP('',(#2460,#2461,#2462,#2463));
#4773=EDGE_LOOP('',(#2464,#2465,#2466,#2467));
#4774=EDGE_LOOP('',(#2468,#2469,#2470,#2471));
#4775=EDGE_LOOP('',(#2472,#2473,#2474,#2475));
#4776=EDGE_LOOP('',(#2476,#2477,#2478,#2479));
#4777=EDGE_LOOP('',(#2480,#2481,#2482,#2483));
#4778=EDGE_LOOP('',(#2484,#2485,#2486,#2487));
#4779=EDGE_LOOP('',(#2488,#2489,#2490,#2491,#2492));
#4780=EDGE_LOOP('',(#2493,#2494,#2495,#2496));
#4781=EDGE_LOOP('',(#2497,#2498,#2499,#2500));
#4782=EDGE_LOOP('',(#2501,#2502,#2503,#2504));
#4783=EDGE_LOOP('',(#2505,#2506,#2507,#2508));
#4784=EDGE_LOOP('',(#2509,#2510,#2511,#2512));
#4785=EDGE_LOOP('',(#2513,#2514,#2515,#2516));
#4786=EDGE_LOOP('',(#2517,#2518,#2519,#2520));
#4787=EDGE_LOOP('',(#2521,#2522,#2523,#2524));
#4788=EDGE_LOOP('',(#2525,#2526,#2527,#2528));
#4789=EDGE_LOOP('',(#2529,#2530,#2531,#2532));
#4790=EDGE_LOOP('',(#2533,#2534,#2535));
#4791=EDGE_LOOP('',(#2536,#2537,#2538,#2539));
#4792=EDGE_LOOP('',(#2540,#2541));
#4793=EDGE_LOOP('',(#2542,#2543));
#4794=EDGE_LOOP('',(#2544,#2545));
#4795=EDGE_LOOP('',(#2546,#2547,#2548,#2549));
#4796=EDGE_LOOP('',(#2550,#2551,#2552));
#4797=EDGE_LOOP('',(#2553,#2554,#2555,#2556));
#4798=EDGE_LOOP('',(#2557,#2558,#2559,#2560));
#4799=EDGE_LOOP('',(#2561,#2562,#2563,#2564));
#4800=EDGE_LOOP('',(#2565,#2566,#2567,#2568));
#4801=EDGE_LOOP('',(#2569,#2570,#2571,#2572));
#4802=EDGE_LOOP('',(#2573,#2574,#2575,#2576));
#4803=EDGE_LOOP('',(#2577,#2578));
#4804=EDGE_LOOP('',(#2579,#2580));
#4805=EDGE_LOOP('',(#2581,#2582,#2583,#2584));
#4806=EDGE_LOOP('',(#2585,#2586));
#4807=EDGE_LOOP('',(#2587,#2588));
#4808=EDGE_LOOP('',(#2589,#2590,#2591,#2592));
#4809=EDGE_LOOP('',(#2593,#2594,#2595,#2596));
#4810=EDGE_LOOP('',(#2597,#2598,#2599,#2600));
#4811=EDGE_LOOP('',(#2601,#2602));
#4812=EDGE_LOOP('',(#2603,#2604));
#4813=EDGE_LOOP('',(#2605,#2606,#2607,#2608));
#4814=EDGE_LOOP('',(#2609,#2610,#2611,#2612));
#4815=EDGE_LOOP('',(#2613,#2614,#2615,#2616));
#4816=EDGE_LOOP('',(#2617,#2618,#2619,#2620));
#4817=EDGE_LOOP('',(#2621,#2622,#2623,#2624));
#4818=EDGE_LOOP('',(#2625,#2626,#2627,#2628));
#4819=EDGE_LOOP('',(#2629,#2630,#2631,#2632));
#4820=EDGE_LOOP('',(#2633,#2634,#2635,#2636));
#4821=EDGE_LOOP('',(#2637,#2638,#2639,#2640));
#4822=EDGE_LOOP('',(#2641,#2642,#2643,#2644));
#4823=EDGE_LOOP('',(#2645,#2646,#2647,#2648,#2649,#2650));
#4824=EDGE_LOOP('',(#2651,#2652,#2653,#2654));
#4825=EDGE_LOOP('',(#2655,#2656,#2657,#2658));
#4826=EDGE_LOOP('',(#2659,#2660,#2661,#2662));
#4827=EDGE_LOOP('',(#2663,#2664,#2665,#2666,#2667,#2668));
#4828=EDGE_LOOP('',(#2669,#2670,#2671,#2672));
#4829=EDGE_LOOP('',(#2673,#2674,#2675,#2676,#2677,#2678));
#4830=EDGE_LOOP('',(#2679,#2680,#2681,#2682));
#4831=EDGE_LOOP('',(#2683,#2684,#2685,#2686));
#4832=EDGE_LOOP('',(#2687,#2688,#2689,#2690));
#4833=EDGE_LOOP('',(#2691,#2692,#2693,#2694));
#4834=EDGE_LOOP('',(#2695,#2696,#2697,#2698,#2699,#2700));
#4835=EDGE_LOOP('',(#2701,#2702,#2703,#2704));
#4836=EDGE_LOOP('',(#2705,#2706,#2707,#2708));
#4837=EDGE_LOOP('',(#2709,#2710,#2711,#2712));
#4838=EDGE_LOOP('',(#2713,#2714,#2715,#2716));
#4839=EDGE_LOOP('',(#2717,#2718,#2719,#2720));
#4840=EDGE_LOOP('',(#2721,#2722,#2723,#2724));
#4841=EDGE_LOOP('',(#2725,#2726,#2727,#2728));
#4842=EDGE_LOOP('',(#2729,#2730,#2731,#2732));
#4843=EDGE_LOOP('',(#2733,#2734,#2735,#2736));
#4844=EDGE_LOOP('',(#2737,#2738,#2739,#2740));
#4845=EDGE_LOOP('',(#2741,#2742,#2743,#2744));
#4846=EDGE_LOOP('',(#2745,#2746,#2747,#2748));
#4847=EDGE_LOOP('',(#2749,#2750));
#4848=EDGE_LOOP('',(#2751,#2752));
#4849=EDGE_LOOP('',(#2753,#2754,#2755,#2756,#2757,#2758,#2759,#2760,#2761,
#2762,#2763,#2764));
#4850=EDGE_LOOP('',(#2765,#2766,#2767,#2768,#2769,#2770,#2771,#2772,#2773,
#2774,#2775,#2776));
#4851=EDGE_LOOP('',(#2777,#2778,#2779));
#4852=EDGE_LOOP('',(#2780,#2781,#2782,#2783));
#4853=EDGE_LOOP('',(#2784,#2785,#2786,#2787));
#4854=EDGE_LOOP('',(#2788,#2789,#2790));
#4855=EDGE_LOOP('',(#2791,#2792,#2793,#2794));
#4856=EDGE_LOOP('',(#2795,#2796,#2797,#2798));
#4857=EDGE_LOOP('',(#2799,#2800,#2801));
#4858=EDGE_LOOP('',(#2802,#2803,#2804,#2805));
#4859=EDGE_LOOP('',(#2806,#2807,#2808,#2809));
#4860=EDGE_LOOP('',(#2810,#2811,#2812,#2813));
#4861=EDGE_LOOP('',(#2814,#2815,#2816));
#4862=EDGE_LOOP('',(#2817,#2818,#2819,#2820));
#4863=FACE_BOUND('',#4494,.T.);
#4864=FACE_BOUND('',#4495,.T.);
#4865=FACE_BOUND('',#4496,.T.);
#4866=FACE_BOUND('',#4497,.T.);
#4867=FACE_BOUND('',#4498,.T.);
#4868=FACE_BOUND('',#4499,.T.);
#4869=FACE_BOUND('',#4500,.T.);
#4870=FACE_BOUND('',#4501,.T.);
#4871=FACE_BOUND('',#4502,.T.);
#4872=FACE_BOUND('',#4503,.T.);
#4873=FACE_BOUND('',#4504,.T.);
#4874=FACE_BOUND('',#4505,.T.);
#4875=FACE_BOUND('',#4506,.T.);
#4876=FACE_BOUND('',#4507,.T.);
#4877=FACE_BOUND('',#4508,.T.);
#4878=FACE_BOUND('',#4509,.T.);
#4879=FACE_BOUND('',#4510,.T.);
#4880=FACE_BOUND('',#4511,.T.);
#4881=FACE_BOUND('',#4512,.T.);
#4882=FACE_BOUND('',#4513,.T.);
#4883=FACE_BOUND('',#4514,.T.);
#4884=FACE_BOUND('',#4515,.T.);
#4885=FACE_BOUND('',#4516,.T.);
#4886=FACE_BOUND('',#4517,.T.);
#4887=FACE_BOUND('',#4518,.T.);
#4888=FACE_BOUND('',#4519,.T.);
#4889=FACE_BOUND('',#4520,.T.);
#4890=FACE_BOUND('',#4521,.T.);
#4891=FACE_BOUND('',#4522,.T.);
#4892=FACE_BOUND('',#4523,.T.);
#4893=FACE_BOUND('',#4524,.T.);
#4894=FACE_BOUND('',#4525,.T.);
#4895=FACE_BOUND('',#4526,.T.);
#4896=FACE_BOUND('',#4527,.T.);
#4897=FACE_BOUND('',#4528,.T.);
#4898=FACE_BOUND('',#4529,.T.);
#4899=FACE_BOUND('',#4530,.T.);
#4900=FACE_BOUND('',#4531,.T.);
#4901=FACE_BOUND('',#4532,.T.);
#4902=FACE_BOUND('',#4533,.T.);
#4903=FACE_BOUND('',#4534,.T.);
#4904=FACE_BOUND('',#4535,.T.);
#4905=FACE_BOUND('',#4536,.T.);
#4906=FACE_BOUND('',#4537,.T.);
#4907=FACE_BOUND('',#4538,.T.);
#4908=FACE_BOUND('',#4539,.T.);
#4909=FACE_BOUND('',#4540,.T.);
#4910=FACE_BOUND('',#4541,.T.);
#4911=FACE_BOUND('',#4542,.T.);
#4912=FACE_BOUND('',#4543,.T.);
#4913=FACE_BOUND('',#4544,.T.);
#4914=FACE_BOUND('',#4545,.T.);
#4915=FACE_BOUND('',#4546,.T.);
#4916=FACE_BOUND('',#4547,.T.);
#4917=FACE_BOUND('',#4548,.T.);
#4918=FACE_BOUND('',#4549,.T.);
#4919=FACE_BOUND('',#4550,.T.);
#4920=FACE_BOUND('',#4551,.T.);
#4921=FACE_BOUND('',#4552,.T.);
#4922=FACE_BOUND('',#4553,.T.);
#4923=FACE_BOUND('',#4554,.T.);
#4924=FACE_BOUND('',#4555,.T.);
#4925=FACE_BOUND('',#4556,.T.);
#4926=FACE_BOUND('',#4557,.T.);
#4927=FACE_BOUND('',#4558,.T.);
#4928=FACE_BOUND('',#4559,.T.);
#4929=FACE_BOUND('',#4560,.T.);
#4930=FACE_BOUND('',#4561,.T.);
#4931=FACE_BOUND('',#4562,.T.);
#4932=FACE_BOUND('',#4563,.T.);
#4933=FACE_BOUND('',#4564,.T.);
#4934=FACE_BOUND('',#4565,.T.);
#4935=FACE_BOUND('',#4566,.T.);
#4936=FACE_BOUND('',#4567,.T.);
#4937=FACE_BOUND('',#4568,.T.);
#4938=FACE_BOUND('',#4569,.T.);
#4939=FACE_BOUND('',#4570,.T.);
#4940=FACE_BOUND('',#4571,.T.);
#4941=FACE_BOUND('',#4572,.T.);
#4942=FACE_BOUND('',#4573,.T.);
#4943=FACE_BOUND('',#4574,.T.);
#4944=FACE_BOUND('',#4575,.T.);
#4945=FACE_BOUND('',#4576,.T.);
#4946=FACE_BOUND('',#4577,.T.);
#4947=FACE_BOUND('',#4578,.T.);
#4948=FACE_BOUND('',#4579,.T.);
#4949=FACE_BOUND('',#4580,.T.);
#4950=FACE_BOUND('',#4581,.T.);
#4951=FACE_BOUND('',#4582,.T.);
#4952=FACE_BOUND('',#4583,.T.);
#4953=FACE_BOUND('',#4584,.T.);
#4954=FACE_BOUND('',#4585,.T.);
#4955=FACE_BOUND('',#4586,.T.);
#4956=FACE_BOUND('',#4587,.T.);
#4957=FACE_BOUND('',#4588,.T.);
#4958=FACE_BOUND('',#4589,.T.);
#4959=FACE_BOUND('',#4590,.T.);
#4960=FACE_BOUND('',#4591,.T.);
#4961=FACE_BOUND('',#4592,.T.);
#4962=FACE_BOUND('',#4593,.T.);
#4963=FACE_BOUND('',#4594,.T.);
#4964=FACE_BOUND('',#4595,.T.);
#4965=FACE_BOUND('',#4596,.T.);
#4966=FACE_BOUND('',#4597,.T.);
#4967=FACE_BOUND('',#4598,.T.);
#4968=FACE_BOUND('',#4599,.T.);
#4969=FACE_BOUND('',#4600,.T.);
#4970=FACE_BOUND('',#4601,.T.);
#4971=FACE_BOUND('',#4602,.T.);
#4972=FACE_BOUND('',#4603,.T.);
#4973=FACE_BOUND('',#4604,.T.);
#4974=FACE_BOUND('',#4605,.T.);
#4975=FACE_BOUND('',#4606,.T.);
#4976=FACE_BOUND('',#4607,.T.);
#4977=FACE_BOUND('',#4608,.T.);
#4978=FACE_BOUND('',#4609,.T.);
#4979=FACE_BOUND('',#4610,.T.);
#4980=FACE_BOUND('',#4611,.T.);
#4981=FACE_BOUND('',#4612,.T.);
#4982=FACE_BOUND('',#4613,.T.);
#4983=FACE_BOUND('',#4614,.T.);
#4984=FACE_BOUND('',#4615,.T.);
#4985=FACE_BOUND('',#4616,.T.);
#4986=FACE_BOUND('',#4617,.T.);
#4987=FACE_BOUND('',#4618,.T.);
#4988=FACE_BOUND('',#4619,.T.);
#4989=FACE_BOUND('',#4620,.T.);
#4990=FACE_BOUND('',#4621,.T.);
#4991=FACE_BOUND('',#4622,.T.);
#4992=FACE_BOUND('',#4623,.T.);
#4993=FACE_BOUND('',#4624,.T.);
#4994=FACE_BOUND('',#4625,.T.);
#4995=FACE_BOUND('',#4626,.T.);
#4996=FACE_BOUND('',#4627,.T.);
#4997=FACE_BOUND('',#4628,.T.);
#4998=FACE_BOUND('',#4629,.T.);
#4999=FACE_BOUND('',#4630,.T.);
#5000=FACE_BOUND('',#4631,.T.);
#5001=FACE_BOUND('',#4632,.T.);
#5002=FACE_BOUND('',#4633,.T.);
#5003=FACE_BOUND('',#4634,.T.);
#5004=FACE_BOUND('',#4635,.T.);
#5005=FACE_BOUND('',#4636,.T.);
#5006=FACE_BOUND('',#4637,.T.);
#5007=FACE_BOUND('',#4638,.T.);
#5008=FACE_BOUND('',#4639,.T.);
#5009=FACE_BOUND('',#4640,.T.);
#5010=FACE_BOUND('',#4641,.T.);
#5011=FACE_BOUND('',#4642,.T.);
#5012=FACE_BOUND('',#4643,.T.);
#5013=FACE_BOUND('',#4644,.T.);
#5014=FACE_BOUND('',#4645,.T.);
#5015=FACE_BOUND('',#4646,.T.);
#5016=FACE_BOUND('',#4647,.T.);
#5017=FACE_BOUND('',#4648,.T.);
#5018=FACE_BOUND('',#4649,.T.);
#5019=FACE_BOUND('',#4650,.T.);
#5020=FACE_BOUND('',#4651,.T.);
#5021=FACE_BOUND('',#4652,.T.);
#5022=FACE_BOUND('',#4653,.T.);
#5023=FACE_BOUND('',#4654,.T.);
#5024=FACE_BOUND('',#4655,.T.);
#5025=FACE_BOUND('',#4656,.T.);
#5026=FACE_BOUND('',#4657,.T.);
#5027=FACE_BOUND('',#4658,.T.);
#5028=FACE_BOUND('',#4659,.T.);
#5029=FACE_BOUND('',#4660,.T.);
#5030=FACE_BOUND('',#4661,.T.);
#5031=FACE_BOUND('',#4662,.T.);
#5032=FACE_BOUND('',#4663,.T.);
#5033=FACE_BOUND('',#4664,.T.);
#5034=FACE_BOUND('',#4665,.T.);
#5035=FACE_BOUND('',#4666,.T.);
#5036=FACE_BOUND('',#4667,.T.);
#5037=FACE_BOUND('',#4668,.T.);
#5038=FACE_BOUND('',#4669,.T.);
#5039=FACE_BOUND('',#4670,.T.);
#5040=FACE_BOUND('',#4671,.T.);
#5041=FACE_BOUND('',#4672,.T.);
#5042=FACE_BOUND('',#4673,.T.);
#5043=FACE_BOUND('',#4674,.T.);
#5044=FACE_BOUND('',#4675,.T.);
#5045=FACE_BOUND('',#4676,.T.);
#5046=FACE_BOUND('',#4677,.T.);
#5047=FACE_BOUND('',#4678,.T.);
#5048=FACE_BOUND('',#4679,.T.);
#5049=FACE_BOUND('',#4680,.T.);
#5050=FACE_BOUND('',#4681,.T.);
#5051=FACE_BOUND('',#4682,.T.);
#5052=FACE_BOUND('',#4683,.T.);
#5053=FACE_BOUND('',#4684,.T.);
#5054=FACE_BOUND('',#4685,.T.);
#5055=FACE_BOUND('',#4686,.T.);
#5056=FACE_BOUND('',#4687,.T.);
#5057=FACE_BOUND('',#4688,.T.);
#5058=FACE_BOUND('',#4689,.T.);
#5059=FACE_BOUND('',#4690,.T.);
#5060=FACE_BOUND('',#4691,.T.);
#5061=FACE_BOUND('',#4692,.T.);
#5062=FACE_BOUND('',#4693,.T.);
#5063=FACE_BOUND('',#4694,.T.);
#5064=FACE_BOUND('',#4695,.T.);
#5065=FACE_BOUND('',#4696,.T.);
#5066=FACE_BOUND('',#4697,.T.);
#5067=FACE_BOUND('',#4698,.T.);
#5068=FACE_BOUND('',#4699,.T.);
#5069=FACE_BOUND('',#4700,.T.);
#5070=FACE_BOUND('',#4701,.T.);
#5071=FACE_BOUND('',#4702,.T.);
#5072=FACE_BOUND('',#4703,.T.);
#5073=FACE_BOUND('',#4704,.T.);
#5074=FACE_BOUND('',#4705,.T.);
#5075=FACE_BOUND('',#4706,.T.);
#5076=FACE_BOUND('',#4707,.T.);
#5077=FACE_BOUND('',#4708,.T.);
#5078=FACE_BOUND('',#4709,.T.);
#5079=FACE_BOUND('',#4710,.T.);
#5080=FACE_BOUND('',#4711,.T.);
#5081=FACE_BOUND('',#4712,.T.);
#5082=FACE_BOUND('',#4713,.T.);
#5083=FACE_BOUND('',#4714,.T.);
#5084=FACE_BOUND('',#4715,.T.);
#5085=FACE_BOUND('',#4716,.T.);
#5086=FACE_BOUND('',#4717,.T.);
#5087=FACE_BOUND('',#4718,.T.);
#5088=FACE_BOUND('',#4719,.T.);
#5089=FACE_BOUND('',#4720,.T.);
#5090=FACE_BOUND('',#4721,.T.);
#5091=FACE_BOUND('',#4722,.T.);
#5092=FACE_BOUND('',#4723,.T.);
#5093=FACE_BOUND('',#4724,.T.);
#5094=FACE_BOUND('',#4725,.T.);
#5095=FACE_BOUND('',#4726,.T.);
#5096=FACE_BOUND('',#4727,.T.);
#5097=FACE_BOUND('',#4728,.T.);
#5098=FACE_BOUND('',#4729,.T.);
#5099=FACE_BOUND('',#4730,.T.);
#5100=FACE_BOUND('',#4731,.T.);
#5101=FACE_BOUND('',#4732,.T.);
#5102=FACE_BOUND('',#4733,.T.);
#5103=FACE_BOUND('',#4734,.T.);
#5104=FACE_BOUND('',#4735,.T.);
#5105=FACE_BOUND('',#4736,.T.);
#5106=FACE_BOUND('',#4737,.T.);
#5107=FACE_BOUND('',#4738,.T.);
#5108=FACE_BOUND('',#4739,.T.);
#5109=FACE_BOUND('',#4740,.T.);
#5110=FACE_BOUND('',#4741,.T.);
#5111=FACE_BOUND('',#4742,.T.);
#5112=FACE_BOUND('',#4743,.T.);
#5113=FACE_BOUND('',#4744,.T.);
#5114=FACE_BOUND('',#4745,.T.);
#5115=FACE_BOUND('',#4746,.T.);
#5116=FACE_BOUND('',#4747,.T.);
#5117=FACE_BOUND('',#4748,.T.);
#5118=FACE_BOUND('',#4749,.T.);
#5119=FACE_BOUND('',#4750,.T.);
#5120=FACE_BOUND('',#4751,.T.);
#5121=FACE_BOUND('',#4752,.T.);
#5122=FACE_BOUND('',#4753,.T.);
#5123=FACE_BOUND('',#4754,.T.);
#5124=FACE_BOUND('',#4755,.T.);
#5125=FACE_BOUND('',#4756,.T.);
#5126=FACE_BOUND('',#4757,.T.);
#5127=FACE_BOUND('',#4758,.T.);
#5128=FACE_BOUND('',#4759,.T.);
#5129=FACE_BOUND('',#4760,.T.);
#5130=FACE_BOUND('',#4761,.T.);
#5131=FACE_BOUND('',#4762,.T.);
#5132=FACE_BOUND('',#4763,.T.);
#5133=FACE_BOUND('',#4764,.T.);
#5134=FACE_BOUND('',#4765,.T.);
#5135=FACE_BOUND('',#4766,.T.);
#5136=FACE_BOUND('',#4767,.T.);
#5137=FACE_BOUND('',#4768,.T.);
#5138=FACE_BOUND('',#4769,.T.);
#5139=FACE_BOUND('',#4770,.T.);
#5140=FACE_BOUND('',#4771,.T.);
#5141=FACE_BOUND('',#4772,.T.);
#5142=FACE_BOUND('',#4773,.T.);
#5143=FACE_BOUND('',#4774,.T.);
#5144=FACE_BOUND('',#4775,.T.);
#5145=FACE_BOUND('',#4776,.T.);
#5146=FACE_BOUND('',#4777,.T.);
#5147=FACE_BOUND('',#4778,.T.);
#5148=FACE_BOUND('',#4779,.T.);
#5149=FACE_BOUND('',#4780,.T.);
#5150=FACE_BOUND('',#4781,.T.);
#5151=FACE_BOUND('',#4782,.T.);
#5152=FACE_BOUND('',#4783,.T.);
#5153=FACE_BOUND('',#4784,.T.);
#5154=FACE_BOUND('',#4785,.T.);
#5155=FACE_BOUND('',#4786,.T.);
#5156=FACE_BOUND('',#4787,.T.);
#5157=FACE_BOUND('',#4788,.T.);
#5158=FACE_BOUND('',#4789,.T.);
#5159=FACE_BOUND('',#4790,.T.);
#5160=FACE_BOUND('',#4791,.T.);
#5161=FACE_BOUND('',#4792,.T.);
#5162=FACE_BOUND('',#4793,.T.);
#5163=FACE_BOUND('',#4794,.T.);
#5164=FACE_BOUND('',#4795,.T.);
#5165=FACE_BOUND('',#4796,.T.);
#5166=FACE_BOUND('',#4797,.T.);
#5167=FACE_BOUND('',#4798,.T.);
#5168=FACE_BOUND('',#4799,.T.);
#5169=FACE_BOUND('',#4800,.T.);
#5170=FACE_BOUND('',#4801,.T.);
#5171=FACE_BOUND('',#4802,.T.);
#5172=FACE_BOUND('',#4803,.T.);
#5173=FACE_BOUND('',#4804,.T.);
#5174=FACE_BOUND('',#4805,.T.);
#5175=FACE_BOUND('',#4806,.T.);
#5176=FACE_BOUND('',#4807,.T.);
#5177=FACE_BOUND('',#4808,.T.);
#5178=FACE_BOUND('',#4809,.T.);
#5179=FACE_BOUND('',#4810,.T.);
#5180=FACE_BOUND('',#4811,.T.);
#5181=FACE_BOUND('',#4812,.T.);
#5182=FACE_BOUND('',#4813,.T.);
#5183=FACE_BOUND('',#4814,.T.);
#5184=FACE_BOUND('',#4815,.T.);
#5185=FACE_BOUND('',#4816,.T.);
#5186=FACE_BOUND('',#4817,.T.);
#5187=FACE_BOUND('',#4818,.T.);
#5188=FACE_BOUND('',#4819,.T.);
#5189=FACE_BOUND('',#4820,.T.);
#5190=FACE_BOUND('',#4821,.T.);
#5191=FACE_BOUND('',#4822,.T.);
#5192=FACE_BOUND('',#4823,.T.);
#5193=FACE_BOUND('',#4824,.T.);
#5194=FACE_BOUND('',#4825,.T.);
#5195=FACE_BOUND('',#4826,.T.);
#5196=FACE_BOUND('',#4827,.T.);
#5197=FACE_BOUND('',#4828,.T.);
#5198=FACE_BOUND('',#4829,.T.);
#5199=FACE_BOUND('',#4830,.T.);
#5200=FACE_BOUND('',#4831,.T.);
#5201=FACE_BOUND('',#4832,.T.);
#5202=FACE_BOUND('',#4833,.T.);
#5203=FACE_BOUND('',#4834,.T.);
#5204=FACE_BOUND('',#4835,.T.);
#5205=FACE_BOUND('',#4836,.T.);
#5206=FACE_BOUND('',#4837,.T.);
#5207=FACE_BOUND('',#4838,.T.);
#5208=FACE_BOUND('',#4839,.T.);
#5209=FACE_BOUND('',#4840,.T.);
#5210=FACE_BOUND('',#4841,.T.);
#5211=FACE_BOUND('',#4842,.T.);
#5212=FACE_BOUND('',#4843,.T.);
#5213=FACE_BOUND('',#4844,.T.);
#5214=FACE_BOUND('',#4845,.T.);
#5215=FACE_BOUND('',#4846,.T.);
#5216=FACE_BOUND('',#4847,.T.);
#5217=FACE_BOUND('',#4848,.T.);
#5218=FACE_BOUND('',#4849,.T.);
#5219=FACE_BOUND('',#4850,.T.);
#5220=FACE_BOUND('',#4851,.T.);
#5221=FACE_BOUND('',#4852,.T.);
#5222=FACE_BOUND('',#4853,.T.);
#5223=FACE_BOUND('',#4854,.T.);
#5224=FACE_BOUND('',#4855,.T.);
#5225=FACE_BOUND('',#4856,.T.);
#5226=FACE_BOUND('',#4857,.T.);
#5227=FACE_BOUND('',#4858,.T.);
#5228=FACE_BOUND('',#4859,.T.);
#5229=FACE_BOUND('',#4860,.T.);
#5230=FACE_BOUND('',#4861,.T.);
#5231=FACE_BOUND('',#4862,.T.);
#5232=(
BOUNDED_SURFACE()
B_SPLINE_SURFACE(3,1,((#7298,#7299),(#7300,#7301),(#7302,#7303),(#7304,
#7305)),.CYLINDRICAL_SURF.,.F.,.F.,.F.)
B_SPLINE_SURFACE_WITH_KNOTS((4,4),(2,2),(0.5,1.),(0.0454545454545426,0.954545454545451),
 .PIECEWISE_BEZIER_KNOTS.)
GEOMETRIC_REPRESENTATION_ITEM()
RATIONAL_B_SPLINE_SURFACE(((1.,1.),(0.333333333333333,0.333333333333333),
(0.333333333333333,0.333333333333333),(1.,1.)))
REPRESENTATION_ITEM('')
SURFACE()
);
#5233=(
BOUNDED_SURFACE()
B_SPLINE_SURFACE(3,1,((#7316,#7317),(#7318,#7319),(#7320,#7321),(#7322,
#7323)),.CYLINDRICAL_SURF.,.F.,.F.,.F.)
B_SPLINE_SURFACE_WITH_KNOTS((4,4),(2,2),(0.,0.5),(0.0454545454545485,0.954545454545451),
 .PIECEWISE_BEZIER_KNOTS.)
GEOMETRIC_REPRESENTATION_ITEM()
RATIONAL_B_SPLINE_SURFACE(((1.,1.),(0.333333333333333,0.333333333333333),
(0.333333333333333,0.333333333333333),(1.,1.)))
REPRESENTATION_ITEM('')
SURFACE()
);
#5234=(
BOUNDED_SURFACE()
B_SPLINE_SURFACE(3,1,((#7334,#7335),(#7336,#7337),(#7338,#7339),(#7340,
#7341)),.CYLINDRICAL_SURF.,.F.,.F.,.F.)
B_SPLINE_SURFACE_WITH_KNOTS((4,4),(2,2),(0.5,1.),(0.0454545454545471,0.954545454545455),
 .PIECEWISE_BEZIER_KNOTS.)
GEOMETRIC_REPRESENTATION_ITEM()
RATIONAL_B_SPLINE_SURFACE(((1.,1.),(0.333333333333333,0.333333333333333),
(0.333333333333333,0.333333333333333),(1.,1.)))
REPRESENTATION_ITEM('')
SURFACE()
);
#5235=(
BOUNDED_SURFACE()
B_SPLINE_SURFACE(3,1,((#7349,#7350),(#7351,#7352),(#7353,#7354),(#7355,
#7356)),.CYLINDRICAL_SURF.,.F.,.F.,.F.)
B_SPLINE_SURFACE_WITH_KNOTS((4,4),(2,2),(0.,0.5),(0.0454545454545437,0.954545454545451),
 .PIECEWISE_BEZIER_KNOTS.)
GEOMETRIC_REPRESENTATION_ITEM()
RATIONAL_B_SPLINE_SURFACE(((1.,1.),(0.333333333333333,0.333333333333333),
(0.333333333333333,0.333333333333333),(1.,1.)))
REPRESENTATION_ITEM('')
SURFACE()
);
#5236=(
BOUNDED_SURFACE()
B_SPLINE_SURFACE(3,1,((#7363,#7364),(#7365,#7366),(#7367,#7368),(#7369,
#7370)),.CYLINDRICAL_SURF.,.F.,.F.,.F.)
B_SPLINE_SURFACE_WITH_KNOTS((4,4),(2,2),(0.5,1.),(0.0454545454545453,0.954545454545455),
 .PIECEWISE_BEZIER_KNOTS.)
GEOMETRIC_REPRESENTATION_ITEM()
RATIONAL_B_SPLINE_SURFACE(((1.,1.),(0.333333333333333,0.333333333333333),
(0.333333333333333,0.333333333333333),(1.,1.)))
REPRESENTATION_ITEM('')
SURFACE()
);
#5237=(
BOUNDED_SURFACE()
B_SPLINE_SURFACE(3,1,((#7423,#7424),(#7425,#7426),(#7427,#7428),(#7429,
#7430)),.CYLINDRICAL_SURF.,.F.,.F.,.F.)
B_SPLINE_SURFACE_WITH_KNOTS((4,4),(2,2),(0.,0.5),(0.0454545454545453,0.954545454545455),
 .PIECEWISE_BEZIER_KNOTS.)
GEOMETRIC_REPRESENTATION_ITEM()
RATIONAL_B_SPLINE_SURFACE(((1.,1.),(0.333333333333333,0.333333333333333),
(0.333333333333333,0.333333333333333),(1.,1.)))
REPRESENTATION_ITEM('')
SURFACE()
);
#5238=(
BOUNDED_SURFACE()
B_SPLINE_SURFACE(3,1,((#7486,#7487),(#7488,#7489),(#7490,#7491),(#7492,
#7493)),.CYLINDRICAL_SURF.,.F.,.F.,.F.)
B_SPLINE_SURFACE_WITH_KNOTS((4,4),(2,2),(0.5,1.),(0.0454545454545454,0.954545454545455),
 .PIECEWISE_BEZIER_KNOTS.)
GEOMETRIC_REPRESENTATION_ITEM()
RATIONAL_B_SPLINE_SURFACE(((1.,1.),(0.333333333333333,0.333333333333333),
(0.333333333333333,0.333333333333333),(1.,1.)))
REPRESENTATION_ITEM('')
SURFACE()
);
#5239=(
BOUNDED_SURFACE()
B_SPLINE_SURFACE(3,1,((#7533,#7534),(#7535,#7536),(#7537,#7538),(#7539,
#7540)),.CYLINDRICAL_SURF.,.F.,.F.,.F.)
B_SPLINE_SURFACE_WITH_KNOTS((4,4),(2,2),(0.,0.5),(0.0454545454545454,0.954545454545455),
 .PIECEWISE_BEZIER_KNOTS.)
GEOMETRIC_REPRESENTATION_ITEM()
RATIONAL_B_SPLINE_SURFACE(((1.,1.),(0.333333333333333,0.333333333333333),
(0.333333333333333,0.333333333333333),(1.,1.)))
REPRESENTATION_ITEM('')
SURFACE()
);
#5240=(
BOUNDED_SURFACE()
B_SPLINE_SURFACE(3,1,((#7746,#7747),(#7748,#7749),(#7750,#7751),(#7752,
#7753)),.CYLINDRICAL_SURF.,.F.,.F.,.F.)
B_SPLINE_SURFACE_WITH_KNOTS((4,4),(2,2),(0.,0.5),(0.0454545454545455,0.954545454545454),
 .PIECEWISE_BEZIER_KNOTS.)
GEOMETRIC_REPRESENTATION_ITEM()
RATIONAL_B_SPLINE_SURFACE(((1.,1.),(0.333333333333333,0.333333333333333),
(0.333333333333333,0.333333333333333),(1.,1.)))
REPRESENTATION_ITEM('')
SURFACE()
);
#5241=(
BOUNDED_SURFACE()
B_SPLINE_SURFACE(3,1,((#7764,#7765),(#7766,#7767),(#7768,#7769),(#7770,
#7771)),.CYLINDRICAL_SURF.,.F.,.F.,.F.)
B_SPLINE_SURFACE_WITH_KNOTS((4,4),(2,2),(0.5,1.),(0.0454545454545455,0.954545454545455),
 .PIECEWISE_BEZIER_KNOTS.)
GEOMETRIC_REPRESENTATION_ITEM()
RATIONAL_B_SPLINE_SURFACE(((1.,1.),(0.333333333333333,0.333333333333333),
(0.333333333333333,0.333333333333333),(1.,1.)))
REPRESENTATION_ITEM('')
SURFACE()
);
#5242=(
BOUNDED_SURFACE()
B_SPLINE_SURFACE(3,1,((#7798,#7799),(#7800,#7801),(#7802,#7803),(#7804,
#7805)),.CYLINDRICAL_SURF.,.F.,.F.,.F.)
B_SPLINE_SURFACE_WITH_KNOTS((4,4),(2,2),(0.,1.),(0.,1.),
 .PIECEWISE_BEZIER_KNOTS.)
GEOMETRIC_REPRESENTATION_ITEM()
RATIONAL_B_SPLINE_SURFACE(((1.,1.),(0.782793404255664,0.782793404255664),
(0.782793404255664,0.782793404255664),(1.,1.)))
REPRESENTATION_ITEM('')
SURFACE()
);
#5243=(
BOUNDED_SURFACE()
B_SPLINE_SURFACE(3,1,((#7816,#7817),(#7818,#7819),(#7820,#7821),(#7822,
#7823)),.CYLINDRICAL_SURF.,.F.,.F.,.F.)
B_SPLINE_SURFACE_WITH_KNOTS((4,4),(2,2),(0.,1.),(0.,1.),
 .PIECEWISE_BEZIER_KNOTS.)
GEOMETRIC_REPRESENTATION_ITEM()
RATIONAL_B_SPLINE_SURFACE(((1.,1.),(0.782793404255664,0.782793404255664),
(0.782793404255664,0.782793404255664),(1.,1.)))
REPRESENTATION_ITEM('')
SURFACE()
);
#5244=(
BOUNDED_SURFACE()
B_SPLINE_SURFACE(3,1,((#7842,#7843),(#7844,#7845),(#7846,#7847),(#7848,
#7849)),.CYLINDRICAL_SURF.,.F.,.F.,.F.)
B_SPLINE_SURFACE_WITH_KNOTS((4,4),(2,2),(0.,1.),(0.,1.),
 .PIECEWISE_BEZIER_KNOTS.)
GEOMETRIC_REPRESENTATION_ITEM()
RATIONAL_B_SPLINE_SURFACE(((1.,1.),(0.782793404255664,0.782793404255664),
(0.782793404255664,0.782793404255664),(1.,1.)))
REPRESENTATION_ITEM('')
SURFACE()
);
#5245=(
BOUNDED_SURFACE()
B_SPLINE_SURFACE(3,1,((#7868,#7869),(#7870,#7871),(#7872,#7873),(#7874,
#7875)),.CYLINDRICAL_SURF.,.F.,.F.,.F.)
B_SPLINE_SURFACE_WITH_KNOTS((4,4),(2,2),(0.,0.5),(0.0454545454545454,0.954545454545454),
 .PIECEWISE_BEZIER_KNOTS.)
GEOMETRIC_REPRESENTATION_ITEM()
RATIONAL_B_SPLINE_SURFACE(((1.,1.),(0.333333333333333,0.333333333333333),
(0.333333333333333,0.333333333333333),(1.,1.)))
REPRESENTATION_ITEM('')
SURFACE()
);
#5246=(
BOUNDED_SURFACE()
B_SPLINE_SURFACE(3,1,((#7878,#7879),(#7880,#7881),(#7882,#7883),(#7884,
#7885)),.CYLINDRICAL_SURF.,.F.,.F.,.F.)
B_SPLINE_SURFACE_WITH_KNOTS((4,4),(2,2),(0.5,1.),(0.0454545454545454,0.954545454545454),
 .PIECEWISE_BEZIER_KNOTS.)
GEOMETRIC_REPRESENTATION_ITEM()
RATIONAL_B_SPLINE_SURFACE(((1.,1.),(0.333333333333333,0.333333333333333),
(0.333333333333333,0.333333333333333),(1.,1.)))
REPRESENTATION_ITEM('')
SURFACE()
);
#5247=(
BOUNDED_SURFACE()
B_SPLINE_SURFACE(3,1,((#7896,#7897),(#7898,#7899),(#7900,#7901),(#7902,
#7903)),.CYLINDRICAL_SURF.,.F.,.F.,.F.)
B_SPLINE_SURFACE_WITH_KNOTS((4,4),(2,2),(0.,1.),(0.,1.),
 .PIECEWISE_BEZIER_KNOTS.)
GEOMETRIC_REPRESENTATION_ITEM()
RATIONAL_B_SPLINE_SURFACE(((1.,1.),(0.782793404255664,0.782793404255664),
(0.782793404255664,0.782793404255664),(1.,1.)))
REPRESENTATION_ITEM('')
SURFACE()
);
#5248=(
BOUNDED_SURFACE()
B_SPLINE_SURFACE(3,1,((#7915,#7916),(#7917,#7918),(#7919,#7920),(#7921,
#7922)),.CYLINDRICAL_SURF.,.F.,.F.,.F.)
B_SPLINE_SURFACE_WITH_KNOTS((4,4),(2,2),(0.,0.5),(0.0454545454545166,0.954545454545459),
 .PIECEWISE_BEZIER_KNOTS.)
GEOMETRIC_REPRESENTATION_ITEM()
RATIONAL_B_SPLINE_SURFACE(((1.,1.),(0.333333333333333,0.333333333333333),
(0.333333333333333,0.333333333333333),(1.,1.)))
REPRESENTATION_ITEM('')
SURFACE()
);
#5249=(
BOUNDED_SURFACE()
B_SPLINE_SURFACE(3,1,((#7933,#7934),(#7935,#7936),(#7937,#7938),(#7939,
#7940)),.CYLINDRICAL_SURF.,.F.,.F.,.F.)
B_SPLINE_SURFACE_WITH_KNOTS((4,4),(2,2),(0.5,1.),(0.0454545454545234,0.954545454545459),
 .PIECEWISE_BEZIER_KNOTS.)
GEOMETRIC_REPRESENTATION_ITEM()
RATIONAL_B_SPLINE_SURFACE(((1.,1.),(0.333333333333333,0.333333333333333),
(0.333333333333333,0.333333333333333),(1.,1.)))
REPRESENTATION_ITEM('')
SURFACE()
);
#5250=(
BOUNDED_SURFACE()
B_SPLINE_SURFACE(3,1,((#7957,#7958),(#7959,#7960),(#7961,#7962),(#7963,
#7964)),.CYLINDRICAL_SURF.,.F.,.F.,.F.)
B_SPLINE_SURFACE_WITH_KNOTS((4,4),(2,2),(0.,0.5),(0.0454545454545235,0.954545454545459),
 .PIECEWISE_BEZIER_KNOTS.)
GEOMETRIC_REPRESENTATION_ITEM()
RATIONAL_B_SPLINE_SURFACE(((1.,1.),(0.333333333333333,0.333333333333333),
(0.333333333333333,0.333333333333333),(1.,1.)))
REPRESENTATION_ITEM('')
SURFACE()
);
#5251=(
BOUNDED_SURFACE()
B_SPLINE_SURFACE(3,1,((#7971,#7972),(#7973,#7974),(#7975,#7976),(#7977,
#7978)),.CYLINDRICAL_SURF.,.F.,.F.,.F.)
B_SPLINE_SURFACE_WITH_KNOTS((4,4),(2,2),(0.5,1.),(0.045454545454539,0.954545454545466),
 .PIECEWISE_BEZIER_KNOTS.)
GEOMETRIC_REPRESENTATION_ITEM()
RATIONAL_B_SPLINE_SURFACE(((1.,1.),(0.333333333333333,0.333333333333333),
(0.333333333333333,0.333333333333333),(1.,1.)))
REPRESENTATION_ITEM('')
SURFACE()
);
#5252=(
BOUNDED_SURFACE()
B_SPLINE_SURFACE(1,3,((#7980,#7981,#7982,#7983),(#7984,#7985,#7986,#7987)),
 .CONICAL_SURF.,.F.,.F.,.F.)
B_SPLINE_SURFACE_WITH_KNOTS((2,2),(4,4),(0.0352020860495429,0.739243807040421),
(0.,0.5),.PIECEWISE_BEZIER_KNOTS.)
GEOMETRIC_REPRESENTATION_ITEM()
RATIONAL_B_SPLINE_SURFACE(((1.,0.333333333333333,0.333333333333333,1.),
(1.,0.333333333333333,0.333333333333333,1.)))
REPRESENTATION_ITEM('')
SURFACE()
);
#5253=(
BOUNDED_SURFACE()
B_SPLINE_SURFACE(3,1,((#7998,#7999),(#8000,#8001),(#8002,#8003),(#8004,
#8005)),.CYLINDRICAL_SURF.,.F.,.F.,.F.)
B_SPLINE_SURFACE_WITH_KNOTS((4,4),(2,2),(0.5,1.),(0.0454545454545455,0.954545454545454),
 .PIECEWISE_BEZIER_KNOTS.)
GEOMETRIC_REPRESENTATION_ITEM()
RATIONAL_B_SPLINE_SURFACE(((1.,1.),(0.333333333333333,0.333333333333333),
(0.333333333333333,0.333333333333333),(1.,1.)))
REPRESENTATION_ITEM('')
SURFACE()
);
#5254=(
BOUNDED_SURFACE()
B_SPLINE_SURFACE(1,3,((#8014,#8015,#8016,#8017),(#8018,#8019,#8020,#8021)),
 .CONICAL_SURF.,.F.,.F.,.F.)
B_SPLINE_SURFACE_WITH_KNOTS((2,2),(4,4),(0.047619047619047,1.),(0.,0.5),
 .PIECEWISE_BEZIER_KNOTS.)
GEOMETRIC_REPRESENTATION_ITEM()
RATIONAL_B_SPLINE_SURFACE(((1.,0.333333333333333,0.333333333333333,1.),
(1.,0.333333333333333,0.333333333333333,1.)))
REPRESENTATION_ITEM('')
SURFACE()
);
#5255=(
BOUNDED_SURFACE()
B_SPLINE_SURFACE(3,1,((#8028,#8029),(#8030,#8031),(#8032,#8033),(#8034,
#8035)),.CYLINDRICAL_SURF.,.F.,.F.,.F.)
B_SPLINE_SURFACE_WITH_KNOTS((4,4),(2,2),(0.,0.5),(0.0454545454545455,0.954545454545455),
 .PIECEWISE_BEZIER_KNOTS.)
GEOMETRIC_REPRESENTATION_ITEM()
RATIONAL_B_SPLINE_SURFACE(((1.,1.),(0.333333333333333,0.333333333333333),
(0.333333333333333,0.333333333333333),(1.,1.)))
REPRESENTATION_ITEM('')
SURFACE()
);
#5256=(
BOUNDED_SURFACE()
B_SPLINE_SURFACE(3,1,((#8046,#8047),(#8048,#8049),(#8050,#8051),(#8052,
#8053)),.CYLINDRICAL_SURF.,.F.,.F.,.F.)
B_SPLINE_SURFACE_WITH_KNOTS((4,4),(2,2),(0.5,1.),(0.0454545454545455,0.954545454545455),
 .PIECEWISE_BEZIER_KNOTS.)
GEOMETRIC_REPRESENTATION_ITEM()
RATIONAL_B_SPLINE_SURFACE(((1.,1.),(0.333333333333333,0.333333333333333),
(0.333333333333333,0.333333333333333),(1.,1.)))
REPRESENTATION_ITEM('')
SURFACE()
);
#5257=(
BOUNDED_SURFACE()
B_SPLINE_SURFACE(1,3,((#8065,#8066,#8067,#8068),(#8069,#8070,#8071,#8072)),
 .CONICAL_SURF.,.F.,.F.,.F.)
B_SPLINE_SURFACE_WITH_KNOTS((2,2),(4,4),(0.0476190476190505,1.),(0.5,1.),
 .PIECEWISE_BEZIER_KNOTS.)
GEOMETRIC_REPRESENTATION_ITEM()
RATIONAL_B_SPLINE_SURFACE(((1.,0.333333333333333,0.333333333333333,1.),
(1.,0.333333333333333,0.333333333333333,1.)))
REPRESENTATION_ITEM('')
SURFACE()
);
#5258=(
BOUNDED_SURFACE()
B_SPLINE_SURFACE(3,1,((#8073,#8074),(#8075,#8076),(#8077,#8078),(#8079,
#8080)),.CYLINDRICAL_SURF.,.F.,.F.,.F.)
B_SPLINE_SURFACE_WITH_KNOTS((4,4),(2,2),(0.,0.5),(0.0454545454545452,0.954545454545454),
 .PIECEWISE_BEZIER_KNOTS.)
GEOMETRIC_REPRESENTATION_ITEM()
RATIONAL_B_SPLINE_SURFACE(((1.,1.),(0.333333333333333,0.333333333333333),
(0.333333333333333,0.333333333333333),(1.,1.)))
REPRESENTATION_ITEM('')
SURFACE()
);
#5259=(
BOUNDED_SURFACE()
B_SPLINE_SURFACE(1,3,((#8081,#8082,#8083,#8084),(#8085,#8086,#8087,#8088)),
 .CONICAL_SURF.,.F.,.F.,.F.)
B_SPLINE_SURFACE_WITH_KNOTS((2,2),(4,4),(0.0352020860495428,0.739243807040422),
(0.5,1.),.PIECEWISE_BEZIER_KNOTS.)
GEOMETRIC_REPRESENTATION_ITEM()
RATIONAL_B_SPLINE_SURFACE(((1.,0.333333333333333,0.333333333333333,1.),
(1.,0.333333333333333,0.333333333333333,1.)))
REPRESENTATION_ITEM('')
SURFACE()
);
#5260=(
BOUNDED_SURFACE()
B_SPLINE_SURFACE(3,1,((#8090,#8091),(#8092,#8093),(#8094,#8095),(#8096,
#8097)),.CYLINDRICAL_SURF.,.F.,.F.,.F.)
B_SPLINE_SURFACE_WITH_KNOTS((4,4),(2,2),(0.,0.5),(0.0454545454545455,0.954545454545454),
 .PIECEWISE_BEZIER_KNOTS.)
GEOMETRIC_REPRESENTATION_ITEM()
RATIONAL_B_SPLINE_SURFACE(((1.,1.),(0.333333333333333,0.333333333333333),
(0.333333333333333,0.333333333333333),(1.,1.)))
REPRESENTATION_ITEM('')
SURFACE()
);
#5261=(
BOUNDED_SURFACE()
B_SPLINE_SURFACE(3,1,((#8108,#8109),(#8110,#8111),(#8112,#8113),(#8114,
#8115)),.CYLINDRICAL_SURF.,.F.,.F.,.F.)
B_SPLINE_SURFACE_WITH_KNOTS((4,4),(2,2),(0.,0.5),(0.0454545454545455,0.954545454545454),
 .PIECEWISE_BEZIER_KNOTS.)
GEOMETRIC_REPRESENTATION_ITEM()
RATIONAL_B_SPLINE_SURFACE(((1.,1.),(0.333333333333333,0.333333333333333),
(0.333333333333333,0.333333333333333),(1.,1.)))
REPRESENTATION_ITEM('')
SURFACE()
);
#5262=(
BOUNDED_SURFACE()
B_SPLINE_SURFACE(1,3,((#8126,#8127,#8128,#8129),(#8130,#8131,#8132,#8133)),
 .CONICAL_SURF.,.F.,.F.,.F.)
B_SPLINE_SURFACE_WITH_KNOTS((2,2),(4,4),(0.0086206896551724,0.18103448275862),
(0.5,1.),.PIECEWISE_BEZIER_KNOTS.)
GEOMETRIC_REPRESENTATION_ITEM()
RATIONAL_B_SPLINE_SURFACE(((1.,0.333333333333333,0.333333333333333,1.),
(1.,0.333333333333333,0.333333333333333,1.)))
REPRESENTATION_ITEM('')
SURFACE()
);
#5263=(
BOUNDED_SURFACE()
B_SPLINE_SURFACE(1,3,((#8150,#8151,#8152,#8153),(#8154,#8155,#8156,#8157)),
 .CONICAL_SURF.,.F.,.F.,.F.)
B_SPLINE_SURFACE_WITH_KNOTS((2,2),(4,4),(0.0086206896551724,0.18103448275862),
(0.,0.5),.PIECEWISE_BEZIER_KNOTS.)
GEOMETRIC_REPRESENTATION_ITEM()
RATIONAL_B_SPLINE_SURFACE(((1.,0.333333333333333,0.333333333333333,1.),
(1.,0.333333333333333,0.333333333333333,1.)))
REPRESENTATION_ITEM('')
SURFACE()
);
#5264=(
BOUNDED_SURFACE()
B_SPLINE_SURFACE(3,1,((#8164,#8165),(#8166,#8167),(#8168,#8169),(#8170,
#8171)),.CYLINDRICAL_SURF.,.F.,.F.,.F.)
B_SPLINE_SURFACE_WITH_KNOTS((4,4),(2,2),(0.5,1.),(0.0454545454545455,0.954545454545455),
 .PIECEWISE_BEZIER_KNOTS.)
GEOMETRIC_REPRESENTATION_ITEM()
RATIONAL_B_SPLINE_SURFACE(((1.,1.),(0.333333333333333,0.333333333333333),
(0.333333333333333,0.333333333333333),(1.,1.)))
REPRESENTATION_ITEM('')
SURFACE()
);
#5265=(
BOUNDED_SURFACE()
B_SPLINE_SURFACE(3,1,((#8182,#8183),(#8184,#8185),(#8186,#8187),(#8188,
#8189)),.CYLINDRICAL_SURF.,.F.,.F.,.F.)
B_SPLINE_SURFACE_WITH_KNOTS((4,4),(2,2),(0.5,1.),(0.0454545454545451,0.954545454545454),
 .PIECEWISE_BEZIER_KNOTS.)
GEOMETRIC_REPRESENTATION_ITEM()
RATIONAL_B_SPLINE_SURFACE(((1.,1.),(0.333333333333333,0.333333333333333),
(0.333333333333333,0.333333333333333),(1.,1.)))
REPRESENTATION_ITEM('')
SURFACE()
);
#5266=(
BOUNDED_SURFACE()
B_SPLINE_SURFACE(3,1,((#8190,#8191),(#8192,#8193),(#8194,#8195),(#8196,
#8197)),.CYLINDRICAL_SURF.,.F.,.F.,.F.)
B_SPLINE_SURFACE_WITH_KNOTS((4,4),(2,2),(0.5,1.),(0.0454545454545451,0.954545454545454),
 .PIECEWISE_BEZIER_KNOTS.)
GEOMETRIC_REPRESENTATION_ITEM()
RATIONAL_B_SPLINE_SURFACE(((1.,1.),(0.333333333333333,0.333333333333333),
(0.333333333333333,0.333333333333333),(1.,1.)))
REPRESENTATION_ITEM('')
SURFACE()
);
#5267=(
BOUNDED_SURFACE()
B_SPLINE_SURFACE(1,3,((#8208,#8209,#8210,#8211),(#8212,#8213,#8214,#8215)),
 .CONICAL_SURF.,.F.,.F.,.F.)
B_SPLINE_SURFACE_WITH_KNOTS((2,2),(4,4),(0.00926622783636609,0.194590784563684),
(0.,0.5),.PIECEWISE_BEZIER_KNOTS.)
GEOMETRIC_REPRESENTATION_ITEM()
RATIONAL_B_SPLINE_SURFACE(((1.,0.333333333333333,0.333333333333333,1.),
(1.,0.333333333333333,0.333333333333333,1.)))
REPRESENTATION_ITEM('')
SURFACE()
);
#5268=(
BOUNDED_SURFACE()
B_SPLINE_SURFACE(3,1,((#8224,#8225),(#8226,#8227),(#8228,#8229),(#8230,
#8231)),.CYLINDRICAL_SURF.,.F.,.F.,.F.)
B_SPLINE_SURFACE_WITH_KNOTS((4,4),(2,2),(0.5,1.),(0.0454545454545455,0.954545454545454),
 .PIECEWISE_BEZIER_KNOTS.)
GEOMETRIC_REPRESENTATION_ITEM()
RATIONAL_B_SPLINE_SURFACE(((1.,1.),(0.333333333333333,0.333333333333333),
(0.333333333333333,0.333333333333333),(1.,1.)))
REPRESENTATION_ITEM('')
SURFACE()
);
#5269=(
BOUNDED_SURFACE()
B_SPLINE_SURFACE(3,1,((#8245,#8246),(#8247,#8248),(#8249,#8250),(#8251,
#8252)),.CYLINDRICAL_SURF.,.F.,.F.,.F.)
B_SPLINE_SURFACE_WITH_KNOTS((4,4),(2,2),(0.,0.5),(0.0454545454545455,0.954545454545454),
 .PIECEWISE_BEZIER_KNOTS.)
GEOMETRIC_REPRESENTATION_ITEM()
RATIONAL_B_SPLINE_SURFACE(((1.,1.),(0.333333333333333,0.333333333333333),
(0.333333333333333,0.333333333333333),(1.,1.)))
REPRESENTATION_ITEM('')
SURFACE()
);
#5270=(
BOUNDED_SURFACE()
B_SPLINE_SURFACE(1,3,((#8253,#8254,#8255,#8256),(#8257,#8258,#8259,#8260)),
 .CONICAL_SURF.,.F.,.F.,.F.)
B_SPLINE_SURFACE_WITH_KNOTS((2,2),(4,4),(0.00926622783636609,0.194590784563684),
(0.5,1.),.PIECEWISE_BEZIER_KNOTS.)
GEOMETRIC_REPRESENTATION_ITEM()
RATIONAL_B_SPLINE_SURFACE(((1.,0.333333333333333,0.333333333333333,1.),
(1.,0.333333333333333,0.333333333333333,1.)))
REPRESENTATION_ITEM('')
SURFACE()
);
#5271=(
BOUNDED_SURFACE()
B_SPLINE_SURFACE(3,1,((#8261,#8262),(#8263,#8264),(#8265,#8266),(#8267,
#8268)),.CYLINDRICAL_SURF.,.F.,.F.,.F.)
B_SPLINE_SURFACE_WITH_KNOTS((4,4),(2,2),(0.,0.5),(0.0454545454545447,0.954545454545454),
 .PIECEWISE_BEZIER_KNOTS.)
GEOMETRIC_REPRESENTATION_ITEM()
RATIONAL_B_SPLINE_SURFACE(((1.,1.),(0.333333333333333,0.333333333333333),
(0.333333333333333,0.333333333333333),(1.,1.)))
REPRESENTATION_ITEM('')
SURFACE()
);
#5272=(
BOUNDED_SURFACE()
B_SPLINE_SURFACE(3,1,((#8275,#8276),(#8277,#8278),(#8279,#8280),(#8281,
#8282)),.CYLINDRICAL_SURF.,.F.,.F.,.F.)
B_SPLINE_SURFACE_WITH_KNOTS((4,4),(2,2),(0.5,1.),(0.0454545454545455,0.954545454545455),
 .PIECEWISE_BEZIER_KNOTS.)
GEOMETRIC_REPRESENTATION_ITEM()
RATIONAL_B_SPLINE_SURFACE(((1.,1.),(0.333333333333333,0.333333333333333),
(0.333333333333333,0.333333333333333),(1.,1.)))
REPRESENTATION_ITEM('')
SURFACE()
);
#5273=(
BOUNDED_SURFACE()
B_SPLINE_SURFACE(3,1,((#8293,#8294),(#8295,#8296),(#8297,#8298),(#8299,
#8300)),.CYLINDRICAL_SURF.,.F.,.F.,.F.)
B_SPLINE_SURFACE_WITH_KNOTS((4,4),(2,2),(0.,0.5),(0.0454545454545454,0.954545454545455),
 .PIECEWISE_BEZIER_KNOTS.)
GEOMETRIC_REPRESENTATION_ITEM()
RATIONAL_B_SPLINE_SURFACE(((1.,1.),(0.333333333333333,0.333333333333333),
(0.333333333333333,0.333333333333333),(1.,1.)))
REPRESENTATION_ITEM('')
SURFACE()
);
#5274=(
BOUNDED_SURFACE()
B_SPLINE_SURFACE(3,1,((#8353,#8354),(#8355,#8356),(#8357,#8358),(#8359,
#8360)),.CYLINDRICAL_SURF.,.F.,.F.,.F.)
B_SPLINE_SURFACE_WITH_KNOTS((4,4),(2,2),(0.,1.),(0.,1.),
 .PIECEWISE_BEZIER_KNOTS.)
GEOMETRIC_REPRESENTATION_ITEM()
RATIONAL_B_SPLINE_SURFACE(((1.,1.),(0.782588173991013,0.782588173991013),
(0.782588173991013,0.782588173991013),(1.,1.)))
REPRESENTATION_ITEM('')
SURFACE()
);
#5275=(
BOUNDED_SURFACE()
B_SPLINE_SURFACE(3,1,((#8368,#8369),(#8370,#8371),(#8372,#8373),(#8374,
#8375)),.CYLINDRICAL_SURF.,.F.,.F.,.F.)
B_SPLINE_SURFACE_WITH_KNOTS((4,4),(2,2),(0.,1.),(0.,1.),
 .PIECEWISE_BEZIER_KNOTS.)
GEOMETRIC_REPRESENTATION_ITEM()
RATIONAL_B_SPLINE_SURFACE(((1.,1.),(0.782588173991011,0.782588173991011),
(0.782588173991011,0.782588173991011),(1.,1.)))
REPRESENTATION_ITEM('')
SURFACE()
);
#5276=(
BOUNDED_SURFACE()
B_SPLINE_SURFACE(3,1,((#8381,#8382),(#8383,#8384),(#8385,#8386),(#8387,
#8388)),.CYLINDRICAL_SURF.,.F.,.F.,.F.)
B_SPLINE_SURFACE_WITH_KNOTS((4,4),(2,2),(0.,1.),(0.,1.),
 .PIECEWISE_BEZIER_KNOTS.)
GEOMETRIC_REPRESENTATION_ITEM()
RATIONAL_B_SPLINE_SURFACE(((1.,1.),(0.776560867105789,0.776560867105789),
(0.776560867105789,0.776560867105789),(1.,1.)))
REPRESENTATION_ITEM('')
SURFACE()
);
#5277=(
BOUNDED_SURFACE()
B_SPLINE_SURFACE(3,1,((#8394,#8395),(#8396,#8397),(#8398,#8399),(#8400,
#8401)),.CYLINDRICAL_SURF.,.F.,.F.,.F.)
B_SPLINE_SURFACE_WITH_KNOTS((4,4),(2,2),(0.,1.),(0.,1.),
 .PIECEWISE_BEZIER_KNOTS.)
GEOMETRIC_REPRESENTATION_ITEM()
RATIONAL_B_SPLINE_SURFACE(((1.,1.),(0.776560867105789,0.776560867105789),
(0.776560867105789,0.776560867105789),(1.,1.)))
REPRESENTATION_ITEM('')
SURFACE()
);
#5278=(
BOUNDED_SURFACE()
B_SPLINE_SURFACE(3,1,((#8407,#8408),(#8409,#8410),(#8411,#8412),(#8413,
#8414)),.CYLINDRICAL_SURF.,.F.,.F.,.F.)
B_SPLINE_SURFACE_WITH_KNOTS((4,4),(2,2),(0.,1.),(0.,1.),
 .PIECEWISE_BEZIER_KNOTS.)
GEOMETRIC_REPRESENTATION_ITEM()
RATIONAL_B_SPLINE_SURFACE(((1.,1.),(0.782588173991013,0.782588173991013),
(0.782588173991013,0.782588173991013),(1.,1.)))
REPRESENTATION_ITEM('')
SURFACE()
);
#5279=(
BOUNDED_SURFACE()
B_SPLINE_SURFACE(3,1,((#8420,#8421),(#8422,#8423),(#8424,#8425),(#8426,
#8427)),.CYLINDRICAL_SURF.,.F.,.F.,.F.)
B_SPLINE_SURFACE_WITH_KNOTS((4,4),(2,2),(0.,1.),(0.,1.),
 .PIECEWISE_BEZIER_KNOTS.)
GEOMETRIC_REPRESENTATION_ITEM()
RATIONAL_B_SPLINE_SURFACE(((1.,1.),(0.782588173991011,0.782588173991011),
(0.782588173991011,0.782588173991011),(1.,1.)))
REPRESENTATION_ITEM('')
SURFACE()
);
#5280=(
BOUNDED_SURFACE()
B_SPLINE_SURFACE(3,1,((#8435,#8436),(#8437,#8438),(#8439,#8440),(#8441,
#8442)),.CYLINDRICAL_SURF.,.F.,.F.,.F.)
B_SPLINE_SURFACE_WITH_KNOTS((4,4),(2,2),(0.,1.),(0.,1.),
 .PIECEWISE_BEZIER_KNOTS.)
GEOMETRIC_REPRESENTATION_ITEM()
RATIONAL_B_SPLINE_SURFACE(((1.,1.),(0.776560867105789,0.776560867105789),
(0.776560867105789,0.776560867105789),(1.,1.)))
REPRESENTATION_ITEM('')
SURFACE()
);
#5281=(
BOUNDED_SURFACE()
B_SPLINE_SURFACE(3,1,((#8448,#8449),(#8450,#8451),(#8452,#8453),(#8454,
#8455)),.CYLINDRICAL_SURF.,.F.,.F.,.F.)
B_SPLINE_SURFACE_WITH_KNOTS((4,4),(2,2),(0.,1.),(0.,1.),
 .PIECEWISE_BEZIER_KNOTS.)
GEOMETRIC_REPRESENTATION_ITEM()
RATIONAL_B_SPLINE_SURFACE(((1.,1.),(0.776560867105789,0.776560867105789),
(0.776560867105789,0.776560867105789),(1.,1.)))
REPRESENTATION_ITEM('')
SURFACE()
);
#5282=(
BOUNDED_SURFACE()
B_SPLINE_SURFACE(3,1,((#8464,#8465),(#8466,#8467),(#8468,#8469),(#8470,
#8471)),.CYLINDRICAL_SURF.,.F.,.F.,.F.)
B_SPLINE_SURFACE_WITH_KNOTS((4,4),(2,2),(0.,1.),(0.,1.),
 .PIECEWISE_BEZIER_KNOTS.)
GEOMETRIC_REPRESENTATION_ITEM()
RATIONAL_B_SPLINE_SURFACE(((1.,1.),(0.782588173991012,0.782588173991012),
(0.782588173991012,0.782588173991012),(1.,1.)))
REPRESENTATION_ITEM('')
SURFACE()
);
#5283=(
BOUNDED_SURFACE()
B_SPLINE_SURFACE(3,1,((#8480,#8481),(#8482,#8483),(#8484,#8485),(#8486,
#8487)),.CYLINDRICAL_SURF.,.F.,.F.,.F.)
B_SPLINE_SURFACE_WITH_KNOTS((4,4),(2,2),(0.,1.),(0.,1.),
 .PIECEWISE_BEZIER_KNOTS.)
GEOMETRIC_REPRESENTATION_ITEM()
RATIONAL_B_SPLINE_SURFACE(((1.,1.),(0.782588173991011,0.782588173991011),
(0.782588173991011,0.782588173991011),(1.,1.)))
REPRESENTATION_ITEM('')
SURFACE()
);
#5284=(
BOUNDED_SURFACE()
B_SPLINE_SURFACE(3,1,((#8496,#8497),(#8498,#8499),(#8500,#8501),(#8502,
#8503)),.CYLINDRICAL_SURF.,.F.,.F.,.F.)
B_SPLINE_SURFACE_WITH_KNOTS((4,4),(2,2),(0.,1.),(0.,1.),
 .PIECEWISE_BEZIER_KNOTS.)
GEOMETRIC_REPRESENTATION_ITEM()
RATIONAL_B_SPLINE_SURFACE(((1.,1.),(0.776560867105789,0.776560867105789),
(0.776560867105789,0.776560867105789),(1.,1.)))
REPRESENTATION_ITEM('')
SURFACE()
);
#5285=(
BOUNDED_SURFACE()
B_SPLINE_SURFACE(3,1,((#8512,#8513),(#8514,#8515),(#8516,#8517),(#8518,
#8519)),.CYLINDRICAL_SURF.,.F.,.F.,.F.)
B_SPLINE_SURFACE_WITH_KNOTS((4,4),(2,2),(0.,1.),(0.,1.),
 .PIECEWISE_BEZIER_KNOTS.)
GEOMETRIC_REPRESENTATION_ITEM()
RATIONAL_B_SPLINE_SURFACE(((1.,1.),(0.776560867105789,0.776560867105789),
(0.776560867105789,0.776560867105789),(1.,1.)))
REPRESENTATION_ITEM('')
SURFACE()
);
#5286=(
BOUNDED_SURFACE()
B_SPLINE_SURFACE(3,1,((#8528,#8529),(#8530,#8531),(#8532,#8533),(#8534,
#8535)),.CYLINDRICAL_SURF.,.F.,.F.,.F.)
B_SPLINE_SURFACE_WITH_KNOTS((4,4),(2,2),(0.,1.),(0.,1.),
 .PIECEWISE_BEZIER_KNOTS.)
GEOMETRIC_REPRESENTATION_ITEM()
RATIONAL_B_SPLINE_SURFACE(((1.,1.),(0.782588173991012,0.782588173991012),
(0.782588173991012,0.782588173991012),(1.,1.)))
REPRESENTATION_ITEM('')
SURFACE()
);
#5287=(
BOUNDED_SURFACE()
B_SPLINE_SURFACE(3,1,((#8544,#8545),(#8546,#8547),(#8548,#8549),(#8550,
#8551)),.CYLINDRICAL_SURF.,.F.,.F.,.F.)
B_SPLINE_SURFACE_WITH_KNOTS((4,4),(2,2),(0.,1.),(0.,1.),
 .PIECEWISE_BEZIER_KNOTS.)
GEOMETRIC_REPRESENTATION_ITEM()
RATIONAL_B_SPLINE_SURFACE(((1.,1.),(0.782588173991011,0.782588173991011),
(0.782588173991011,0.782588173991011),(1.,1.)))
REPRESENTATION_ITEM('')
SURFACE()
);
#5288=(
BOUNDED_SURFACE()
B_SPLINE_SURFACE(3,1,((#8562,#8563),(#8564,#8565),(#8566,#8567),(#8568,
#8569)),.CYLINDRICAL_SURF.,.F.,.F.,.F.)
B_SPLINE_SURFACE_WITH_KNOTS((4,4),(2,2),(0.,1.),(0.,1.),
 .PIECEWISE_BEZIER_KNOTS.)
GEOMETRIC_REPRESENTATION_ITEM()
RATIONAL_B_SPLINE_SURFACE(((1.,1.),(0.776560867105789,0.776560867105789),
(0.776560867105789,0.776560867105789),(1.,1.)))
REPRESENTATION_ITEM('')
SURFACE()
);
#5289=(
BOUNDED_SURFACE()
B_SPLINE_SURFACE(3,1,((#8578,#8579),(#8580,#8581),(#8582,#8583),(#8584,
#8585)),.CYLINDRICAL_SURF.,.F.,.F.,.F.)
B_SPLINE_SURFACE_WITH_KNOTS((4,4),(2,2),(0.,1.),(0.,1.),
 .PIECEWISE_BEZIER_KNOTS.)
GEOMETRIC_REPRESENTATION_ITEM()
RATIONAL_B_SPLINE_SURFACE(((1.,1.),(0.776560867105789,0.776560867105789),
(0.776560867105789,0.776560867105789),(1.,1.)))
REPRESENTATION_ITEM('')
SURFACE()
);
#5290=(
BOUNDED_SURFACE()
B_SPLINE_SURFACE(3,1,((#8597,#8598),(#8599,#8600),(#8601,#8602),(#8603,
#8604)),.CYLINDRICAL_SURF.,.F.,.F.,.F.)
B_SPLINE_SURFACE_WITH_KNOTS((4,4),(2,2),(0.,0.5),(0.0454545454545455,0.954545454545455),
 .PIECEWISE_BEZIER_KNOTS.)
GEOMETRIC_REPRESENTATION_ITEM()
RATIONAL_B_SPLINE_SURFACE(((1.,1.),(0.333333333333333,0.333333333333333),
(0.333333333333333,0.333333333333333),(1.,1.)))
REPRESENTATION_ITEM('')
SURFACE()
);
#5291=(
BOUNDED_SURFACE()
B_SPLINE_SURFACE(3,1,((#8606,#8607),(#8608,#8609),(#8610,#8611),(#8612,
#8613)),.CYLINDRICAL_SURF.,.F.,.F.,.F.)
B_SPLINE_SURFACE_WITH_KNOTS((4,4),(2,2),(0.5,1.),(0.0454545454545455,0.954545454545455),
 .PIECEWISE_BEZIER_KNOTS.)
GEOMETRIC_REPRESENTATION_ITEM()
RATIONAL_B_SPLINE_SURFACE(((1.,1.),(0.333333333333333,0.333333333333333),
(0.333333333333333,0.333333333333333),(1.,1.)))
REPRESENTATION_ITEM('')
SURFACE()
);
#5292=(
BOUNDED_SURFACE()
B_SPLINE_SURFACE(3,1,((#9237,#9238),(#9239,#9240),(#9241,#9242),(#9243,
#9244),(#9245,#9246),(#9247,#9248),(#9249,#9250)),.CYLINDRICAL_SURF.,.F.,
 .F.,.F.)
B_SPLINE_SURFACE_WITH_KNOTS((4,3,4),(2,2),(0.,0.5,1.),(0.,1.),
 .PIECEWISE_BEZIER_KNOTS.)
GEOMETRIC_REPRESENTATION_ITEM()
RATIONAL_B_SPLINE_SURFACE(((1.,1.),(0.758282659832481,0.758282659832481),
(0.758282659832481,0.758282659832481),(1.,1.),(0.758282659832481,0.758282659832481),
(0.758282659832481,0.758282659832481),(1.,1.)))
REPRESENTATION_ITEM('')
SURFACE()
);
#5293=(
BOUNDED_SURFACE()
B_SPLINE_SURFACE(3,1,((#9257,#9258),(#9259,#9260),(#9261,#9262),(#9263,
#9264)),.CYLINDRICAL_SURF.,.F.,.F.,.F.)
B_SPLINE_SURFACE_WITH_KNOTS((4,4),(2,2),(0.0914106704581058,0.90986299317395),
(0.0454545454545513,0.95454545454545),.PIECEWISE_BEZIER_KNOTS.)
GEOMETRIC_REPRESENTATION_ITEM()
RATIONAL_B_SPLINE_SURFACE(((0.870703103290442,0.870703103290442),(0.523636582583045,
0.523636582583045),(0.524177524273599,0.524177524273599),(0.872325928362103,
0.872325928362103)))
REPRESENTATION_ITEM('')
SURFACE()
);
#5294=(
BOUNDED_SURFACE()
B_SPLINE_SURFACE(3,1,((#9265,#9266),(#9267,#9268),(#9269,#9270),(#9271,
#9272)),.CYLINDRICAL_SURF.,.F.,.F.,.F.)
B_SPLINE_SURFACE_WITH_KNOTS((4,4),(2,2),(0.160266170219126,0.839612876014055),
(0.0454545454545498,0.95454545454545),.PIECEWISE_BEZIER_KNOTS.)
GEOMETRIC_REPRESENTATION_ITEM()
RATIONAL_B_SPLINE_SURFACE(((0.951473417755825,0.951473417755825),(0.89599357700748,
0.89599357700748),(0.895983700899873,0.895983700899873),(0.951443789433005,
0.951443789433005)))
REPRESENTATION_ITEM('')
SURFACE()
);
#5295=(
BOUNDED_SURFACE()
B_SPLINE_SURFACE(3,1,((#9273,#9274),(#9275,#9276),(#9277,#9278),(#9279,
#9280),(#9281,#9282),(#9283,#9284),(#9285,#9286)),.CYLINDRICAL_SURF.,.F.,
 .F.,.F.)
B_SPLINE_SURFACE_WITH_KNOTS((4,3,4),(2,2),(0.,0.5,1.),(0.,1.),
 .PIECEWISE_BEZIER_KNOTS.)
GEOMETRIC_REPRESENTATION_ITEM()
RATIONAL_B_SPLINE_SURFACE(((1.,1.),(0.758282659832491,0.758282659832491),
(0.758282659832491,0.758282659832491),(1.,1.),(0.758282659832491,0.758282659832491),
(0.758282659832491,0.758282659832491),(1.,1.)))
REPRESENTATION_ITEM('')
SURFACE()
);
#5296=(
BOUNDED_SURFACE()
B_SPLINE_SURFACE(3,1,((#9293,#9294),(#9295,#9296),(#9297,#9298),(#9299,
#9300)),.CYLINDRICAL_SURF.,.F.,.F.,.F.)
B_SPLINE_SURFACE_WITH_KNOTS((4,4),(2,2),(0.0914106704581148,0.909862993173966),
(0.045454545454552,0.954545454545455),.PIECEWISE_BEZIER_KNOTS.)
GEOMETRIC_REPRESENTATION_ITEM()
RATIONAL_B_SPLINE_SURFACE(((0.870703103290433,0.870703103290433),(0.523636582583045,
0.523636582583045),(0.524177524273609,0.524177524273609),(0.872325928362126,
0.872325928362126)))
REPRESENTATION_ITEM('')
SURFACE()
);
#5297=(
BOUNDED_SURFACE()
B_SPLINE_SURFACE(3,1,((#9301,#9302),(#9303,#9304),(#9305,#9306),(#9307,
#9308)),.CYLINDRICAL_SURF.,.F.,.F.,.F.)
B_SPLINE_SURFACE_WITH_KNOTS((4,4),(2,2),(0.160266170219126,0.839612876014055),
(0.0454545454545498,0.95454545454545),.PIECEWISE_BEZIER_KNOTS.)
GEOMETRIC_REPRESENTATION_ITEM()
RATIONAL_B_SPLINE_SURFACE(((0.951473417755825,0.951473417755825),(0.89599357700748,
0.89599357700748),(0.895983700899873,0.895983700899873),(0.951443789433005,
0.951443789433005)))
REPRESENTATION_ITEM('')
SURFACE()
);
#5298=(
BOUNDED_SURFACE()
B_SPLINE_SURFACE(3,1,((#9309,#9310),(#9311,#9312),(#9313,#9314),(#9315,
#9316),(#9317,#9318),(#9319,#9320),(#9321,#9322)),.CYLINDRICAL_SURF.,.F.,
 .F.,.F.)
B_SPLINE_SURFACE_WITH_KNOTS((4,3,4),(2,2),(0.,0.5,1.),(0.,1.),
 .PIECEWISE_BEZIER_KNOTS.)
GEOMETRIC_REPRESENTATION_ITEM()
RATIONAL_B_SPLINE_SURFACE(((1.,1.),(0.758282659832481,0.758282659832481),
(0.758282659832481,0.758282659832481),(1.,1.),(0.758282659832481,0.758282659832481),
(0.758282659832481,0.758282659832481),(1.,1.)))
REPRESENTATION_ITEM('')
SURFACE()
);
#5299=(
BOUNDED_SURFACE()
B_SPLINE_SURFACE(3,1,((#9329,#9330),(#9331,#9332),(#9333,#9334),(#9335,
#9336)),.CYLINDRICAL_SURF.,.F.,.F.,.F.)
B_SPLINE_SURFACE_WITH_KNOTS((4,4),(2,2),(0.0914106704581148,0.909862993173966),
(0.045454545454552,0.954545454545455),.PIECEWISE_BEZIER_KNOTS.)
GEOMETRIC_REPRESENTATION_ITEM()
RATIONAL_B_SPLINE_SURFACE(((0.870703103290433,0.870703103290433),(0.523636582583045,
0.523636582583045),(0.524177524273609,0.524177524273609),(0.872325928362126,
0.872325928362126)))
REPRESENTATION_ITEM('')
SURFACE()
);
#5300=(
BOUNDED_SURFACE()
B_SPLINE_SURFACE(3,1,((#9337,#9338),(#9339,#9340),(#9341,#9342),(#9343,
#9344)),.CYLINDRICAL_SURF.,.F.,.F.,.F.)
B_SPLINE_SURFACE_WITH_KNOTS((4,4),(2,2),(0.160266170219126,0.839612876014055),
(0.0454545454545498,0.95454545454545),.PIECEWISE_BEZIER_KNOTS.)
GEOMETRIC_REPRESENTATION_ITEM()
RATIONAL_B_SPLINE_SURFACE(((0.951473417755825,0.951473417755825),(0.89599357700748,
0.89599357700748),(0.895983700899873,0.895983700899873),(0.951443789433005,
0.951443789433005)))
REPRESENTATION_ITEM('')
SURFACE()
);
#5301=(
BOUNDED_SURFACE()
B_SPLINE_SURFACE(3,1,((#9345,#9346),(#9347,#9348),(#9349,#9350),(#9351,
#9352),(#9353,#9354),(#9355,#9356),(#9357,#9358)),.CYLINDRICAL_SURF.,.F.,
 .F.,.F.)
B_SPLINE_SURFACE_WITH_KNOTS((4,3,4),(2,2),(0.,0.5,1.),(0.,1.),
 .PIECEWISE_BEZIER_KNOTS.)
GEOMETRIC_REPRESENTATION_ITEM()
RATIONAL_B_SPLINE_SURFACE(((1.,1.),(0.758282659832481,0.758282659832481),
(0.758282659832481,0.758282659832481),(1.,1.),(0.758282659832481,0.758282659832481),
(0.758282659832481,0.758282659832481),(1.,1.)))
REPRESENTATION_ITEM('')
SURFACE()
);
#5302=(
BOUNDED_SURFACE()
B_SPLINE_SURFACE(3,1,((#9365,#9366),(#9367,#9368),(#9369,#9370),(#9371,
#9372)),.CYLINDRICAL_SURF.,.F.,.F.,.F.)
B_SPLINE_SURFACE_WITH_KNOTS((4,4),(2,2),(0.0914106704581058,0.90986299317395),
(0.0454545454545513,0.95454545454545),.PIECEWISE_BEZIER_KNOTS.)
GEOMETRIC_REPRESENTATION_ITEM()
RATIONAL_B_SPLINE_SURFACE(((0.870703103290442,0.870703103290442),(0.523636582583045,
0.523636582583045),(0.524177524273599,0.524177524273599),(0.872325928362103,
0.872325928362103)))
REPRESENTATION_ITEM('')
SURFACE()
);
#5303=(
BOUNDED_SURFACE()
B_SPLINE_SURFACE(3,1,((#9373,#9374),(#9375,#9376),(#9377,#9378),(#9379,
#9380)),.CYLINDRICAL_SURF.,.F.,.F.,.F.)
B_SPLINE_SURFACE_WITH_KNOTS((4,4),(2,2),(0.160266170219126,0.839612876014055),
(0.0454545454545498,0.95454545454545),.PIECEWISE_BEZIER_KNOTS.)
GEOMETRIC_REPRESENTATION_ITEM()
RATIONAL_B_SPLINE_SURFACE(((0.951473417755825,0.951473417755825),(0.89599357700748,
0.89599357700748),(0.895983700899873,0.895983700899873),(0.951443789433005,
0.951443789433005)))
REPRESENTATION_ITEM('')
SURFACE()
);
#5304=(
BOUNDED_SURFACE()
B_SPLINE_SURFACE(3,1,((#9381,#9382),(#9383,#9384),(#9385,#9386),(#9387,
#9388)),.CYLINDRICAL_SURF.,.F.,.F.,.F.)
B_SPLINE_SURFACE_WITH_KNOTS((4,4),(2,2),(0.0894603233631426,0.909194435998358),
(0.0454545454545398,0.954545454545455),.PIECEWISE_BEZIER_KNOTS.)
GEOMETRIC_REPRESENTATION_ITEM()
RATIONAL_B_SPLINE_SURFACE(((0.868994149002299,0.868994149002299),(0.508167803919711,
0.508167803919711),(0.507576632967828,0.507576632967828),(0.86722063614665,
0.86722063614665)))
REPRESENTATION_ITEM('')
SURFACE()
);
#5305=(
BOUNDED_SURFACE()
B_SPLINE_SURFACE(3,1,((#9392,#9393),(#9394,#9395),(#9396,#9397),(#9398,
#9399)),.CYLINDRICAL_SURF.,.F.,.F.,.F.)
B_SPLINE_SURFACE_WITH_KNOTS((4,4),(2,2),(0.,1.),(0.0454545454545454,0.954545454545453),
 .PIECEWISE_BEZIER_KNOTS.)
GEOMETRIC_REPRESENTATION_ITEM()
RATIONAL_B_SPLINE_SURFACE(((1.,1.),(0.333333333333242,0.333333333333242),
(0.333333333333242,0.333333333333242),(1.,1.)))
REPRESENTATION_ITEM('')
SURFACE()
);
#5306=(
BOUNDED_SURFACE()
B_SPLINE_SURFACE(3,3,((#9403,#9404,#9405,#9406),(#9407,#9408,#9409,#9410),
(#9411,#9412,#9413,#9414),(#9415,#9416,#9417,#9418)),.SPHERICAL_SURF.,.F.,
 .F.,.F.)
B_SPLINE_SURFACE_WITH_KNOTS((4,4),(4,4),(0.,1.),(0.167441155147391,0.832558844852938),
 .PIECEWISE_BEZIER_KNOTS.)
GEOMETRIC_REPRESENTATION_ITEM()
RATIONAL_B_SPLINE_SURFACE(((0.954221576946569,0.905797715263338,0.905797715263362,
0.954221576946641),(0.31807385898219,0.301932571754446,0.301932571754454,
0.318073858982214),(0.31807385898219,0.301932571754446,0.301932571754454,
0.318073858982214),(0.954221576946569,0.905797715263338,0.905797715263362,
0.954221576946641)))
REPRESENTATION_ITEM('')
SURFACE()
);
#5307=(
BOUNDED_SURFACE()
B_SPLINE_SURFACE(3,1,((#9420,#9421),(#9422,#9423),(#9424,#9425),(#9426,
#9427)),.CYLINDRICAL_SURF.,.F.,.F.,.F.)
B_SPLINE_SURFACE_WITH_KNOTS((4,4),(2,2),(0.,1.),(0.0454545454545454,0.954545454545454),
 .PIECEWISE_BEZIER_KNOTS.)
GEOMETRIC_REPRESENTATION_ITEM()
RATIONAL_B_SPLINE_SURFACE(((1.,1.),(0.333333333333321,0.333333333333321),
(0.333333333333321,0.333333333333321),(1.,1.)))
REPRESENTATION_ITEM('')
SURFACE()
);
#5308=(
BOUNDED_SURFACE()
B_SPLINE_SURFACE(3,3,((#9429,#9430,#9431,#9432),(#9433,#9434,#9435,#9436),
(#9437,#9438,#9439,#9440),(#9441,#9442,#9443,#9444)),.SPHERICAL_SURF.,.F.,
 .F.,.F.)
B_SPLINE_SURFACE_WITH_KNOTS((4,4),(4,4),(0.,1.),(0.167441155147085,0.832558844852922),
 .PIECEWISE_BEZIER_KNOTS.)
GEOMETRIC_REPRESENTATION_ITEM()
RATIONAL_B_SPLINE_SURFACE(((0.954221576946618,0.905797715263302,0.905797715263303,
0.954221576946619),(0.318073858982206,0.301932571754434,0.301932571754434,
0.318073858982207),(0.318073858982206,0.301932571754434,0.301932571754434,
0.318073858982207),(0.954221576946618,0.905797715263302,0.905797715263303,
0.954221576946619)))
REPRESENTATION_ITEM('')
SURFACE()
);
#5309=(
BOUNDED_SURFACE()
B_SPLINE_SURFACE(3,1,((#9446,#9447),(#9448,#9449),(#9450,#9451),(#9452,
#9453)),.CYLINDRICAL_SURF.,.F.,.F.,.F.)
B_SPLINE_SURFACE_WITH_KNOTS((4,4),(2,2),(0.,1.),(0.0454545454545451,0.954545454545455),
 .PIECEWISE_BEZIER_KNOTS.)
GEOMETRIC_REPRESENTATION_ITEM()
RATIONAL_B_SPLINE_SURFACE(((1.,1.),(0.333333333333142,0.333333333333142),
(0.333333333333142,0.333333333333142),(1.,1.)))
REPRESENTATION_ITEM('')
SURFACE()
);
#5310=(
BOUNDED_SURFACE()
B_SPLINE_SURFACE(3,1,((#9457,#9458),(#9459,#9460),(#9461,#9462),(#9463,
#9464)),.CYLINDRICAL_SURF.,.F.,.F.,.F.)
B_SPLINE_SURFACE_WITH_KNOTS((4,4),(2,2),(0.0908055640016213,0.910539676636935),
(0.0454545454545458,0.954545454545448),.PIECEWISE_BEZIER_KNOTS.)
GEOMETRIC_REPRESENTATION_ITEM()
RATIONAL_B_SPLINE_SURFACE(((0.8672206361467,0.8672206361467),(0.507576632967876,
0.507576632967876),(0.508167803919784,0.508167803919784),(0.868994149002423,
0.868994149002423)))
REPRESENTATION_ITEM('')
SURFACE()
);
#5311=(
BOUNDED_SURFACE()
B_SPLINE_SURFACE(3,1,((#9465,#9466),(#9467,#9468),(#9469,#9470),(#9471,
#9472)),.CYLINDRICAL_SURF.,.F.,.F.,.F.)
B_SPLINE_SURFACE_WITH_KNOTS((4,4),(2,2),(0.,1.),(0.0454545454545453,0.954545454545455),
 .PIECEWISE_BEZIER_KNOTS.)
GEOMETRIC_REPRESENTATION_ITEM()
RATIONAL_B_SPLINE_SURFACE(((1.,1.),(0.333333333333139,0.333333333333139),
(0.333333333333139,0.333333333333139),(1.,1.)))
REPRESENTATION_ITEM('')
SURFACE()
);
#5312=(
BOUNDED_SURFACE()
B_SPLINE_SURFACE(3,1,((#9479,#9480),(#9481,#9482),(#9483,#9484),(#9485,
#9486)),.CYLINDRICAL_SURF.,.F.,.F.,.F.)
B_SPLINE_SURFACE_WITH_KNOTS((4,4),(2,2),(0.090805564001621,0.910539676636869),
(0.0454545454545462,0.954545454545454),.PIECEWISE_BEZIER_KNOTS.)
GEOMETRIC_REPRESENTATION_ITEM()
RATIONAL_B_SPLINE_SURFACE(((0.8672206361467,0.8672206361467),(0.507576632967905,
0.507576632967905),(0.508167803919784,0.508167803919784),(0.868994149002337,
0.868994149002337)))
REPRESENTATION_ITEM('')
SURFACE()
);
#5313=(
BOUNDED_SURFACE()
B_SPLINE_SURFACE(3,3,((#9487,#9488,#9489,#9490),(#9491,#9492,#9493,#9494),
(#9495,#9496,#9497,#9498),(#9499,#9500,#9501,#9502)),.SPHERICAL_SURF.,.F.,
 .F.,.F.)
B_SPLINE_SURFACE_WITH_KNOTS((4,4),(4,4),(0.,1.),(0.167441155146869,0.832558844852901),
 .PIECEWISE_BEZIER_KNOTS.)
GEOMETRIC_REPRESENTATION_ITEM()
RATIONAL_B_SPLINE_SURFACE(((0.954221576946665,0.905797715263304,0.905797715263287,
0.954221576946615),(0.318073858982222,0.301932571754435,0.301932571754429,
0.318073858982205),(0.318073858982222,0.301932571754435,0.301932571754429,
0.318073858982205),(0.954221576946665,0.905797715263304,0.905797715263287,
0.954221576946615)))
REPRESENTATION_ITEM('')
SURFACE()
);
#5314=(
BOUNDED_SURFACE()
B_SPLINE_SURFACE(3,1,((#9504,#9505),(#9506,#9507),(#9508,#9509),(#9510,
#9511)),.CYLINDRICAL_SURF.,.F.,.F.,.F.)
B_SPLINE_SURFACE_WITH_KNOTS((4,4),(2,2),(0.,1.),(0.0454545454545454,0.954545454545454),
 .PIECEWISE_BEZIER_KNOTS.)
GEOMETRIC_REPRESENTATION_ITEM()
RATIONAL_B_SPLINE_SURFACE(((1.,1.),(0.333333333333321,0.333333333333321),
(0.333333333333321,0.333333333333321),(1.,1.)))
REPRESENTATION_ITEM('')
SURFACE()
);
#5315=(
BOUNDED_SURFACE()
B_SPLINE_SURFACE(3,3,((#9513,#9514,#9515,#9516),(#9517,#9518,#9519,#9520),
(#9521,#9522,#9523,#9524),(#9525,#9526,#9527,#9528)),.SPHERICAL_SURF.,.F.,
 .F.,.F.)
B_SPLINE_SURFACE_WITH_KNOTS((4,4),(4,4),(0.,1.),(0.167441155147385,0.832558844853001),
 .PIECEWISE_BEZIER_KNOTS.)
GEOMETRIC_REPRESENTATION_ITEM()
RATIONAL_B_SPLINE_SURFACE(((0.95422157694657,0.905797715263334,0.905797715263362,
0.954221576946655),(0.31807385898219,0.301932571754445,0.301932571754454,
0.318073858982218),(0.31807385898219,0.301932571754445,0.301932571754454,
0.318073858982218),(0.95422157694657,0.905797715263334,0.905797715263362,
0.954221576946655)))
REPRESENTATION_ITEM('')
SURFACE()
);
#5316=(
BOUNDED_SURFACE()
B_SPLINE_SURFACE(3,1,((#9530,#9531),(#9532,#9533),(#9534,#9535),(#9536,
#9537)),.CYLINDRICAL_SURF.,.F.,.F.,.F.)
B_SPLINE_SURFACE_WITH_KNOTS((4,4),(2,2),(0.0894603233631269,0.909194435998359),
(0.0454545454545404,0.95454545454546),.PIECEWISE_BEZIER_KNOTS.)
GEOMETRIC_REPRESENTATION_ITEM()
RATIONAL_B_SPLINE_SURFACE(((0.86899414900232,0.86899414900232),(0.508167803919711,
0.508167803919711),(0.507576632967821,0.507576632967821),(0.867220636146652,
0.867220636146652)))
REPRESENTATION_ITEM('')
SURFACE()
);
#5317=(
BOUNDED_SURFACE()
B_SPLINE_SURFACE(3,1,((#9541,#9542),(#9543,#9544),(#9545,#9546),(#9547,
#9548)),.CYLINDRICAL_SURF.,.F.,.F.,.F.)
B_SPLINE_SURFACE_WITH_KNOTS((4,4),(2,2),(0.,1.),(0.0454545454545454,0.954545454545453),
 .PIECEWISE_BEZIER_KNOTS.)
GEOMETRIC_REPRESENTATION_ITEM()
RATIONAL_B_SPLINE_SURFACE(((1.,1.),(0.333333333333242,0.333333333333242),
(0.333333333333242,0.333333333333242),(1.,1.)))
REPRESENTATION_ITEM('')
SURFACE()
);
#5318=(
BOUNDED_SURFACE()
B_SPLINE_SURFACE(3,1,((#9549,#9550),(#9551,#9552),(#9553,#9554),(#9555,
#9556)),.CYLINDRICAL_SURF.,.F.,.F.,.F.)
B_SPLINE_SURFACE_WITH_KNOTS((4,4),(2,2),(0.0894603233631426,0.909194435998358),
(0.0454545454545396,0.954545454545458),.PIECEWISE_BEZIER_KNOTS.)
GEOMETRIC_REPRESENTATION_ITEM()
RATIONAL_B_SPLINE_SURFACE(((0.868994149002299,0.868994149002299),(0.508167803919711,
0.508167803919711),(0.507576632967828,0.507576632967828),(0.86722063614665,
0.86722063614665)))
REPRESENTATION_ITEM('')
SURFACE()
);
#5319=(
BOUNDED_SURFACE()
B_SPLINE_SURFACE(3,1,((#9560,#9561),(#9562,#9563),(#9564,#9565),(#9566,
#9567)),.CYLINDRICAL_SURF.,.F.,.F.,.F.)
B_SPLINE_SURFACE_WITH_KNOTS((4,4),(2,2),(0.,1.),(0.0454545454545454,0.954545454545453),
 .PIECEWISE_BEZIER_KNOTS.)
GEOMETRIC_REPRESENTATION_ITEM()
RATIONAL_B_SPLINE_SURFACE(((1.,1.),(0.333333333333242,0.333333333333242),
(0.333333333333242,0.333333333333242),(1.,1.)))
REPRESENTATION_ITEM('')
SURFACE()
);
#5320=(
BOUNDED_SURFACE()
B_SPLINE_SURFACE(3,3,((#9569,#9570,#9571,#9572),(#9573,#9574,#9575,#9576),
(#9577,#9578,#9579,#9580),(#9581,#9582,#9583,#9584)),.SPHERICAL_SURF.,.F.,
 .F.,.F.)
B_SPLINE_SURFACE_WITH_KNOTS((4,4),(4,4),(0.,1.),(0.167441155147486,0.832558844852951),
 .PIECEWISE_BEZIER_KNOTS.)
GEOMETRIC_REPRESENTATION_ITEM()
RATIONAL_B_SPLINE_SURFACE(((0.954221576946548,0.905797715263337,0.905797715263369,
0.954221576946644),(0.318073858982183,0.301932571754446,0.301932571754456,
0.318073858982215),(0.318073858982183,0.301932571754446,0.301932571754456,
0.318073858982215),(0.954221576946548,0.905797715263337,0.905797715263369,
0.954221576946644)))
REPRESENTATION_ITEM('')
SURFACE()
);
#5321=(
BOUNDED_SURFACE()
B_SPLINE_SURFACE(3,1,((#9586,#9587),(#9588,#9589),(#9590,#9591),(#9592,
#9593)),.CYLINDRICAL_SURF.,.F.,.F.,.F.)
B_SPLINE_SURFACE_WITH_KNOTS((4,4),(2,2),(0.,1.),(0.0454545454545454,0.954545454545454),
 .PIECEWISE_BEZIER_KNOTS.)
GEOMETRIC_REPRESENTATION_ITEM()
RATIONAL_B_SPLINE_SURFACE(((1.,1.),(0.333333333333321,0.333333333333321),
(0.333333333333321,0.333333333333321),(1.,1.)))
REPRESENTATION_ITEM('')
SURFACE()
);
#5322=(
BOUNDED_SURFACE()
B_SPLINE_SURFACE(3,3,((#9595,#9596,#9597,#9598),(#9599,#9600,#9601,#9602),
(#9603,#9604,#9605,#9606),(#9607,#9608,#9609,#9610)),.SPHERICAL_SURF.,.F.,
 .F.,.F.)
B_SPLINE_SURFACE_WITH_KNOTS((4,4),(4,4),(0.,1.),(0.167441155147168,0.832558844852992),
 .PIECEWISE_BEZIER_KNOTS.)
GEOMETRIC_REPRESENTATION_ITEM()
RATIONAL_B_SPLINE_SURFACE(((0.9542215769466,0.905797715263297,0.905797715263309,
0.954221576946635),(0.3180738589822,0.301932571754432,0.301932571754436,
0.318073858982212),(0.3180738589822,0.301932571754432,0.301932571754436,
0.318073858982212),(0.9542215769466,0.905797715263297,0.905797715263309,
0.954221576946635)))
REPRESENTATION_ITEM('')
SURFACE()
);
#5323=(
BOUNDED_SURFACE()
B_SPLINE_SURFACE(3,1,((#9614,#9615),(#9616,#9617),(#9618,#9619),(#9620,
#9621)),.CYLINDRICAL_SURF.,.F.,.F.,.F.)
B_SPLINE_SURFACE_WITH_KNOTS((4,4),(2,2),(0.,1.),(0.0454545454545453,0.954545454545455),
 .PIECEWISE_BEZIER_KNOTS.)
GEOMETRIC_REPRESENTATION_ITEM()
RATIONAL_B_SPLINE_SURFACE(((1.,1.),(0.333333333333139,0.333333333333139),
(0.333333333333139,0.333333333333139),(1.,1.)))
REPRESENTATION_ITEM('')
SURFACE()
);
#5324=(
BOUNDED_SURFACE()
B_SPLINE_SURFACE(3,1,((#9625,#9626),(#9627,#9628),(#9629,#9630),(#9631,
#9632)),.CYLINDRICAL_SURF.,.F.,.F.,.F.)
B_SPLINE_SURFACE_WITH_KNOTS((4,4),(2,2),(0.0908055640016076,0.910539676636902),
(0.0454545454545454,0.954545454545452),.PIECEWISE_BEZIER_KNOTS.)
GEOMETRIC_REPRESENTATION_ITEM()
RATIONAL_B_SPLINE_SURFACE(((0.867220636146717,0.867220636146717),(0.50757663296789,
0.50757663296789),(0.508167803919778,0.508167803919778),(0.868994149002379,
0.86899414900238)))
REPRESENTATION_ITEM('')
SURFACE()
);
#5325=(
BOUNDED_SURFACE()
B_SPLINE_SURFACE(3,1,((#9633,#9634),(#9635,#9636),(#9637,#9638),(#9639,
#9640)),.CYLINDRICAL_SURF.,.F.,.F.,.F.)
B_SPLINE_SURFACE_WITH_KNOTS((4,4),(2,2),(0.0894603233631343,0.909194435998358),
(0.0454545454545404,0.954545454545457),.PIECEWISE_BEZIER_KNOTS.)
GEOMETRIC_REPRESENTATION_ITEM()
RATIONAL_B_SPLINE_SURFACE(((0.868994149002311,0.86899414900231),(0.508167803919711,
0.508167803919711),(0.507576632967824,0.507576632967824),(0.86722063614665,
0.86722063614665)))
REPRESENTATION_ITEM('')
SURFACE()
);
#5326=(
BOUNDED_SURFACE()
B_SPLINE_SURFACE(3,1,((#9644,#9645),(#9646,#9647),(#9648,#9649),(#9650,
#9651)),.CYLINDRICAL_SURF.,.F.,.F.,.F.)
B_SPLINE_SURFACE_WITH_KNOTS((4,4),(2,2),(0.,1.),(0.0454545454545454,0.954545454545453),
 .PIECEWISE_BEZIER_KNOTS.)
GEOMETRIC_REPRESENTATION_ITEM()
RATIONAL_B_SPLINE_SURFACE(((1.,1.),(0.333333333333242,0.333333333333242),
(0.333333333333242,0.333333333333242),(1.,1.)))
REPRESENTATION_ITEM('')
SURFACE()
);
#5327=(
BOUNDED_SURFACE()
B_SPLINE_SURFACE(3,3,((#9655,#9656,#9657,#9658),(#9659,#9660,#9661,#9662),
(#9663,#9664,#9665,#9666),(#9667,#9668,#9669,#9670)),.SPHERICAL_SURF.,.F.,
 .F.,.F.)
B_SPLINE_SURFACE_WITH_KNOTS((4,4),(4,4),(0.,1.),(0.167441155147437,0.832558844852917),
 .PIECEWISE_BEZIER_KNOTS.)
GEOMETRIC_REPRESENTATION_ITEM()
RATIONAL_B_SPLINE_SURFACE(((0.954221576946559,0.90579771526334,0.905797715263365,
0.954221576946636),(0.318073858982187,0.301932571754447,0.301932571754455,
0.318073858982212),(0.318073858982187,0.301932571754447,0.301932571754455,
0.318073858982212),(0.954221576946559,0.90579771526334,0.905797715263365,
0.954221576946636)))
REPRESENTATION_ITEM('')
SURFACE()
);
#5328=(
BOUNDED_SURFACE()
B_SPLINE_SURFACE(3,1,((#9672,#9673),(#9674,#9675),(#9676,#9677),(#9678,
#9679)),.CYLINDRICAL_SURF.,.F.,.F.,.F.)
B_SPLINE_SURFACE_WITH_KNOTS((4,4),(2,2),(0.,1.),(0.0454545454545454,0.954545454545454),
 .PIECEWISE_BEZIER_KNOTS.)
GEOMETRIC_REPRESENTATION_ITEM()
RATIONAL_B_SPLINE_SURFACE(((1.,1.),(0.333333333333321,0.333333333333321),
(0.333333333333321,0.333333333333321),(1.,1.)))
REPRESENTATION_ITEM('')
SURFACE()
);
#5329=(
BOUNDED_SURFACE()
B_SPLINE_SURFACE(3,3,((#9683,#9684,#9685,#9686),(#9687,#9688,#9689,#9690),
(#9691,#9692,#9693,#9694),(#9695,#9696,#9697,#9698)),.SPHERICAL_SURF.,.F.,
 .F.,.F.)
B_SPLINE_SURFACE_WITH_KNOTS((4,4),(4,4),(0.,1.),(0.1674411551469,0.832558844852973),
 .PIECEWISE_BEZIER_KNOTS.)
GEOMETRIC_REPRESENTATION_ITEM()
RATIONAL_B_SPLINE_SURFACE(((0.954221576946658,0.905797715263299,0.90579771526329,
0.954221576946631),(0.318073858982219,0.301932571754433,0.30193257175443,
0.31807385898221),(0.318073858982219,0.301932571754433,0.30193257175443,
0.31807385898221),(0.954221576946658,0.905797715263299,0.90579771526329,
0.954221576946631)))
REPRESENTATION_ITEM('')
SURFACE()
);
#5330=(
BOUNDED_SURFACE()
B_SPLINE_SURFACE(3,1,((#9700,#9701),(#9702,#9703),(#9704,#9705),(#9706,
#9707)),.CYLINDRICAL_SURF.,.F.,.F.,.F.)
B_SPLINE_SURFACE_WITH_KNOTS((4,4),(2,2),(0.,1.),(0.0454545454545451,0.954545454545455),
 .PIECEWISE_BEZIER_KNOTS.)
GEOMETRIC_REPRESENTATION_ITEM()
RATIONAL_B_SPLINE_SURFACE(((1.,1.),(0.333333333333142,0.333333333333142),
(0.333333333333142,0.333333333333142),(1.,1.)))
REPRESENTATION_ITEM('')
SURFACE()
);
#5331=(
BOUNDED_SURFACE()
B_SPLINE_SURFACE(3,1,((#9711,#9712),(#9713,#9714),(#9715,#9716),(#9717,
#9718)),.CYLINDRICAL_SURF.,.F.,.F.,.F.)
B_SPLINE_SURFACE_WITH_KNOTS((4,4),(2,2),(0.0908055640016214,0.910539676636902),
(0.0454545454545461,0.95454545454545),.PIECEWISE_BEZIER_KNOTS.)
GEOMETRIC_REPRESENTATION_ITEM()
RATIONAL_B_SPLINE_SURFACE(((0.867220636146699,0.867220636146699),(0.50757663296789,
0.50757663296789),(0.508167803919784,0.508167803919784),(0.86899414900238,
0.86899414900238)))
REPRESENTATION_ITEM('')
SURFACE()
);
#5332=(
BOUNDED_SURFACE()
B_SPLINE_SURFACE(3,1,((#9720,#9721),(#9722,#9723),(#9724,#9725),(#9726,
#9727)),.CYLINDRICAL_SURF.,.F.,.F.,.F.)
B_SPLINE_SURFACE_WITH_KNOTS((4,4),(2,2),(0.,0.5),(0.0454545454545454,0.954545454545455),
 .PIECEWISE_BEZIER_KNOTS.)
GEOMETRIC_REPRESENTATION_ITEM()
RATIONAL_B_SPLINE_SURFACE(((1.,1.),(0.333333333333333,0.333333333333333),
(0.333333333333333,0.333333333333333),(1.,1.)))
REPRESENTATION_ITEM('')
SURFACE()
);
#5333=(
BOUNDED_SURFACE()
B_SPLINE_SURFACE(3,3,((#9738,#9739,#9740,#9741),(#9742,#9743,#9744,#9745),
(#9746,#9747,#9748,#9749),(#9750,#9751,#9752,#9753)),
 .SURF_OF_REVOLUTION.,.F.,.F.,.F.)
B_SPLINE_SURFACE_WITH_KNOTS((4,4),(4,4),(0.,1.),(0.,0.5),
 .PIECEWISE_BEZIER_KNOTS.)
GEOMETRIC_REPRESENTATION_ITEM()
RATIONAL_B_SPLINE_SURFACE(((1.,0.333333333333333,0.333333333333333,1.),
(1.,0.333333333333333,0.333333333333333,1.),(1.,0.333333333333333,0.333333333333333,
1.),(1.,0.333333333333333,0.333333333333333,1.)))
REPRESENTATION_ITEM('')
SURFACE()
);
#5334=(
BOUNDED_SURFACE()
B_SPLINE_SURFACE(3,1,((#9766,#9767),(#9768,#9769),(#9770,#9771),(#9772,
#9773)),.CYLINDRICAL_SURF.,.F.,.F.,.F.)
B_SPLINE_SURFACE_WITH_KNOTS((4,4),(2,2),(0.,0.5),(0.0454545454545445,0.954545454545455),
 .PIECEWISE_BEZIER_KNOTS.)
GEOMETRIC_REPRESENTATION_ITEM()
RATIONAL_B_SPLINE_SURFACE(((1.,1.),(0.333333333333333,0.333333333333333),
(0.333333333333333,0.333333333333333),(1.,1.)))
REPRESENTATION_ITEM('')
SURFACE()
);
#5335=(
BOUNDED_SURFACE()
B_SPLINE_SURFACE(3,1,((#9800,#9801),(#9802,#9803),(#9804,#9805),(#9806,
#9807)),.CYLINDRICAL_SURF.,.F.,.F.,.F.)
B_SPLINE_SURFACE_WITH_KNOTS((4,4),(2,2),(0.5,1.),(0.045454545454545,0.954545454545455),
 .PIECEWISE_BEZIER_KNOTS.)
GEOMETRIC_REPRESENTATION_ITEM()
RATIONAL_B_SPLINE_SURFACE(((1.,1.),(0.333333333333333,0.333333333333333),
(0.333333333333333,0.333333333333333),(1.,1.)))
REPRESENTATION_ITEM('')
SURFACE()
);
#5336=(
BOUNDED_SURFACE()
B_SPLINE_SURFACE(3,1,((#9826,#9827),(#9828,#9829),(#9830,#9831),(#9832,
#9833)),.CYLINDRICAL_SURF.,.F.,.F.,.F.)
B_SPLINE_SURFACE_WITH_KNOTS((4,4),(2,2),(0.,0.5),(0.0454545454545455,0.954545454545455),
 .PIECEWISE_BEZIER_KNOTS.)
GEOMETRIC_REPRESENTATION_ITEM()
RATIONAL_B_SPLINE_SURFACE(((1.,1.),(0.333333333333333,0.333333333333333),
(0.333333333333333,0.333333333333333),(1.,1.)))
REPRESENTATION_ITEM('')
SURFACE()
);
#5337=(
BOUNDED_SURFACE()
B_SPLINE_SURFACE(3,1,((#9844,#9845),(#9846,#9847),(#9848,#9849),(#9850,
#9851)),.CYLINDRICAL_SURF.,.F.,.F.,.F.)
B_SPLINE_SURFACE_WITH_KNOTS((4,4),(2,2),(0.5,1.),(0.0454545454545444,0.954545454545454),
 .PIECEWISE_BEZIER_KNOTS.)
GEOMETRIC_REPRESENTATION_ITEM()
RATIONAL_B_SPLINE_SURFACE(((1.,1.),(0.333333333333333,0.333333333333333),
(0.333333333333333,0.333333333333333),(1.,1.)))
REPRESENTATION_ITEM('')
SURFACE()
);
#5338=(
BOUNDED_SURFACE()
B_SPLINE_SURFACE(3,3,((#9876,#9877,#9878,#9879),(#9880,#9881,#9882,#9883),
(#9884,#9885,#9886,#9887),(#9888,#9889,#9890,#9891)),
 .SURF_OF_REVOLUTION.,.F.,.F.,.F.)
B_SPLINE_SURFACE_WITH_KNOTS((4,4),(4,4),(0.,1.),(0.5,1.),
 .PIECEWISE_BEZIER_KNOTS.)
GEOMETRIC_REPRESENTATION_ITEM()
RATIONAL_B_SPLINE_SURFACE(((1.,0.333333333333333,0.333333333333333,1.),
(1.,0.333333333333333,0.333333333333333,1.),(1.,0.333333333333333,0.333333333333333,
1.),(1.,0.333333333333333,0.333333333333333,1.)))
REPRESENTATION_ITEM('')
SURFACE()
);
#5339=(
BOUNDED_SURFACE()
B_SPLINE_SURFACE(3,1,((#9897,#9898),(#9899,#9900),(#9901,#9902),(#9903,
#9904)),.CYLINDRICAL_SURF.,.F.,.F.,.F.)
B_SPLINE_SURFACE_WITH_KNOTS((4,4),(2,2),(0.5,1.),(0.0454545454545454,0.954545454545455),
 .PIECEWISE_BEZIER_KNOTS.)
GEOMETRIC_REPRESENTATION_ITEM()
RATIONAL_B_SPLINE_SURFACE(((1.,1.),(0.333333333333333,0.333333333333333),
(0.333333333333333,0.333333333333333),(1.,1.)))
REPRESENTATION_ITEM('')
SURFACE()
);
#5340=(
BOUNDED_SURFACE()
B_SPLINE_SURFACE(3,1,((#9943,#9944),(#9945,#9946),(#9947,#9948),(#9949,
#9950)),.CYLINDRICAL_SURF.,.F.,.F.,.F.)
B_SPLINE_SURFACE_WITH_KNOTS((4,4),(2,2),(0.,1.),(0.,1.),
 .PIECEWISE_BEZIER_KNOTS.)
GEOMETRIC_REPRESENTATION_ITEM()
RATIONAL_B_SPLINE_SURFACE(((1.,1.),(0.859722888497798,0.859722888497798),
(0.859722888497798,0.859722888497798),(1.,1.)))
REPRESENTATION_ITEM('')
SURFACE()
);
#5341=(
BOUNDED_SURFACE()
B_SPLINE_SURFACE(3,1,((#9962,#9963),(#9964,#9965),(#9966,#9967),(#9968,
#9969)),.CYLINDRICAL_SURF.,.F.,.F.,.F.)
B_SPLINE_SURFACE_WITH_KNOTS((4,4),(2,2),(0.,1.),(0.,1.),
 .PIECEWISE_BEZIER_KNOTS.)
GEOMETRIC_REPRESENTATION_ITEM()
RATIONAL_B_SPLINE_SURFACE(((1.,1.),(0.918332173977443,0.918332173977443),
(0.918332173977443,0.918332173977443),(1.,1.)))
REPRESENTATION_ITEM('')
SURFACE()
);
#5342=(
BOUNDED_SURFACE()
B_SPLINE_SURFACE(3,1,((#9970,#9971),(#9972,#9973),(#9974,#9975),(#9976,
#9977)),.CYLINDRICAL_SURF.,.F.,.F.,.F.)
B_SPLINE_SURFACE_WITH_KNOTS((4,4),(2,2),(0.,1.),(0.,1.),
 .PIECEWISE_BEZIER_KNOTS.)
GEOMETRIC_REPRESENTATION_ITEM()
RATIONAL_B_SPLINE_SURFACE(((1.,1.),(0.918332173977443,0.918332173977443),
(0.918332173977443,0.918332173977443),(1.,1.)))
REPRESENTATION_ITEM('')
SURFACE()
);
#5343=(
BOUNDED_SURFACE()
B_SPLINE_SURFACE(3,1,((#9978,#9979),(#9980,#9981),(#9982,#9983),(#9984,
#9985)),.CYLINDRICAL_SURF.,.F.,.F.,.F.)
B_SPLINE_SURFACE_WITH_KNOTS((4,4),(2,2),(0.,1.),(0.,1.),
 .PIECEWISE_BEZIER_KNOTS.)
GEOMETRIC_REPRESENTATION_ITEM()
RATIONAL_B_SPLINE_SURFACE(((1.,1.),(0.859722888497799,0.859722888497799),
(0.859722888497799,0.859722888497799),(1.,1.)))
REPRESENTATION_ITEM('')
SURFACE()
);
#5344=(
BOUNDED_SURFACE()
B_SPLINE_SURFACE(3,1,((#9997,#9998),(#9999,#10000),(#10001,#10002),(#10003,
#10004)),.CYLINDRICAL_SURF.,.F.,.F.,.F.)
B_SPLINE_SURFACE_WITH_KNOTS((4,4),(2,2),(0.,1.),(0.,1.),
 .PIECEWISE_BEZIER_KNOTS.)
GEOMETRIC_REPRESENTATION_ITEM()
RATIONAL_B_SPLINE_SURFACE(((1.,1.),(0.918332173977443,0.918332173977443),
(0.918332173977443,0.918332173977443),(1.,1.)))
REPRESENTATION_ITEM('')
SURFACE()
);
#5345=(
BOUNDED_SURFACE()
B_SPLINE_SURFACE(3,1,((#10005,#10006),(#10007,#10008),(#10009,#10010),(#10011,
#10012)),.CYLINDRICAL_SURF.,.F.,.F.,.F.)
B_SPLINE_SURFACE_WITH_KNOTS((4,4),(2,2),(0.,1.),(0.,1.),
 .PIECEWISE_BEZIER_KNOTS.)
GEOMETRIC_REPRESENTATION_ITEM()
RATIONAL_B_SPLINE_SURFACE(((1.,1.),(0.918332173977443,0.918332173977443),
(0.918332173977443,0.918332173977443),(1.,1.)))
REPRESENTATION_ITEM('')
SURFACE()
);
#5346=(
BOUNDED_SURFACE()
B_SPLINE_SURFACE(3,1,((#10013,#10014),(#10015,#10016),(#10017,#10018),(#10019,
#10020)),.CYLINDRICAL_SURF.,.F.,.F.,.F.)
B_SPLINE_SURFACE_WITH_KNOTS((4,4),(2,2),(0.,1.),(0.,1.),
 .PIECEWISE_BEZIER_KNOTS.)
GEOMETRIC_REPRESENTATION_ITEM()
RATIONAL_B_SPLINE_SURFACE(((1.,1.),(0.859722888497798,0.859722888497798),
(0.859722888497798,0.859722888497798),(1.,1.)))
REPRESENTATION_ITEM('')
SURFACE()
);
#5347=(
BOUNDED_SURFACE()
B_SPLINE_SURFACE(3,1,((#10032,#10033),(#10034,#10035),(#10036,#10037),(#10038,
#10039)),.CYLINDRICAL_SURF.,.F.,.F.,.F.)
B_SPLINE_SURFACE_WITH_KNOTS((4,4),(2,2),(0.,1.),(0.,1.),
 .PIECEWISE_BEZIER_KNOTS.)
GEOMETRIC_REPRESENTATION_ITEM()
RATIONAL_B_SPLINE_SURFACE(((1.,1.),(0.918332173977443,0.918332173977443),
(0.918332173977443,0.918332173977443),(1.,1.)))
REPRESENTATION_ITEM('')
SURFACE()
);
#5348=(
BOUNDED_SURFACE()
B_SPLINE_SURFACE(3,1,((#10040,#10041),(#10042,#10043),(#10044,#10045),(#10046,
#10047)),.CYLINDRICAL_SURF.,.F.,.F.,.F.)
B_SPLINE_SURFACE_WITH_KNOTS((4,4),(2,2),(0.,1.),(0.,1.),
 .PIECEWISE_BEZIER_KNOTS.)
GEOMETRIC_REPRESENTATION_ITEM()
RATIONAL_B_SPLINE_SURFACE(((1.,1.),(0.918332173977443,0.918332173977443),
(0.918332173977443,0.918332173977443),(1.,1.)))
REPRESENTATION_ITEM('')
SURFACE()
);
#5349=(
BOUNDED_SURFACE()
B_SPLINE_SURFACE(3,1,((#10048,#10049),(#10050,#10051),(#10052,#10053),(#10054,
#10055)),.CYLINDRICAL_SURF.,.F.,.F.,.F.)
B_SPLINE_SURFACE_WITH_KNOTS((4,4),(2,2),(0.,1.),(0.,1.),
 .PIECEWISE_BEZIER_KNOTS.)
GEOMETRIC_REPRESENTATION_ITEM()
RATIONAL_B_SPLINE_SURFACE(((1.,1.),(0.859722888497799,0.859722888497799),
(0.859722888497799,0.859722888497799),(1.,1.)))
REPRESENTATION_ITEM('')
SURFACE()
);
#5350=(
BOUNDED_SURFACE()
B_SPLINE_SURFACE(3,1,((#10067,#10068),(#10069,#10070),(#10071,#10072),(#10073,
#10074)),.CYLINDRICAL_SURF.,.F.,.F.,.F.)
B_SPLINE_SURFACE_WITH_KNOTS((4,4),(2,2),(0.,1.),(0.,1.),
 .PIECEWISE_BEZIER_KNOTS.)
GEOMETRIC_REPRESENTATION_ITEM()
RATIONAL_B_SPLINE_SURFACE(((1.,1.),(0.918332173977443,0.918332173977443),
(0.918332173977443,0.918332173977443),(1.,1.)))
REPRESENTATION_ITEM('')
SURFACE()
);
#5351=(
BOUNDED_SURFACE()
B_SPLINE_SURFACE(3,1,((#10075,#10076),(#10077,#10078),(#10079,#10080),(#10081,
#10082)),.CYLINDRICAL_SURF.,.F.,.F.,.F.)
B_SPLINE_SURFACE_WITH_KNOTS((4,4),(2,2),(0.,1.),(0.,1.),
 .PIECEWISE_BEZIER_KNOTS.)
GEOMETRIC_REPRESENTATION_ITEM()
RATIONAL_B_SPLINE_SURFACE(((1.,1.),(0.918332173977443,0.918332173977443),
(0.918332173977443,0.918332173977443),(1.,1.)))
REPRESENTATION_ITEM('')
SURFACE()
);
#5352=(
BOUNDED_SURFACE()
B_SPLINE_SURFACE(3,3,((#10129,#10130,#10131,#10132),(#10133,#10134,#10135,
#10136),(#10137,#10138,#10139,#10140),(#10141,#10142,#10143,#10144),(#10145,
#10146,#10147,#10148),(#10149,#10150,#10151,#10152),(#10153,#10154,#10155,
#10156),(#10157,#10158,#10159,#10160),(#10161,#10162,#10163,#10164),(#10165,
#10166,#10167,#10168),(#10169,#10170,#10171,#10172),(#10173,#10174,#10175,
#10176),(#10177,#10178,#10179,#10180),(#10181,#10182,#10183,#10184),(#10185,
#10186,#10187,#10188),(#10189,#10190,#10191,#10192),(#10193,#10194,#10195,
#10196),(#10197,#10198,#10199,#10200),(#10201,#10202,#10203,#10204),(#10205,
#10206,#10207,#10208),(#10209,#10210,#10211,#10212),(#10213,#10214,#10215,
#10216),(#10217,#10218,#10219,#10220),(#10221,#10222,#10223,#10224),(#10225,
#10226,#10227,#10228),(#10229,#10230,#10231,#10232),(#10233,#10234,#10235,
#10236)),.SURF_OF_REVOLUTION.,.F.,.F.,.F.)
B_SPLINE_SURFACE_WITH_KNOTS((4,2,2,2,2,2,2,2,2,2,2,1,2,4),(4,4),(0.,0.0312499999999995,
0.0624999999999991,0.0937499999999986,0.124999999999998,0.187499999999999,
0.249999999999999,0.375,0.5,0.749999999999999,0.874999999999999,0.968749999999999,
0.9990234375,0.999865731596198),(0.5,1.),.UNSPECIFIED.)
GEOMETRIC_REPRESENTATION_ITEM()
RATIONAL_B_SPLINE_SURFACE(((1.,0.333333333333333,0.333333333333333,1.),
(1.,0.333333333333333,0.333333333333333,1.),(1.,0.333333333333333,0.333333333333333,
1.),(1.,0.333333333333333,0.333333333333333,1.),(1.,0.333333333333333,0.333333333333333,
1.),(1.,0.333333333333333,0.333333333333333,1.),(1.,0.333333333333333,0.333333333333333,
1.),(1.,0.333333333333333,0.333333333333333,1.),(1.,0.333333333333333,0.333333333333333,
1.),(1.,0.333333333333333,0.333333333333333,1.),(1.,0.333333333333333,0.333333333333333,
1.),(1.,0.333333333333333,0.333333333333333,1.),(1.,0.333333333333333,0.333333333333333,
1.),(1.,0.333333333333333,0.333333333333333,1.),(1.,0.333333333333333,0.333333333333333,
1.),(1.,0.333333333333333,0.333333333333333,1.),(1.,0.333333333333333,0.333333333333333,
1.),(1.,0.333333333333333,0.333333333333333,1.),(1.,0.333333333333333,0.333333333333333,
1.),(1.,0.333333333333333,0.333333333333333,1.),(1.,0.333333333333333,0.333333333333333,
1.),(1.,0.333333333333333,0.333333333333333,1.),(1.,0.333333333333333,0.333333333333333,
1.),(1.,0.333333333333333,0.333333333333333,1.),(1.,0.333333333333333,0.333333333333333,
1.),(1.,0.333333333333333,0.333333333333333,1.),(1.,0.333333333333333,0.333333333333333,
1.)))
REPRESENTATION_ITEM('')
SURFACE()
);
#5353=(
BOUNDED_SURFACE()
B_SPLINE_SURFACE(3,1,((#10295,#10296),(#10297,#10298),(#10299,#10300),(#10301,
#10302)),.CYLINDRICAL_SURF.,.F.,.F.,.F.)
B_SPLINE_SURFACE_WITH_KNOTS((4,4),(2,2),(0.5,1.),(0.0454545454545455,0.954545454545455),
 .PIECEWISE_BEZIER_KNOTS.)
GEOMETRIC_REPRESENTATION_ITEM()
RATIONAL_B_SPLINE_SURFACE(((1.,1.),(0.333333333333333,0.333333333333333),
(0.333333333333333,0.333333333333333),(1.,1.)))
REPRESENTATION_ITEM('')
SURFACE()
);
#5354=(
BOUNDED_SURFACE()
B_SPLINE_SURFACE(3,1,((#10324,#10325),(#10326,#10327),(#10328,#10329),(#10330,
#10331)),.CYLINDRICAL_SURF.,.F.,.F.,.F.)
B_SPLINE_SURFACE_WITH_KNOTS((4,4),(2,2),(0.,0.5),(0.0454545454545455,0.954545454545455),
 .PIECEWISE_BEZIER_KNOTS.)
GEOMETRIC_REPRESENTATION_ITEM()
RATIONAL_B_SPLINE_SURFACE(((1.,1.),(0.333333333333333,0.333333333333333),
(0.333333333333333,0.333333333333333),(1.,1.)))
REPRESENTATION_ITEM('')
SURFACE()
);
#5355=(
BOUNDED_SURFACE()
B_SPLINE_SURFACE(3,3,((#10332,#10333,#10334,#10335),(#10336,#10337,#10338,
#10339),(#10340,#10341,#10342,#10343),(#10344,#10345,#10346,#10347),(#10348,
#10349,#10350,#10351),(#10352,#10353,#10354,#10355),(#10356,#10357,#10358,
#10359),(#10360,#10361,#10362,#10363),(#10364,#10365,#10366,#10367),(#10368,
#10369,#10370,#10371),(#10372,#10373,#10374,#10375),(#10376,#10377,#10378,
#10379),(#10380,#10381,#10382,#10383),(#10384,#10385,#10386,#10387),(#10388,
#10389,#10390,#10391),(#10392,#10393,#10394,#10395),(#10396,#10397,#10398,
#10399),(#10400,#10401,#10402,#10403),(#10404,#10405,#10406,#10407),(#10408,
#10409,#10410,#10411),(#10412,#10413,#10414,#10415),(#10416,#10417,#10418,
#10419),(#10420,#10421,#10422,#10423),(#10424,#10425,#10426,#10427),(#10428,
#10429,#10430,#10431),(#10432,#10433,#10434,#10435),(#10436,#10437,#10438,
#10439)),.SURF_OF_REVOLUTION.,.F.,.F.,.F.)
B_SPLINE_SURFACE_WITH_KNOTS((4,2,2,2,2,2,2,2,2,2,2,1,2,4),(4,4),(0.,0.0312499999999995,
0.0624999999999991,0.0937499999999986,0.124999999999998,0.187499999999999,
0.249999999999999,0.375,0.5,0.749999999999999,0.874999999999999,0.968749999999999,
0.9990234375,0.999865731596198),(0.,0.5),.UNSPECIFIED.)
GEOMETRIC_REPRESENTATION_ITEM()
RATIONAL_B_SPLINE_SURFACE(((1.,0.333333333333333,0.333333333333333,1.),
(1.,0.333333333333333,0.333333333333333,1.),(1.,0.333333333333333,0.333333333333333,
1.),(1.,0.333333333333333,0.333333333333333,1.),(1.,0.333333333333333,0.333333333333333,
1.),(1.,0.333333333333333,0.333333333333333,1.),(1.,0.333333333333333,0.333333333333333,
1.),(1.,0.333333333333333,0.333333333333333,1.),(1.,0.333333333333333,0.333333333333333,
1.),(1.,0.333333333333333,0.333333333333333,1.),(1.,0.333333333333333,0.333333333333333,
1.),(1.,0.333333333333333,0.333333333333333,1.),(1.,0.333333333333333,0.333333333333333,
1.),(1.,0.333333333333333,0.333333333333333,1.),(1.,0.333333333333333,0.333333333333333,
1.),(1.,0.333333333333333,0.333333333333333,1.),(1.,0.333333333333333,0.333333333333333,
1.),(1.,0.333333333333333,0.333333333333333,1.),(1.,0.333333333333333,0.333333333333333,
1.),(1.,0.333333333333333,0.333333333333333,1.),(1.,0.333333333333333,0.333333333333333,
1.),(1.,0.333333333333333,0.333333333333333,1.),(1.,0.333333333333333,0.333333333333333,
1.),(1.,0.333333333333333,0.333333333333333,1.),(1.,0.333333333333333,0.333333333333333,
1.),(1.,0.333333333333333,0.333333333333333,1.),(1.,0.333333333333333,0.333333333333333,
1.)))
REPRESENTATION_ITEM('')
SURFACE()
);
#5356=(
BOUNDED_SURFACE()
B_SPLINE_SURFACE(3,3,((#10441,#10442,#10443,#10444),(#10445,#10446,#10447,
#10448),(#10449,#10450,#10451,#10452),(#10453,#10454,#10455,#10456)),
 .TOROIDAL_SURF.,.F.,.F.,.F.)
B_SPLINE_SURFACE_WITH_KNOTS((4,4),(4,4),(0.5,1.),(0.5,1.),
 .PIECEWISE_BEZIER_KNOTS.)
GEOMETRIC_REPRESENTATION_ITEM()
RATIONAL_B_SPLINE_SURFACE(((1.,0.333333333333333,0.333333333333333,1.),
(0.333333333333333,0.111111111111111,0.111111111111111,0.333333333333333),
(0.333333333333333,0.111111111111111,0.111111111111111,0.333333333333333),
(1.,0.333333333333333,0.333333333333333,1.)))
REPRESENTATION_ITEM('')
SURFACE()
);
#5357=(
BOUNDED_SURFACE()
B_SPLINE_SURFACE(3,3,((#10489,#10490,#10491,#10492),(#10493,#10494,#10495,
#10496),(#10497,#10498,#10499,#10500),(#10501,#10502,#10503,#10504)),
 .TOROIDAL_SURF.,.F.,.F.,.F.)
B_SPLINE_SURFACE_WITH_KNOTS((4,4),(4,4),(0.,0.5),(0.5,1.),
 .PIECEWISE_BEZIER_KNOTS.)
GEOMETRIC_REPRESENTATION_ITEM()
RATIONAL_B_SPLINE_SURFACE(((1.,0.333333333333333,0.333333333333333,1.),
(0.333333333333333,0.111111111111111,0.111111111111111,0.333333333333333),
(0.333333333333333,0.111111111111111,0.111111111111111,0.333333333333333),
(1.,0.333333333333333,0.333333333333333,1.)))
REPRESENTATION_ITEM('')
SURFACE()
);
#5358=(
BOUNDED_SURFACE()
B_SPLINE_SURFACE(3,3,((#10519,#10520,#10521,#10522),(#10523,#10524,#10525,
#10526),(#10527,#10528,#10529,#10530),(#10531,#10532,#10533,#10534)),
 .TOROIDAL_SURF.,.F.,.F.,.F.)
B_SPLINE_SURFACE_WITH_KNOTS((4,4),(4,4),(0.,0.5),(0.,0.5),
 .PIECEWISE_BEZIER_KNOTS.)
GEOMETRIC_REPRESENTATION_ITEM()
RATIONAL_B_SPLINE_SURFACE(((1.,0.333333333333333,0.333333333333333,1.),
(0.333333333333333,0.111111111111111,0.111111111111111,0.333333333333333),
(0.333333333333333,0.111111111111111,0.111111111111111,0.333333333333333),
(1.,0.333333333333333,0.333333333333333,1.)))
REPRESENTATION_ITEM('')
SURFACE()
);
#5359=(
BOUNDED_SURFACE()
B_SPLINE_SURFACE(3,3,((#10549,#10550,#10551,#10552),(#10553,#10554,#10555,
#10556),(#10557,#10558,#10559,#10560),(#10561,#10562,#10563,#10564)),
 .TOROIDAL_SURF.,.F.,.F.,.F.)
B_SPLINE_SURFACE_WITH_KNOTS((4,4),(4,4),(0.5,1.),(0.,0.5),
 .PIECEWISE_BEZIER_KNOTS.)
GEOMETRIC_REPRESENTATION_ITEM()
RATIONAL_B_SPLINE_SURFACE(((1.,0.333333333333333,0.333333333333333,1.),
(0.333333333333333,0.111111111111111,0.111111111111111,0.333333333333333),
(0.333333333333333,0.111111111111111,0.111111111111111,0.333333333333333),
(1.,0.333333333333333,0.333333333333333,1.)))
REPRESENTATION_ITEM('')
SURFACE()
);
#5360=(
BOUNDED_SURFACE()
B_SPLINE_SURFACE(3,1,((#10566,#10567),(#10568,#10569),(#10570,#10571),(#10572,
#10573)),.CYLINDRICAL_SURF.,.F.,.F.,.F.)
B_SPLINE_SURFACE_WITH_KNOTS((4,4),(2,2),(0.5,1.),(0.0454545454545295,0.954545454545459),
 .PIECEWISE_BEZIER_KNOTS.)
GEOMETRIC_REPRESENTATION_ITEM()
RATIONAL_B_SPLINE_SURFACE(((1.,1.),(0.333333333333333,0.333333333333333),
(0.333333333333333,0.333333333333333),(1.,1.)))
REPRESENTATION_ITEM('')
SURFACE()
);
#5361=(
BOUNDED_SURFACE()
B_SPLINE_SURFACE(3,1,((#10584,#10585),(#10586,#10587),(#10588,#10589),(#10590,
#10591)),.CYLINDRICAL_SURF.,.F.,.F.,.F.)
B_SPLINE_SURFACE_WITH_KNOTS((4,4),(2,2),(0.,0.5),(0.0454545454545409,0.954545454545459),
 .PIECEWISE_BEZIER_KNOTS.)
GEOMETRIC_REPRESENTATION_ITEM()
RATIONAL_B_SPLINE_SURFACE(((1.,1.),(0.333333333333333,0.333333333333333),
(0.333333333333333,0.333333333333333),(1.,1.)))
REPRESENTATION_ITEM('')
SURFACE()
);
#5362=(
BOUNDED_SURFACE()
B_SPLINE_SURFACE(3,1,((#10608,#10609),(#10610,#10611),(#10612,#10613),(#10614,
#10615)),.CYLINDRICAL_SURF.,.F.,.F.,.F.)
B_SPLINE_SURFACE_WITH_KNOTS((4,4),(2,2),(0.5,1.),(0.045454545454536,0.954545454545464),
 .PIECEWISE_BEZIER_KNOTS.)
GEOMETRIC_REPRESENTATION_ITEM()
RATIONAL_B_SPLINE_SURFACE(((1.,1.),(0.333333333333333,0.333333333333333),
(0.333333333333333,0.333333333333333),(1.,1.)))
REPRESENTATION_ITEM('')
SURFACE()
);
#5363=(
BOUNDED_SURFACE()
B_SPLINE_SURFACE(3,1,((#10622,#10623),(#10624,#10625),(#10626,#10627),(#10628,
#10629)),.CYLINDRICAL_SURF.,.F.,.F.,.F.)
B_SPLINE_SURFACE_WITH_KNOTS((4,4),(2,2),(0.,0.5),(0.0454545454545404,0.954545454545464),
 .PIECEWISE_BEZIER_KNOTS.)
GEOMETRIC_REPRESENTATION_ITEM()
RATIONAL_B_SPLINE_SURFACE(((1.,1.),(0.333333333333333,0.333333333333333),
(0.333333333333333,0.333333333333333),(1.,1.)))
REPRESENTATION_ITEM('')
SURFACE()
);
#5364=(
BOUNDED_SURFACE()
B_SPLINE_SURFACE(3,1,((#10631,#10632),(#10633,#10634),(#10635,#10636),(#10637,
#10638)),.CYLINDRICAL_SURF.,.F.,.F.,.F.)
B_SPLINE_SURFACE_WITH_KNOTS((4,4),(2,2),(0.,0.5),(0.0454545454545209,0.954545454545459),
 .PIECEWISE_BEZIER_KNOTS.)
GEOMETRIC_REPRESENTATION_ITEM()
RATIONAL_B_SPLINE_SURFACE(((1.,1.),(0.333333333333333,0.333333333333333),
(0.333333333333333,0.333333333333333),(1.,1.)))
REPRESENTATION_ITEM('')
SURFACE()
);
#5365=(
BOUNDED_SURFACE()
B_SPLINE_SURFACE(3,1,((#10649,#10650),(#10651,#10652),(#10653,#10654),(#10655,
#10656)),.CYLINDRICAL_SURF.,.F.,.F.,.F.)
B_SPLINE_SURFACE_WITH_KNOTS((4,4),(2,2),(0.5,1.),(0.0454545454545104,0.95454545454546),
 .PIECEWISE_BEZIER_KNOTS.)
GEOMETRIC_REPRESENTATION_ITEM()
RATIONAL_B_SPLINE_SURFACE(((1.,1.),(0.333333333333333,0.333333333333333),
(0.333333333333333,0.333333333333333),(1.,1.)))
REPRESENTATION_ITEM('')
SURFACE()
);
#5366=(
BOUNDED_SURFACE()
B_SPLINE_SURFACE(3,3,((#10869,#10870,#10871,#10872,#10873,#10874,#10875),
(#10876,#10877,#10878,#10879,#10880,#10881,#10882),(#10883,#10884,#10885,
#10886,#10887,#10888,#10889),(#10890,#10891,#10892,#10893,#10894,#10895,
#10896)),.TOROIDAL_SURF.,.F.,.T.,.F.)
B_SPLINE_SURFACE_WITH_KNOTS((4,4),(4,3,4),(0.,1.),(0.,0.5,1.),
 .PIECEWISE_BEZIER_KNOTS.)
GEOMETRIC_REPRESENTATION_ITEM()
RATIONAL_B_SPLINE_SURFACE(((1.,0.333333333333333,0.333333333333333,1.,0.333333333333333,
0.333333333333333,1.),(0.708055585234754,0.236018528411585,0.236018528411585,
0.708055585234754,0.236018528411585,0.236018528411585,0.708055585234754),
(0.708055585234754,0.236018528411585,0.236018528411585,0.708055585234754,
0.236018528411585,0.236018528411585,0.708055585234754),(1.,0.333333333333333,
0.333333333333333,1.,0.333333333333333,0.333333333333333,1.)))
REPRESENTATION_ITEM('')
SURFACE()
);
#5367=(
BOUNDED_SURFACE()
B_SPLINE_SURFACE(3,1,((#10911,#10912),(#10913,#10914),(#10915,#10916),(#10917,
#10918)),.CYLINDRICAL_SURF.,.F.,.F.,.F.)
B_SPLINE_SURFACE_WITH_KNOTS((4,4),(2,2),(0.,0.5),(0.0454545454545454,0.954545454545455),
 .PIECEWISE_BEZIER_KNOTS.)
GEOMETRIC_REPRESENTATION_ITEM()
RATIONAL_B_SPLINE_SURFACE(((1.,1.),(0.333333333333333,0.333333333333333),
(0.333333333333333,0.333333333333333),(1.,1.)))
REPRESENTATION_ITEM('')
SURFACE()
);
#5368=(
BOUNDED_SURFACE()
B_SPLINE_SURFACE(3,3,((#10927,#10928,#10929,#10930,#10931,#10932,#10933),
(#10934,#10935,#10936,#10937,#10938,#10939,#10940),(#10941,#10942,#10943,
#10944,#10945,#10946,#10947),(#10948,#10949,#10950,#10951,#10952,#10953,
#10954)),.TOROIDAL_SURF.,.F.,.T.,.F.)
B_SPLINE_SURFACE_WITH_KNOTS((4,4),(4,3,4),(0.,1.),(0.,0.5,1.),
 .PIECEWISE_BEZIER_KNOTS.)
GEOMETRIC_REPRESENTATION_ITEM()
RATIONAL_B_SPLINE_SURFACE(((1.,0.333333333333333,0.333333333333333,1.,0.333333333333333,
0.333333333333333,1.),(0.708055585234754,0.236018528411585,0.236018528411585,
0.708055585234754,0.236018528411585,0.236018528411585,0.708055585234754),
(0.708055585234754,0.236018528411585,0.236018528411585,0.708055585234754,
0.236018528411585,0.236018528411585,0.708055585234754),(1.,0.333333333333333,
0.333333333333333,1.,0.333333333333333,0.333333333333333,1.)))
REPRESENTATION_ITEM('')
SURFACE()
);
#5369=(
BOUNDED_SURFACE()
B_SPLINE_SURFACE(3,3,((#10967,#10968,#10969,#10970,#10971,#10972,#10973),
(#10974,#10975,#10976,#10977,#10978,#10979,#10980),(#10981,#10982,#10983,
#10984,#10985,#10986,#10987),(#10988,#10989,#10990,#10991,#10992,#10993,
#10994)),.TOROIDAL_SURF.,.F.,.T.,.F.)
B_SPLINE_SURFACE_WITH_KNOTS((4,4),(4,3,4),(0.,1.),(0.,0.5,1.),
 .PIECEWISE_BEZIER_KNOTS.)
GEOMETRIC_REPRESENTATION_ITEM()
RATIONAL_B_SPLINE_SURFACE(((1.,0.333333333333333,0.333333333333333,1.,0.333333333333333,
0.333333333333333,1.),(0.708055585234754,0.236018528411585,0.236018528411585,
0.708055585234754,0.236018528411585,0.236018528411585,0.708055585234754),
(0.708055585234754,0.236018528411585,0.236018528411585,0.708055585234754,
0.236018528411585,0.236018528411585,0.708055585234754),(1.,0.333333333333333,
0.333333333333333,1.,0.333333333333333,0.333333333333333,1.)))
REPRESENTATION_ITEM('')
SURFACE()
);
#5370=(
BOUNDED_SURFACE()
B_SPLINE_SURFACE(3,1,((#10996,#10997),(#10998,#10999),(#11000,#11001),(#11002,
#11003)),.CYLINDRICAL_SURF.,.F.,.F.,.F.)
B_SPLINE_SURFACE_WITH_KNOTS((4,4),(2,2),(0.5,1.),(0.0454545454545454,0.954545454545455),
 .PIECEWISE_BEZIER_KNOTS.)
GEOMETRIC_REPRESENTATION_ITEM()
RATIONAL_B_SPLINE_SURFACE(((1.,1.),(0.333333333333333,0.333333333333333),
(0.333333333333333,0.333333333333333),(1.,1.)))
REPRESENTATION_ITEM('')
SURFACE()
);
#5371=(
BOUNDED_SURFACE()
B_SPLINE_SURFACE(3,3,((#11004,#11005,#11006,#11007,#11008,#11009,#11010),
(#11011,#11012,#11013,#11014,#11015,#11016,#11017),(#11018,#11019,#11020,
#11021,#11022,#11023,#11024),(#11025,#11026,#11027,#11028,#11029,#11030,
#11031)),.TOROIDAL_SURF.,.F.,.T.,.F.)
B_SPLINE_SURFACE_WITH_KNOTS((4,4),(4,3,4),(0.,1.),(0.,0.5,1.),
 .PIECEWISE_BEZIER_KNOTS.)
GEOMETRIC_REPRESENTATION_ITEM()
RATIONAL_B_SPLINE_SURFACE(((1.,0.333333333333333,0.333333333333333,1.,0.333333333333333,
0.333333333333333,1.),(0.708055585234754,0.236018528411585,0.236018528411585,
0.708055585234754,0.236018528411585,0.236018528411585,0.708055585234754),
(0.708055585234754,0.236018528411585,0.236018528411585,0.708055585234754,
0.236018528411585,0.236018528411585,0.708055585234754),(1.,0.333333333333333,
0.333333333333333,1.,0.333333333333333,0.333333333333333,1.)))
REPRESENTATION_ITEM('')
SURFACE()
);
#5372=(
BOUNDED_SURFACE()
B_SPLINE_SURFACE(3,3,((#11042,#11043,#11044,#11045),(#11046,#11047,#11048,
#11049),(#11050,#11051,#11052,#11053),(#11054,#11055,#11056,#11057),(#11058,
#11059,#11060,#11061),(#11062,#11063,#11064,#11065),(#11066,#11067,#11068,
#11069)),.TOROIDAL_SURF.,.T.,.F.,.F.)
B_SPLINE_SURFACE_WITH_KNOTS((4,3,4),(4,4),(0.,0.5,1.),(0.5,1.),
 .PIECEWISE_BEZIER_KNOTS.)
GEOMETRIC_REPRESENTATION_ITEM()
RATIONAL_B_SPLINE_SURFACE(((1.,0.333333333333333,0.333333333333333,1.),
(0.333333333333333,0.111111111111111,0.111111111111111,0.333333333333333),
(0.333333333333333,0.111111111111111,0.111111111111111,0.333333333333333),
(1.,0.333333333333333,0.333333333333333,1.),(0.333333333333333,0.111111111111111,
0.111111111111111,0.333333333333333),(0.333333333333333,0.111111111111111,
0.111111111111111,0.333333333333333),(1.,0.333333333333333,0.333333333333333,
1.)))
REPRESENTATION_ITEM('')
SURFACE()
);
#5373=(
BOUNDED_SURFACE()
B_SPLINE_SURFACE(3,3,((#11142,#11143,#11144,#11145),(#11146,#11147,#11148,
#11149),(#11150,#11151,#11152,#11153),(#11154,#11155,#11156,#11157),(#11158,
#11159,#11160,#11161),(#11162,#11163,#11164,#11165),(#11166,#11167,#11168,
#11169)),.TOROIDAL_SURF.,.T.,.F.,.F.)
B_SPLINE_SURFACE_WITH_KNOTS((4,3,4),(4,4),(0.,0.5,1.),(0.,0.5),
 .PIECEWISE_BEZIER_KNOTS.)
GEOMETRIC_REPRESENTATION_ITEM()
RATIONAL_B_SPLINE_SURFACE(((1.,0.333333333333333,0.333333333333333,1.),
(0.333333333333333,0.111111111111111,0.111111111111111,0.333333333333333),
(0.333333333333333,0.111111111111111,0.111111111111111,0.333333333333333),
(1.,0.333333333333333,0.333333333333333,1.),(0.333333333333333,0.111111111111111,
0.111111111111111,0.333333333333333),(0.333333333333333,0.111111111111111,
0.111111111111111,0.333333333333333),(1.,0.333333333333333,0.333333333333333,
1.)))
REPRESENTATION_ITEM('')
SURFACE()
);
#5374=ADVANCED_FACE('',(#4863),#5232,.F.);
#5375=ADVANCED_FACE('',(#4864),#5233,.T.);
#5376=ADVANCED_FACE('',(#4865),#5234,.T.);
#5377=ADVANCED_FACE('',(#4866,#4867),#898,.F.);
#5378=ADVANCED_FACE('',(#4868),#5235,.F.);
#5379=ADVANCED_FACE('',(#4869,#4870),#899,.F.);
#5380=ADVANCED_FACE('',(#4871,#4872,#4873,#4874),#5236,.F.);
#5381=ADVANCED_FACE('',(#4875,#4876,#4877,#4878),#5237,.T.);
#5382=ADVANCED_FACE('',(#4879,#4880,#4881,#4882),#5238,.T.);
#5383=ADVANCED_FACE('',(#4883,#4884,#4885,#4886),#5239,.F.);
#5384=ADVANCED_FACE('',(#4887,#4888),#900,.T.);
#5385=ADVANCED_FACE('',(#4889,#4890),#901,.T.);
#5386=ADVANCED_FACE('',(#4891),#902,.T.);
#5387=ADVANCED_FACE('',(#4892),#903,.T.);
#5388=ADVANCED_FACE('',(#4893),#904,.T.);
#5389=ADVANCED_FACE('',(#4894),#905,.F.);
#5390=ADVANCED_FACE('',(#4895),#906,.F.);
#5391=ADVANCED_FACE('',(#4896),#907,.F.);
#5392=ADVANCED_FACE('',(#4897),#908,.T.);
#5393=ADVANCED_FACE('',(#4898),#909,.F.);
#5394=ADVANCED_FACE('',(#4899),#910,.T.);
#5395=ADVANCED_FACE('',(#4900),#911,.T.);
#5396=ADVANCED_FACE('',(#4901),#912,.T.);
#5397=ADVANCED_FACE('',(#4902),#913,.F.);
#5398=ADVANCED_FACE('',(#4903),#914,.F.);
#5399=ADVANCED_FACE('',(#4904),#915,.F.);
#5400=ADVANCED_FACE('',(#4905),#916,.T.);
#5401=ADVANCED_FACE('',(#4906),#917,.F.);
#5402=ADVANCED_FACE('',(#4907),#918,.T.);
#5403=ADVANCED_FACE('',(#4908),#919,.T.);
#5404=ADVANCED_FACE('',(#4909),#920,.T.);
#5405=ADVANCED_FACE('',(#4910),#921,.F.);
#5406=ADVANCED_FACE('',(#4911),#922,.F.);
#5407=ADVANCED_FACE('',(#4912),#923,.F.);
#5408=ADVANCED_FACE('',(#4913),#924,.T.);
#5409=ADVANCED_FACE('',(#4914),#925,.F.);
#5410=ADVANCED_FACE('',(#4915),#926,.T.);
#5411=ADVANCED_FACE('',(#4916),#927,.T.);
#5412=ADVANCED_FACE('',(#4917),#928,.T.);
#5413=ADVANCED_FACE('',(#4918),#929,.F.);
#5414=ADVANCED_FACE('',(#4919),#930,.F.);
#5415=ADVANCED_FACE('',(#4920),#931,.T.);
#5416=ADVANCED_FACE('',(#4921),#932,.F.);
#5417=ADVANCED_FACE('',(#4922),#933,.F.);
#5418=ADVANCED_FACE('',(#4923),#5240,.T.);
#5419=ADVANCED_FACE('',(#4924,#4925,#4926),#5241,.F.);
#5420=ADVANCED_FACE('',(#4927),#5242,.T.);
#5421=ADVANCED_FACE('',(#4928),#934,.T.);
#5422=ADVANCED_FACE('',(#4929),#935,.F.);
#5423=ADVANCED_FACE('',(#4930),#5243,.T.);
#5424=ADVANCED_FACE('',(#4931),#936,.T.);
#5425=ADVANCED_FACE('',(#4932),#937,.F.);
#5426=ADVANCED_FACE('',(#4933),#5244,.T.);
#5427=ADVANCED_FACE('',(#4934),#938,.T.);
#5428=ADVANCED_FACE('',(#4935),#939,.F.);
#5429=ADVANCED_FACE('',(#4936,#4937,#4938),#5245,.F.);
#5430=ADVANCED_FACE('',(#4939),#5246,.T.);
#5431=ADVANCED_FACE('',(#4940,#4941),#940,.F.);
#5432=ADVANCED_FACE('',(#4942,#4943),#941,.F.);
#5433=ADVANCED_FACE('',(#4944),#5247,.T.);
#5434=ADVANCED_FACE('',(#4945),#942,.F.);
#5435=ADVANCED_FACE('',(#4946),#943,.T.);
#5436=ADVANCED_FACE('',(#4947),#5248,.T.);
#5437=ADVANCED_FACE('',(#4948),#5249,.F.);
#5438=ADVANCED_FACE('',(#4949,#4950),#944,.F.);
#5439=ADVANCED_FACE('',(#4951),#5250,.F.);
#5440=ADVANCED_FACE('',(#4952,#4953),#945,.F.);
#5441=ADVANCED_FACE('',(#4954),#5251,.T.);
#5442=ADVANCED_FACE('',(#4955),#5252,.F.);
#5443=ADVANCED_FACE('',(#4956),#5253,.F.);
#5444=ADVANCED_FACE('',(#4957),#5254,.F.);
#5445=ADVANCED_FACE('',(#4958),#5255,.T.);
#5446=ADVANCED_FACE('',(#4959),#5256,.T.);
#5447=ADVANCED_FACE('',(#4960),#946,.F.);
#5448=ADVANCED_FACE('',(#4961,#4962),#947,.T.);
#5449=ADVANCED_FACE('',(#4963),#5257,.F.);
#5450=ADVANCED_FACE('',(#4964),#5258,.F.);
#5451=ADVANCED_FACE('',(#4965),#5259,.F.);
#5452=ADVANCED_FACE('',(#4966),#5260,.T.);
#5453=ADVANCED_FACE('',(#4967),#5261,.T.);
#5454=ADVANCED_FACE('',(#4968),#5262,.T.);
#5455=ADVANCED_FACE('',(#4969,#4970),#948,.T.);
#5456=ADVANCED_FACE('',(#4971),#5263,.T.);
#5457=ADVANCED_FACE('',(#4972,#4973),#949,.F.);
#5458=ADVANCED_FACE('',(#4974),#5264,.T.);
#5459=ADVANCED_FACE('',(#4975),#950,.F.);
#5460=ADVANCED_FACE('',(#4976),#951,.T.);
#5461=ADVANCED_FACE('',(#4977),#5265,.T.);
#5462=ADVANCED_FACE('',(#4978),#5266,.F.);
#5463=ADVANCED_FACE('',(#4979),#5267,.F.);
#5464=ADVANCED_FACE('',(#4980),#5268,.F.);
#5465=ADVANCED_FACE('',(#4981),#952,.T.);
#5466=ADVANCED_FACE('',(#4982),#5269,.F.);
#5467=ADVANCED_FACE('',(#4983),#5270,.F.);
#5468=ADVANCED_FACE('',(#4984),#5271,.F.);
#5469=ADVANCED_FACE('',(#4985),#953,.T.);
#5470=ADVANCED_FACE('',(#4986),#5272,.F.);
#5471=ADVANCED_FACE('',(#4987,#4988,#4989,#4990),#5273,.T.);
#5472=ADVANCED_FACE('',(#4991),#5274,.F.);
#5473=ADVANCED_FACE('',(#4992),#5275,.F.);
#5474=ADVANCED_FACE('',(#4993),#5276,.F.);
#5475=ADVANCED_FACE('',(#4994),#5277,.F.);
#5476=ADVANCED_FACE('',(#4995),#5278,.F.);
#5477=ADVANCED_FACE('',(#4996),#5279,.F.);
#5478=ADVANCED_FACE('',(#4997),#5280,.F.);
#5479=ADVANCED_FACE('',(#4998),#5281,.F.);
#5480=ADVANCED_FACE('',(#4999),#5282,.F.);
#5481=ADVANCED_FACE('',(#5000),#5283,.F.);
#5482=ADVANCED_FACE('',(#5001),#5284,.F.);
#5483=ADVANCED_FACE('',(#5002),#5285,.F.);
#5484=ADVANCED_FACE('',(#5003),#5286,.F.);
#5485=ADVANCED_FACE('',(#5004),#5287,.F.);
#5486=ADVANCED_FACE('',(#5005),#5288,.F.);
#5487=ADVANCED_FACE('',(#5006),#5289,.F.);
#5488=ADVANCED_FACE('',(#5007,#5008),#954,.F.);
#5489=ADVANCED_FACE('',(#5009),#5290,.F.);
#5490=ADVANCED_FACE('',(#5010,#5011,#5012,#5013),#5291,.T.);
#5491=ADVANCED_FACE('',(#5014,#5015),#955,.T.);
#5492=ADVANCED_FACE('',(#5016),#956,.T.);
#5493=ADVANCED_FACE('',(#5017),#957,.F.);
#5494=ADVANCED_FACE('',(#5018),#958,.T.);
#5495=ADVANCED_FACE('',(#5019),#959,.T.);
#5496=ADVANCED_FACE('',(#5020),#960,.T.);
#5497=ADVANCED_FACE('',(#5021),#961,.T.);
#5498=ADVANCED_FACE('',(#5022),#962,.T.);
#5499=ADVANCED_FACE('',(#5023),#963,.F.);
#5500=ADVANCED_FACE('',(#5024),#964,.F.);
#5501=ADVANCED_FACE('',(#5025),#965,.F.);
#5502=ADVANCED_FACE('',(#5026),#966,.F.);
#5503=ADVANCED_FACE('',(#5027),#967,.F.);
#5504=ADVANCED_FACE('',(#5028),#968,.F.);
#5505=ADVANCED_FACE('',(#5029),#969,.F.);
#5506=ADVANCED_FACE('',(#5030),#970,.T.);
#5507=ADVANCED_FACE('',(#5031),#971,.F.);
#5508=ADVANCED_FACE('',(#5032),#972,.T.);
#5509=ADVANCED_FACE('',(#5033),#973,.T.);
#5510=ADVANCED_FACE('',(#5034),#974,.T.);
#5511=ADVANCED_FACE('',(#5035),#975,.T.);
#5512=ADVANCED_FACE('',(#5036),#976,.T.);
#5513=ADVANCED_FACE('',(#5037),#977,.F.);
#5514=ADVANCED_FACE('',(#5038),#978,.F.);
#5515=ADVANCED_FACE('',(#5039),#979,.F.);
#5516=ADVANCED_FACE('',(#5040),#980,.F.);
#5517=ADVANCED_FACE('',(#5041),#981,.F.);
#5518=ADVANCED_FACE('',(#5042),#982,.F.);
#5519=ADVANCED_FACE('',(#5043),#983,.F.);
#5520=ADVANCED_FACE('',(#5044),#984,.T.);
#5521=ADVANCED_FACE('',(#5045),#985,.F.);
#5522=ADVANCED_FACE('',(#5046),#986,.T.);
#5523=ADVANCED_FACE('',(#5047),#987,.T.);
#5524=ADVANCED_FACE('',(#5048),#988,.T.);
#5525=ADVANCED_FACE('',(#5049),#989,.T.);
#5526=ADVANCED_FACE('',(#5050),#990,.T.);
#5527=ADVANCED_FACE('',(#5051),#991,.F.);
#5528=ADVANCED_FACE('',(#5052),#992,.F.);
#5529=ADVANCED_FACE('',(#5053),#993,.F.);
#5530=ADVANCED_FACE('',(#5054),#994,.F.);
#5531=ADVANCED_FACE('',(#5055),#995,.F.);
#5532=ADVANCED_FACE('',(#5056),#996,.F.);
#5533=ADVANCED_FACE('',(#5057),#997,.F.);
#5534=ADVANCED_FACE('',(#5058),#998,.T.);
#5535=ADVANCED_FACE('',(#5059),#999,.F.);
#5536=ADVANCED_FACE('',(#5060),#1000,.T.);
#5537=ADVANCED_FACE('',(#5061),#1001,.T.);
#5538=ADVANCED_FACE('',(#5062),#1002,.T.);
#5539=ADVANCED_FACE('',(#5063),#1003,.T.);
#5540=ADVANCED_FACE('',(#5064),#1004,.T.);
#5541=ADVANCED_FACE('',(#5065),#1005,.F.);
#5542=ADVANCED_FACE('',(#5066),#1006,.F.);
#5543=ADVANCED_FACE('',(#5067),#1007,.F.);
#5544=ADVANCED_FACE('',(#5068),#1008,.F.);
#5545=ADVANCED_FACE('',(#5069),#1009,.F.);
#5546=ADVANCED_FACE('',(#5070),#1010,.F.);
#5547=ADVANCED_FACE('',(#5071),#1011,.F.);
#5548=ADVANCED_FACE('',(#5072),#1012,.T.);
#5549=ADVANCED_FACE('',(#5073),#1013,.F.);
#5550=ADVANCED_FACE('',(#5074),#1014,.T.);
#5551=ADVANCED_FACE('',(#5075),#1015,.F.);
#5552=ADVANCED_FACE('',(#5076),#1016,.T.);
#5553=ADVANCED_FACE('',(#5077),#1017,.F.);
#5554=ADVANCED_FACE('',(#5078),#1018,.T.);
#5555=ADVANCED_FACE('',(#5079),#1019,.F.);
#5556=ADVANCED_FACE('',(#5080),#5292,.T.);
#5557=ADVANCED_FACE('',(#5081),#5293,.T.);
#5558=ADVANCED_FACE('',(#5082),#5294,.T.);
#5559=ADVANCED_FACE('',(#5083),#5295,.T.);
#5560=ADVANCED_FACE('',(#5084),#5296,.T.);
#5561=ADVANCED_FACE('',(#5085),#5297,.T.);
#5562=ADVANCED_FACE('',(#5086),#5298,.T.);
#5563=ADVANCED_FACE('',(#5087),#5299,.T.);
#5564=ADVANCED_FACE('',(#5088),#5300,.T.);
#5565=ADVANCED_FACE('',(#5089),#5301,.T.);
#5566=ADVANCED_FACE('',(#5090),#5302,.T.);
#5567=ADVANCED_FACE('',(#5091),#5303,.T.);
#5568=ADVANCED_FACE('',(#5092),#5304,.T.);
#5569=ADVANCED_FACE('',(#5093),#5305,.T.);
#5570=ADVANCED_FACE('',(#5094),#5306,.T.);
#5571=ADVANCED_FACE('',(#5095),#5307,.T.);
#5572=ADVANCED_FACE('',(#5096),#5308,.T.);
#5573=ADVANCED_FACE('',(#5097),#5309,.T.);
#5574=ADVANCED_FACE('',(#5098),#5310,.T.);
#5575=ADVANCED_FACE('',(#5099),#5311,.T.);
#5576=ADVANCED_FACE('',(#5100),#5312,.T.);
#5577=ADVANCED_FACE('',(#5101),#5313,.T.);
#5578=ADVANCED_FACE('',(#5102),#5314,.T.);
#5579=ADVANCED_FACE('',(#5103),#5315,.T.);
#5580=ADVANCED_FACE('',(#5104),#5316,.T.);
#5581=ADVANCED_FACE('',(#5105),#5317,.T.);
#5582=ADVANCED_FACE('',(#5106),#5318,.T.);
#5583=ADVANCED_FACE('',(#5107),#5319,.T.);
#5584=ADVANCED_FACE('',(#5108),#5320,.T.);
#5585=ADVANCED_FACE('',(#5109),#5321,.T.);
#5586=ADVANCED_FACE('',(#5110),#5322,.T.);
#5587=ADVANCED_FACE('',(#5111),#5323,.T.);
#5588=ADVANCED_FACE('',(#5112),#5324,.T.);
#5589=ADVANCED_FACE('',(#5113),#5325,.T.);
#5590=ADVANCED_FACE('',(#5114),#5326,.T.);
#5591=ADVANCED_FACE('',(#5115),#5327,.T.);
#5592=ADVANCED_FACE('',(#5116),#5328,.T.);
#5593=ADVANCED_FACE('',(#5117),#5329,.T.);
#5594=ADVANCED_FACE('',(#5118),#5330,.T.);
#5595=ADVANCED_FACE('',(#5119),#5331,.T.);
#5596=ADVANCED_FACE('',(#5120),#5332,.T.);
#5597=ADVANCED_FACE('',(#5121),#5333,.F.);
#5598=ADVANCED_FACE('',(#5122),#5334,.T.);
#5599=ADVANCED_FACE('',(#5123),#5335,.F.);
#5600=ADVANCED_FACE('',(#5124),#5336,.F.);
#5601=ADVANCED_FACE('',(#5125),#5337,.T.);
#5602=ADVANCED_FACE('',(#5126,#5127),#1020,.F.);
#5603=ADVANCED_FACE('',(#5128),#5338,.F.);
#5604=ADVANCED_FACE('',(#5129,#5130),#1021,.T.);
#5605=ADVANCED_FACE('',(#5131),#5339,.T.);
#5606=ADVANCED_FACE('',(#5132,#5133),#1022,.T.);
#5607=ADVANCED_FACE('',(#5134),#1023,.T.);
#5608=ADVANCED_FACE('',(#5135),#5340,.T.);
#5609=ADVANCED_FACE('',(#5136),#1024,.F.);
#5610=ADVANCED_FACE('',(#5137),#5341,.F.);
#5611=ADVANCED_FACE('',(#5138),#5342,.F.);
#5612=ADVANCED_FACE('',(#5139),#5343,.T.);
#5613=ADVANCED_FACE('',(#5140),#1025,.F.);
#5614=ADVANCED_FACE('',(#5141),#5344,.F.);
#5615=ADVANCED_FACE('',(#5142),#5345,.F.);
#5616=ADVANCED_FACE('',(#5143),#5346,.T.);
#5617=ADVANCED_FACE('',(#5144),#1026,.F.);
#5618=ADVANCED_FACE('',(#5145),#5347,.F.);
#5619=ADVANCED_FACE('',(#5146),#5348,.F.);
#5620=ADVANCED_FACE('',(#5147),#5349,.T.);
#5621=ADVANCED_FACE('',(#5148),#1027,.F.);
#5622=ADVANCED_FACE('',(#5149),#5350,.F.);
#5623=ADVANCED_FACE('',(#5150),#5351,.F.);
#5624=ADVANCED_FACE('',(#5151),#1028,.F.);
#5625=ADVANCED_FACE('',(#5152),#1029,.F.);
#5626=ADVANCED_FACE('',(#5153),#1030,.T.);
#5627=ADVANCED_FACE('',(#5154),#1031,.T.);
#5628=ADVANCED_FACE('',(#5155),#1032,.F.);
#5629=ADVANCED_FACE('',(#5156),#1033,.T.);
#5630=ADVANCED_FACE('',(#5157),#1034,.T.);
#5631=ADVANCED_FACE('',(#5158),#1035,.T.);
#5632=ADVANCED_FACE('',(#5159),#5352,.T.);
#5633=ADVANCED_FACE('',(#5160),#5353,.F.);
#5634=ADVANCED_FACE('',(#5161,#5162),#1036,.F.);
#5635=ADVANCED_FACE('',(#5163),#1037,.F.);
#5636=ADVANCED_FACE('',(#5164),#5354,.F.);
#5637=ADVANCED_FACE('',(#5165),#5355,.T.);
#5638=ADVANCED_FACE('',(#5166),#5356,.T.);
#5639=ADVANCED_FACE('',(#5167),#5357,.T.);
#5640=ADVANCED_FACE('',(#5168),#5358,.T.);
#5641=ADVANCED_FACE('',(#5169),#5359,.T.);
#5642=ADVANCED_FACE('',(#5170),#5360,.F.);
#5643=ADVANCED_FACE('',(#5171),#5361,.T.);
#5644=ADVANCED_FACE('',(#5172,#5173),#1038,.T.);
#5645=ADVANCED_FACE('',(#5174),#5362,.T.);
#5646=ADVANCED_FACE('',(#5175,#5176),#1039,.T.);
#5647=ADVANCED_FACE('',(#5177),#5363,.F.);
#5648=ADVANCED_FACE('',(#5178),#5364,.T.);
#5649=ADVANCED_FACE('',(#5179),#5365,.T.);
#5650=ADVANCED_FACE('',(#5180),#1040,.T.);
#5651=ADVANCED_FACE('',(#5181),#1041,.F.);
#5652=ADVANCED_FACE('',(#5182),#1042,.F.);
#5653=ADVANCED_FACE('',(#5183),#1043,.F.);
#5654=ADVANCED_FACE('',(#5184),#1044,.F.);
#5655=ADVANCED_FACE('',(#5185),#1045,.F.);
#5656=ADVANCED_FACE('',(#5186),#1046,.F.);
#5657=ADVANCED_FACE('',(#5187),#1047,.F.);
#5658=ADVANCED_FACE('',(#5188),#1048,.T.);
#5659=ADVANCED_FACE('',(#5189),#1049,.F.);
#5660=ADVANCED_FACE('',(#5190),#1050,.F.);
#5661=ADVANCED_FACE('',(#5191),#1051,.T.);
#5662=ADVANCED_FACE('',(#5192,#5193),#1052,.T.);
#5663=ADVANCED_FACE('',(#5194),#1053,.F.);
#5664=ADVANCED_FACE('',(#5195,#5196),#1054,.T.);
#5665=ADVANCED_FACE('',(#5197,#5198),#1055,.F.);
#5666=ADVANCED_FACE('',(#5199),#1056,.F.);
#5667=ADVANCED_FACE('',(#5200),#1057,.T.);
#5668=ADVANCED_FACE('',(#5201),#1058,.T.);
#5669=ADVANCED_FACE('',(#5202),#1059,.F.);
#5670=ADVANCED_FACE('',(#5203),#1060,.T.);
#5671=ADVANCED_FACE('',(#5204),#1061,.F.);
#5672=ADVANCED_FACE('',(#5205),#1062,.F.);
#5673=ADVANCED_FACE('',(#5206),#1063,.F.);
#5674=ADVANCED_FACE('',(#5207),#1064,.F.);
#5675=ADVANCED_FACE('',(#5208),#1065,.F.);
#5676=ADVANCED_FACE('',(#5209),#1066,.F.);
#5677=ADVANCED_FACE('',(#5210),#5366,.T.);
#5678=ADVANCED_FACE('',(#5211),#5367,.T.);
#5679=ADVANCED_FACE('',(#5212),#5368,.T.);
#5680=ADVANCED_FACE('',(#5213),#5369,.T.);
#5681=ADVANCED_FACE('',(#5214),#5370,.T.);
#5682=ADVANCED_FACE('',(#5215),#5371,.T.);
#5683=ADVANCED_FACE('',(#5216),#1067,.T.);
#5684=ADVANCED_FACE('',(#5217),#1068,.F.);
#5685=ADVANCED_FACE('',(#5218),#5372,.T.);
#5686=ADVANCED_FACE('',(#5219),#5373,.T.);
#5687=ADVANCED_FACE('',(#5220),#1069,.F.);
#5688=ADVANCED_FACE('',(#5221),#1070,.F.);
#5689=ADVANCED_FACE('',(#5222),#1071,.T.);
#5690=ADVANCED_FACE('',(#5223),#1072,.F.);
#5691=ADVANCED_FACE('',(#5224),#1073,.T.);
#5692=ADVANCED_FACE('',(#5225),#1074,.T.);
#5693=ADVANCED_FACE('',(#5226),#1075,.F.);
#5694=ADVANCED_FACE('',(#5227),#1076,.T.);
#5695=ADVANCED_FACE('',(#5228),#1077,.F.);
#5696=ADVANCED_FACE('',(#5229),#1078,.F.);
#5697=ADVANCED_FACE('',(#5230),#1079,.F.);
#5698=ADVANCED_FACE('',(#5231),#1080,.F.);
#5699=CLOSED_SHELL('',(#5374,#5375,#5376,#5377,#5378,#5379));
#5700=CLOSED_SHELL('',(#5380,#5381,#5382,#5383,#5384,#5385,#5386,#5387,
#5388,#5389,#5390,#5391,#5392,#5393,#5394,#5395,#5396,#5397,#5398,#5399,
#5400,#5401,#5402,#5403,#5404,#5405,#5406,#5407,#5408,#5409,#5410,#5411,
#5412,#5413,#5414,#5415,#5416,#5417));
#5701=CLOSED_SHELL('',(#5418,#5419,#5420,#5421,#5422,#5423,#5424,#5425,
#5426,#5427,#5428,#5429,#5430,#5431,#5432,#5433,#5434,#5435));
#5702=CLOSED_SHELL('',(#5436,#5437,#5438,#5439,#5440,#5441));
#5703=CLOSED_SHELL('',(#5442,#5443,#5444,#5445,#5446,#5447,#5448,#5449,
#5450,#5451));
#5704=CLOSED_SHELL('',(#5452,#5453,#5454,#5455,#5456,#5457,#5458,#5459,
#5460,#5461));
#5705=CLOSED_SHELL('',(#5462,#5463,#5464,#5465,#5466,#5467,#5468,#5469));
#5706=CLOSED_SHELL('',(#5470,#5471,#5472,#5473,#5474,#5475,#5476,#5477,
#5478,#5479,#5480,#5481,#5482,#5483,#5484,#5485,#5486,#5487,#5488,#5489,
#5490,#5491,#5492,#5493,#5494,#5495,#5496,#5497,#5498,#5499,#5500,#5501,
#5502,#5503,#5504,#5505,#5506,#5507,#5508,#5509,#5510,#5511,#5512,#5513,
#5514,#5515,#5516,#5517,#5518,#5519,#5520,#5521,#5522,#5523,#5524,#5525,
#5526,#5527,#5528,#5529,#5530,#5531,#5532,#5533,#5534,#5535,#5536,#5537,
#5538,#5539,#5540,#5541,#5542,#5543,#5544,#5545,#5546,#5547,#5548,#5549,
#5550,#5551,#5552,#5553,#5554,#5555,#5556,#5557,#5558,#5559,#5560,#5561,
#5562,#5563,#5564,#5565,#5566,#5567,#5568,#5569,#5570,#5571,#5572,#5573,
#5574,#5575,#5576,#5577,#5578,#5579,#5580,#5581,#5582,#5583,#5584,#5585,
#5586,#5587,#5588,#5589,#5590,#5591,#5592,#5593,#5594,#5595));
#5707=CLOSED_SHELL('',(#5596,#5597,#5598,#5599,#5600,#5601,#5602,#5603,
#5604,#5605,#5606,#5607,#5608,#5609,#5610,#5611,#5612,#5613,#5614,#5615,
#5616,#5617,#5618,#5619,#5620,#5621,#5622,#5623,#5624,#5625,#5626,#5627,
#5628,#5629,#5630,#5631));
#5708=CLOSED_SHELL('',(#5632,#5633,#5634,#5635,#5636,#5637));
#5709=CLOSED_SHELL('',(#5638,#5639,#5640,#5641));
#5710=CLOSED_SHELL('',(#5642,#5643,#5644,#5645,#5646,#5647));
#5711=CLOSED_SHELL('',(#5648,#5649,#5650,#5651));
#5712=CLOSED_SHELL('',(#5652,#5653,#5654,#5655,#5656,#5657,#5658,#5659,
#5660,#5661,#5662,#5663,#5664,#5665,#5666,#5667,#5668,#5669,#5670,#5671,
#5672,#5673,#5674,#5675,#5676));
#5713=CLOSED_SHELL('',(#5677,#5678,#5679,#5680,#5681,#5682,#5683,#5684));
#5714=CLOSED_SHELL('',(#5685,#5686,#5687,#5688,#5689,#5690,#5691,#5692,
#5693,#5694,#5695,#5696,#5697,#5698));
#5715=STYLED_ITEM('',(#5729),#5815);
#5716=STYLED_ITEM('',(#5730),#5816);
#5717=STYLED_ITEM('',(#5731),#5817);
#5718=STYLED_ITEM('',(#5732),#5818);
#5719=STYLED_ITEM('',(#5733),#5819);
#5720=STYLED_ITEM('',(#5734),#54);
#5721=STYLED_ITEM('',(#5735),#5820);
#5722=STYLED_ITEM('',(#5736),#55);
#5723=STYLED_ITEM('',(#5737),#5821);
#5724=STYLED_ITEM('',(#5738),#5822);
#5725=STYLED_ITEM('',(#5739),#5823);
#5726=STYLED_ITEM('',(#5740),#5824);
#5727=STYLED_ITEM('',(#5741),#5825);
#5728=STYLED_ITEM('',(#5742),#5826);
#5729=PRESENTATION_STYLE_ASSIGNMENT((#5743));
#5730=PRESENTATION_STYLE_ASSIGNMENT((#5744));
#5731=PRESENTATION_STYLE_ASSIGNMENT((#5745));
#5732=PRESENTATION_STYLE_ASSIGNMENT((#5746));
#5733=PRESENTATION_STYLE_ASSIGNMENT((#5747));
#5734=PRESENTATION_STYLE_ASSIGNMENT((#5748));
#5735=PRESENTATION_STYLE_ASSIGNMENT((#5749));
#5736=PRESENTATION_STYLE_ASSIGNMENT((#5750));
#5737=PRESENTATION_STYLE_ASSIGNMENT((#5751));
#5738=PRESENTATION_STYLE_ASSIGNMENT((#5752));
#5739=PRESENTATION_STYLE_ASSIGNMENT((#5753));
#5740=PRESENTATION_STYLE_ASSIGNMENT((#5754));
#5741=PRESENTATION_STYLE_ASSIGNMENT((#5755));
#5742=PRESENTATION_STYLE_ASSIGNMENT((#5756));
#5743=SURFACE_STYLE_USAGE(.BOTH.,#5757);
#5744=SURFACE_STYLE_USAGE(.BOTH.,#5758);
#5745=SURFACE_STYLE_USAGE(.BOTH.,#5759);
#5746=SURFACE_STYLE_USAGE(.BOTH.,#5760);
#5747=SURFACE_STYLE_USAGE(.BOTH.,#5761);
#5748=SURFACE_STYLE_USAGE(.BOTH.,#5762);
#5749=SURFACE_STYLE_USAGE(.BOTH.,#5763);
#5750=SURFACE_STYLE_USAGE(.BOTH.,#5764);
#5751=SURFACE_STYLE_USAGE(.BOTH.,#5765);
#5752=SURFACE_STYLE_USAGE(.BOTH.,#5766);
#5753=SURFACE_STYLE_USAGE(.BOTH.,#5767);
#5754=SURFACE_STYLE_USAGE(.BOTH.,#5768);
#5755=SURFACE_STYLE_USAGE(.BOTH.,#5769);
#5756=SURFACE_STYLE_USAGE(.BOTH.,#5770);
#5757=SURFACE_SIDE_STYLE('',(#5771));
#5758=SURFACE_SIDE_STYLE('',(#5772));
#5759=SURFACE_SIDE_STYLE('',(#5773));
#5760=SURFACE_SIDE_STYLE('',(#5774));
#5761=SURFACE_SIDE_STYLE('',(#5775));
#5762=SURFACE_SIDE_STYLE('',(#5776));
#5763=SURFACE_SIDE_STYLE('',(#5777));
#5764=SURFACE_SIDE_STYLE('',(#5778));
#5765=SURFACE_SIDE_STYLE('',(#5779));
#5766=SURFACE_SIDE_STYLE('',(#5780));
#5767=SURFACE_SIDE_STYLE('',(#5781));
#5768=SURFACE_SIDE_STYLE('',(#5782));
#5769=SURFACE_SIDE_STYLE('',(#5783));
#5770=SURFACE_SIDE_STYLE('',(#5784));
#5771=SURFACE_STYLE_FILL_AREA(#5785);
#5772=SURFACE_STYLE_FILL_AREA(#5786);
#5773=SURFACE_STYLE_FILL_AREA(#5787);
#5774=SURFACE_STYLE_FILL_AREA(#5788);
#5775=SURFACE_STYLE_FILL_AREA(#5789);
#5776=SURFACE_STYLE_FILL_AREA(#5790);
#5777=SURFACE_STYLE_FILL_AREA(#5791);
#5778=SURFACE_STYLE_FILL_AREA(#5792);
#5779=SURFACE_STYLE_FILL_AREA(#5793);
#5780=SURFACE_STYLE_FILL_AREA(#5794);
#5781=SURFACE_STYLE_FILL_AREA(#5795);
#5782=SURFACE_STYLE_FILL_AREA(#5796);
#5783=SURFACE_STYLE_FILL_AREA(#5797);
#5784=SURFACE_STYLE_FILL_AREA(#5798);
#5785=FILL_AREA_STYLE('',(#5799));
#5786=FILL_AREA_STYLE('',(#5800));
#5787=FILL_AREA_STYLE('',(#5801));
#5788=FILL_AREA_STYLE('',(#5802));
#5789=FILL_AREA_STYLE('',(#5803));
#5790=FILL_AREA_STYLE('',(#5804));
#5791=FILL_AREA_STYLE('',(#5805));
#5792=FILL_AREA_STYLE('',(#5806));
#5793=FILL_AREA_STYLE('',(#5807));
#5794=FILL_AREA_STYLE('',(#5808));
#5795=FILL_AREA_STYLE('',(#5809));
#5796=FILL_AREA_STYLE('',(#5810));
#5797=FILL_AREA_STYLE('',(#5811));
#5798=FILL_AREA_STYLE('',(#5812));
#5799=FILL_AREA_STYLE_COLOUR('',#5813);
#5800=FILL_AREA_STYLE_COLOUR('',#5813);
#5801=FILL_AREA_STYLE_COLOUR('',#5813);
#5802=FILL_AREA_STYLE_COLOUR('',#5813);
#5803=FILL_AREA_STYLE_COLOUR('',#5814);
#5804=FILL_AREA_STYLE_COLOUR('',#52);
#5805=FILL_AREA_STYLE_COLOUR('',#52);
#5806=FILL_AREA_STYLE_COLOUR('',#52);
#5807=FILL_AREA_STYLE_COLOUR('',#5813);
#5808=FILL_AREA_STYLE_COLOUR('',#5813);
#5809=FILL_AREA_STYLE_COLOUR('',#5813);
#5810=FILL_AREA_STYLE_COLOUR('',#53);
#5811=FILL_AREA_STYLE_COLOUR('',#53);
#5812=FILL_AREA_STYLE_COLOUR('',#5813);
#5813=COLOUR_RGB('',0.376470588235294,0.647058823529412,0.980392156862745);
#5814=COLOUR_RGB('',0.301960784313725,0.290196078431373,0.262745098039216);
#5815=MANIFOLD_SOLID_BREP('upper_ring',#5699);
#5816=MANIFOLD_SOLID_BREP('fin_can',#5700);
#5817=MANIFOLD_SOLID_BREP('sat_section',#5701);
#5818=MANIFOLD_SOLID_BREP('mid_ring',#5702);
#5819=MANIFOLD_SOLID_BREP('motor',#5703);
#5820=MANIFOLD_SOLID_BREP('motor_housing',#5706);
#5821=MANIFOLD_SOLID_BREP('bottom_recovery',#5709);
#5822=MANIFOLD_SOLID_BREP('lower_ring',#5710);
#5823=MANIFOLD_SOLID_BREP('bulk_head',#5711);
#5824=MANIFOLD_SOLID_BREP('servo',#5712);
#5825=MANIFOLD_SOLID_BREP('sat',#5713);
#5826=MANIFOLD_SOLID_BREP('top_recovery',#5714);
#5827=SHAPE_DEFINITION_REPRESENTATION(#11375,#5841);
#5828=SHAPE_DEFINITION_REPRESENTATION(#11376,#5842);
#5829=SHAPE_DEFINITION_REPRESENTATION(#11377,#5843);
#5830=SHAPE_DEFINITION_REPRESENTATION(#11378,#5844);
#5831=SHAPE_DEFINITION_REPRESENTATION(#11379,#5845);
#5832=SHAPE_DEFINITION_REPRESENTATION(#11380,#5846);
#5833=SHAPE_DEFINITION_REPRESENTATION(#11381,#5847);
#5834=SHAPE_DEFINITION_REPRESENTATION(#11382,#5848);
#5835=SHAPE_DEFINITION_REPRESENTATION(#11383,#5849);
#5836=SHAPE_DEFINITION_REPRESENTATION(#11384,#5850);
#5837=SHAPE_DEFINITION_REPRESENTATION(#11385,#5851);
#5838=SHAPE_DEFINITION_REPRESENTATION(#11386,#5852);
#5839=SHAPE_DEFINITION_REPRESENTATION(#11387,#5853);
#5840=SHAPE_DEFINITION_REPRESENTATION(#11388,#5854);
#5841=SHAPE_REPRESENTATION('upper_ring',(#5855),#11305);
#5842=SHAPE_REPRESENTATION('fin_can',(#5864),#11306);
#5843=SHAPE_REPRESENTATION('sat_section',(#5901),#11307);
#5844=SHAPE_REPRESENTATION('mid_ring',(#5926),#11308);
#5845=SHAPE_REPRESENTATION('motor',(#5935),#11309);
#5846=SHAPE_REPRESENTATION('transition',(#5946),#11310);
#5847=SHAPE_REPRESENTATION('motor_housing',(#5967),#11311);
#5848=SHAPE_REPRESENTATION('nosecone',(#6116),#11312);
#5849=SHAPE_REPRESENTATION('bottom_recovery',(#6173),#11313);
#5850=SHAPE_REPRESENTATION('lower_ring',(#6174),#11314);
#5851=SHAPE_REPRESENTATION('bulk_head',(#6183),#11315);
#5852=SHAPE_REPRESENTATION('servo',(#6188),#11316);
#5853=SHAPE_REPRESENTATION('sat',(#6189),#11317);
#5854=SHAPE_REPRESENTATION('top_recovery',(#6198),#11318);
#5855=AXIS2_PLACEMENT_3D('',#7297,#6203,#6204);
#5856=AXIS2_PLACEMENT_3D('',#7306,#6205,#6206);
#5857=AXIS2_PLACEMENT_3D('',#7312,#6207,#6208);
#5858=AXIS2_PLACEMENT_3D('',#7324,#6209,#6210);
#5859=AXIS2_PLACEMENT_3D('',#7330,#6211,#6212);
#5860=AXIS2_PLACEMENT_3D('',#7342,#6213,#6214);
#5861=AXIS2_PLACEMENT_3D('',#7343,#6215,#6216);
#5862=AXIS2_PLACEMENT_3D('',#7348,#6217,#6218);
#5863=AXIS2_PLACEMENT_3D('',#7357,#6219,#6220);
#5864=AXIS2_PLACEMENT_3D('',#7362,#6221,#6222);
#5865=AXIS2_PLACEMENT_3D('',#7374,#6224,#6225);
#5866=AXIS2_PLACEMENT_3D('',#7378,#6227,#6228);
#5867=AXIS2_PLACEMENT_3D('',#7382,#6230,#6231);
#5868=AXIS2_PLACEMENT_3D('',#7386,#6233,#6234);
#5869=AXIS2_PLACEMENT_3D('',#7387,#6235,#6236);
#5870=AXIS2_PLACEMENT_3D('',#7392,#6238,#6239);
#5871=AXIS2_PLACEMENT_3D('',#7395,#6241,#6242);
#5872=AXIS2_PLACEMENT_3D('',#7401,#6243,#6244);
#5873=AXIS2_PLACEMENT_3D('',#7405,#6246,#6247);
#5874=AXIS2_PLACEMENT_3D('',#7410,#6248,#6249);
#5875=AXIS2_PLACEMENT_3D('',#7415,#6250,#6251);
#5876=AXIS2_PLACEMENT_3D('',#7419,#6253,#6254);
#5877=AXIS2_PLACEMENT_3D('',#7431,#6255,#6256);
#5878=AXIS2_PLACEMENT_3D('',#7436,#6258,#6259);
#5879=AXIS2_PLACEMENT_3D('',#7439,#6261,#6262);
#5880=AXIS2_PLACEMENT_3D('',#7444,#6264,#6265);
#5881=AXIS2_PLACEMENT_3D('',#7458,#6270,#6271);
#5882=AXIS2_PLACEMENT_3D('',#7473,#6275,#6276);
#5883=AXIS2_PLACEMENT_3D('',#7494,#6280,#6281);
#5884=AXIS2_PLACEMENT_3D('',#7500,#6285,#6286);
#5885=AXIS2_PLACEMENT_3D('',#7517,#6293,#6294);
#5886=AXIS2_PLACEMENT_3D('',#7522,#6296,#6297);
#5887=AXIS2_PLACEMENT_3D('',#7525,#6299,#6300);
#5888=AXIS2_PLACEMENT_3D('',#7530,#6302,#6303);
#5889=AXIS2_PLACEMENT_3D('',#7541,#6305,#6306);
#5890=AXIS2_PLACEMENT_3D('',#7542,#6307,#6308);
#5891=AXIS2_PLACEMENT_3D('',#7546,#6310,#6311);
#5892=AXIS2_PLACEMENT_3D('',#7547,#6312,#6313);
#5893=AXIS2_PLACEMENT_3D('',#7548,#6314,#6315);
#5894=AXIS2_PLACEMENT_3D('',#7552,#6317,#6318);
#5895=AXIS2_PLACEMENT_3D('',#7553,#6319,#6320);
#5896=AXIS2_PLACEMENT_3D('',#7558,#6322,#6323);
#5897=AXIS2_PLACEMENT_3D('',#7564,#6326,#6327);
#5898=AXIS2_PLACEMENT_3D('',#7568,#6329,#6330);
#5899=AXIS2_PLACEMENT_3D('',#7572,#6332,#6333);
#5900=AXIS2_PLACEMENT_3D('',#7576,#6335,#6336);
#5901=AXIS2_PLACEMENT_3D('',#7745,#6369,#6370);
#5902=AXIS2_PLACEMENT_3D('',#7754,#6371,#6372);
#5903=AXIS2_PLACEMENT_3D('',#7760,#6373,#6374);
#5904=AXIS2_PLACEMENT_3D('',#7772,#6375,#6376);
#5905=AXIS2_PLACEMENT_3D('',#7777,#6378,#6379);
#5906=AXIS2_PLACEMENT_3D('',#7780,#6381,#6382);
#5907=AXIS2_PLACEMENT_3D('',#7785,#6384,#6385);
#5908=AXIS2_PLACEMENT_3D('',#7788,#6387,#6388);
#5909=AXIS2_PLACEMENT_3D('',#7794,#6389,#6390);
#5910=AXIS2_PLACEMENT_3D('',#7806,#6391,#6392);
#5911=AXIS2_PLACEMENT_3D('',#7807,#6393,#6394);
#5912=AXIS2_PLACEMENT_3D('',#7824,#6395,#6396);
#5913=AXIS2_PLACEMENT_3D('',#7829,#6398,#6399);
#5914=AXIS2_PLACEMENT_3D('',#7836,#6401,#6402);
#5915=AXIS2_PLACEMENT_3D('',#7841,#6403,#6404);
#5916=AXIS2_PLACEMENT_3D('',#7850,#6405,#6406);
#5917=AXIS2_PLACEMENT_3D('',#7855,#6408,#6409);
#5918=AXIS2_PLACEMENT_3D('',#7862,#6411,#6412);
#5919=AXIS2_PLACEMENT_3D('',#7867,#6413,#6414);
#5920=AXIS2_PLACEMENT_3D('',#7876,#6415,#6416);
#5921=AXIS2_PLACEMENT_3D('',#7877,#6417,#6418);
#5922=AXIS2_PLACEMENT_3D('',#7886,#6419,#6420);
#5923=AXIS2_PLACEMENT_3D('',#7887,#6421,#6422);
#5924=AXIS2_PLACEMENT_3D('',#7904,#6423,#6424);
#5925=AXIS2_PLACEMENT_3D('',#7905,#6425,#6426);
#5926=AXIS2_PLACEMENT_3D('',#7914,#6427,#6428);
#5927=AXIS2_PLACEMENT_3D('',#7923,#6429,#6430);
#5928=AXIS2_PLACEMENT_3D('',#7929,#6431,#6432);
#5929=AXIS2_PLACEMENT_3D('',#7941,#6433,#6434);
#5930=AXIS2_PLACEMENT_3D('',#7947,#6435,#6436);
#5931=AXIS2_PLACEMENT_3D('',#7955,#6437,#6438);
#5932=AXIS2_PLACEMENT_3D('',#7956,#6439,#6440);
#5933=AXIS2_PLACEMENT_3D('',#7965,#6441,#6442);
#5934=AXIS2_PLACEMENT_3D('',#7970,#6443,#6444);
#5935=AXIS2_PLACEMENT_3D('',#7979,#6445,#6446);
#5936=AXIS2_PLACEMENT_3D('',#7988,#6447,#6448);
#5937=AXIS2_PLACEMENT_3D('',#7994,#6449,#6450);
#5938=AXIS2_PLACEMENT_3D('',#8006,#6451,#6452);
#5939=AXIS2_PLACEMENT_3D('',#8010,#6453,#6454);
#5940=AXIS2_PLACEMENT_3D('',#8022,#6455,#6456);
#5941=AXIS2_PLACEMENT_3D('',#8036,#6457,#6458);
#5942=AXIS2_PLACEMENT_3D('',#8042,#6459,#6460);
#5943=AXIS2_PLACEMENT_3D('',#8054,#6461,#6462);
#5944=AXIS2_PLACEMENT_3D('',#8055,#6463,#6464);
#5945=AXIS2_PLACEMENT_3D('',#8064,#6465,#6466);
#5946=AXIS2_PLACEMENT_3D('',#8089,#6467,#6468);
#5947=AXIS2_PLACEMENT_3D('',#8098,#6469,#6470);
#5948=AXIS2_PLACEMENT_3D('',#8104,#6471,#6472);
#5949=AXIS2_PLACEMENT_3D('',#8116,#6473,#6474);
#5950=AXIS2_PLACEMENT_3D('',#8122,#6475,#6476);
#5951=AXIS2_PLACEMENT_3D('',#8134,#6477,#6478);
#5952=AXIS2_PLACEMENT_3D('',#8140,#6479,#6480);
#5953=AXIS2_PLACEMENT_3D('',#8148,#6481,#6482);
#5954=AXIS2_PLACEMENT_3D('',#8149,#6483,#6484);
#5955=AXIS2_PLACEMENT_3D('',#8158,#6485,#6486);
#5956=AXIS2_PLACEMENT_3D('',#8163,#6487,#6488);
#5957=AXIS2_PLACEMENT_3D('',#8172,#6489,#6490);
#5958=AXIS2_PLACEMENT_3D('',#8181,#6491,#6492);
#5959=AXIS2_PLACEMENT_3D('',#8198,#6493,#6494);
#5960=AXIS2_PLACEMENT_3D('',#8204,#6495,#6496);
#5961=AXIS2_PLACEMENT_3D('',#8216,#6497,#6498);
#5962=AXIS2_PLACEMENT_3D('',#8221,#6499,#6500);
#5963=AXIS2_PLACEMENT_3D('',#8232,#6501,#6502);
#5964=AXIS2_PLACEMENT_3D('',#8236,#6503,#6504);
#5965=AXIS2_PLACEMENT_3D('',#8244,#6505,#6506);
#5966=AXIS2_PLACEMENT_3D('',#8269,#6507,#6508);
#5967=AXIS2_PLACEMENT_3D('',#8274,#6509,#6510);
#5968=AXIS2_PLACEMENT_3D('',#8283,#6511,#6512);
#5969=AXIS2_PLACEMENT_3D('',#8289,#6513,#6514);
#5970=AXIS2_PLACEMENT_3D('',#8304,#6516,#6517);
#5971=AXIS2_PLACEMENT_3D('',#8308,#6519,#6520);
#5972=AXIS2_PLACEMENT_3D('',#8312,#6522,#6523);
#5973=AXIS2_PLACEMENT_3D('',#8316,#6525,#6526);
#5974=AXIS2_PLACEMENT_3D('',#8320,#6528,#6529);
#5975=AXIS2_PLACEMENT_3D('',#8324,#6531,#6532);
#5976=AXIS2_PLACEMENT_3D('',#8325,#6533,#6534);
#5977=AXIS2_PLACEMENT_3D('',#8331,#6535,#6536);
#5978=AXIS2_PLACEMENT_3D('',#8335,#6538,#6539);
#5979=AXIS2_PLACEMENT_3D('',#8340,#6540,#6541);
#5980=AXIS2_PLACEMENT_3D('',#8345,#6542,#6543);
#5981=AXIS2_PLACEMENT_3D('',#8349,#6545,#6546);
#5982=AXIS2_PLACEMENT_3D('',#8364,#6548,#6549);
#5983=AXIS2_PLACEMENT_3D('',#8366,#6550,#6551);
#5984=AXIS2_PLACEMENT_3D('',#8367,#6552,#6553);
#5985=AXIS2_PLACEMENT_3D('',#8379,#6555,#6556);
#5986=AXIS2_PLACEMENT_3D('',#8380,#6557,#6558);
#5987=AXIS2_PLACEMENT_3D('',#8392,#6560,#6561);
#5988=AXIS2_PLACEMENT_3D('',#8393,#6562,#6563);
#5989=AXIS2_PLACEMENT_3D('',#8405,#6565,#6566);
#5990=AXIS2_PLACEMENT_3D('',#8406,#6567,#6568);
#5991=AXIS2_PLACEMENT_3D('',#8418,#6570,#6571);
#5992=AXIS2_PLACEMENT_3D('',#8419,#6572,#6573);
#5993=AXIS2_PLACEMENT_3D('',#8431,#6575,#6576);
#5994=AXIS2_PLACEMENT_3D('',#8433,#6577,#6578);
#5995=AXIS2_PLACEMENT_3D('',#8434,#6579,#6580);
#5996=AXIS2_PLACEMENT_3D('',#8446,#6582,#6583);
#5997=AXIS2_PLACEMENT_3D('',#8447,#6584,#6585);
#5998=AXIS2_PLACEMENT_3D('',#8459,#6587,#6588);
#5999=AXIS2_PLACEMENT_3D('',#8463,#6590,#6591);
#6000=AXIS2_PLACEMENT_3D('',#8475,#6593,#6594);
#6001=AXIS2_PLACEMENT_3D('',#8479,#6596,#6597);
#6002=AXIS2_PLACEMENT_3D('',#8491,#6599,#6600);
#6003=AXIS2_PLACEMENT_3D('',#8495,#6602,#6603);
#6004=AXIS2_PLACEMENT_3D('',#8507,#6605,#6606);
#6005=AXIS2_PLACEMENT_3D('',#8511,#6608,#6609);
#6006=AXIS2_PLACEMENT_3D('',#8523,#6611,#6612);
#6007=AXIS2_PLACEMENT_3D('',#8527,#6614,#6615);
#6008=AXIS2_PLACEMENT_3D('',#8539,#6617,#6618);
#6009=AXIS2_PLACEMENT_3D('',#8543,#6620,#6621);
#6010=AXIS2_PLACEMENT_3D('',#8555,#6623,#6624);
#6011=AXIS2_PLACEMENT_3D('',#8559,#6626,#6627);
#6012=AXIS2_PLACEMENT_3D('',#8561,#6628,#6629);
#6013=AXIS2_PLACEMENT_3D('',#8573,#6631,#6632);
#6014=AXIS2_PLACEMENT_3D('',#8577,#6634,#6635);
#6015=AXIS2_PLACEMENT_3D('',#8589,#6637,#6638);
#6016=AXIS2_PLACEMENT_3D('',#8590,#6639,#6640);
#6017=AXIS2_PLACEMENT_3D('',#8595,#6641,#6642);
#6018=AXIS2_PLACEMENT_3D('',#8596,#6643,#6644);
#6019=AXIS2_PLACEMENT_3D('',#8605,#6645,#6646);
#6020=AXIS2_PLACEMENT_3D('',#8614,#6647,#6648);
#6021=AXIS2_PLACEMENT_3D('',#8615,#6649,#6650);
#6022=AXIS2_PLACEMENT_3D('',#8616,#6651,#6652);
#6023=AXIS2_PLACEMENT_3D('',#8617,#6653,#6654);
#6024=AXIS2_PLACEMENT_3D('',#8618,#6655,#6656);
#6025=AXIS2_PLACEMENT_3D('',#8619,#6657,#6658);
#6026=AXIS2_PLACEMENT_3D('',#8620,#6659,#6660);
#6027=AXIS2_PLACEMENT_3D('',#8621,#6661,#6662);
#6028=AXIS2_PLACEMENT_3D('',#8622,#6663,#6664);
#6029=AXIS2_PLACEMENT_3D('',#8623,#6665,#6666);
#6030=AXIS2_PLACEMENT_3D('',#8624,#6667,#6668);
#6031=AXIS2_PLACEMENT_3D('',#8636,#6670,#6671);
#6032=AXIS2_PLACEMENT_3D('',#8645,#6676,#6677);
#6033=AXIS2_PLACEMENT_3D('',#8657,#6681,#6682);
#6034=AXIS2_PLACEMENT_3D('',#8665,#6686,#6687);
#6035=AXIS2_PLACEMENT_3D('',#8695,#6695,#6696);
#6036=AXIS2_PLACEMENT_3D('',#8717,#6705,#6706);
#6037=AXIS2_PLACEMENT_3D('',#8735,#6713,#6714);
#6038=AXIS2_PLACEMENT_3D('',#8739,#6716,#6717);
#6039=AXIS2_PLACEMENT_3D('',#8780,#6730,#6731);
#6040=AXIS2_PLACEMENT_3D('',#8788,#6735,#6736);
#6041=AXIS2_PLACEMENT_3D('',#8801,#6741,#6742);
#6042=AXIS2_PLACEMENT_3D('',#8810,#6747,#6748);
#6043=AXIS2_PLACEMENT_3D('',#8839,#6755,#6756);
#6044=AXIS2_PLACEMENT_3D('',#8861,#6765,#6766);
#6045=AXIS2_PLACEMENT_3D('',#8879,#6773,#6774);
#6046=AXIS2_PLACEMENT_3D('',#8883,#6776,#6777);
#6047=AXIS2_PLACEMENT_3D('',#8924,#6790,#6791);
#6048=AXIS2_PLACEMENT_3D('',#8932,#6795,#6796);
#6049=AXIS2_PLACEMENT_3D('',#8945,#6801,#6802);
#6050=AXIS2_PLACEMENT_3D('',#8954,#6807,#6808);
#6051=AXIS2_PLACEMENT_3D('',#8983,#6815,#6816);
#6052=AXIS2_PLACEMENT_3D('',#9005,#6825,#6826);
#6053=AXIS2_PLACEMENT_3D('',#9023,#6833,#6834);
#6054=AXIS2_PLACEMENT_3D('',#9027,#6836,#6837);
#6055=AXIS2_PLACEMENT_3D('',#9068,#6850,#6851);
#6056=AXIS2_PLACEMENT_3D('',#9076,#6855,#6856);
#6057=AXIS2_PLACEMENT_3D('',#9089,#6861,#6862);
#6058=AXIS2_PLACEMENT_3D('',#9098,#6867,#6868);
#6059=AXIS2_PLACEMENT_3D('',#9127,#6875,#6876);
#6060=AXIS2_PLACEMENT_3D('',#9149,#6885,#6886);
#6061=AXIS2_PLACEMENT_3D('',#9167,#6893,#6894);
#6062=AXIS2_PLACEMENT_3D('',#9171,#6896,#6897);
#6063=AXIS2_PLACEMENT_3D('',#9251,#6909,#6910);
#6064=AXIS2_PLACEMENT_3D('',#9253,#6911,#6912);
#6065=AXIS2_PLACEMENT_3D('',#9255,#6913,#6914);
#6066=AXIS2_PLACEMENT_3D('',#9256,#6915,#6916);
#6067=AXIS2_PLACEMENT_3D('',#9287,#6917,#6918);
#6068=AXIS2_PLACEMENT_3D('',#9289,#6919,#6920);
#6069=AXIS2_PLACEMENT_3D('',#9291,#6921,#6922);
#6070=AXIS2_PLACEMENT_3D('',#9292,#6923,#6924);
#6071=AXIS2_PLACEMENT_3D('',#9323,#6925,#6926);
#6072=AXIS2_PLACEMENT_3D('',#9325,#6927,#6928);
#6073=AXIS2_PLACEMENT_3D('',#9327,#6929,#6930);
#6074=AXIS2_PLACEMENT_3D('',#9328,#6931,#6932);
#6075=AXIS2_PLACEMENT_3D('',#9359,#6933,#6934);
#6076=AXIS2_PLACEMENT_3D('',#9361,#6935,#6936);
#6077=AXIS2_PLACEMENT_3D('',#9363,#6937,#6938);
#6078=AXIS2_PLACEMENT_3D('',#9364,#6939,#6940);
#6079=AXIS2_PLACEMENT_3D('',#9389,#6941,#6942);
#6080=AXIS2_PLACEMENT_3D('',#9391,#6943,#6944);
#6081=AXIS2_PLACEMENT_3D('',#9400,#6945,#6946);
#6082=AXIS2_PLACEMENT_3D('',#9402,#6947,#6948);
#6083=AXIS2_PLACEMENT_3D('',#9419,#6949,#6950);
#6084=AXIS2_PLACEMENT_3D('',#9428,#6951,#6952);
#6085=AXIS2_PLACEMENT_3D('',#9445,#6953,#6954);
#6086=AXIS2_PLACEMENT_3D('',#9454,#6955,#6956);
#6087=AXIS2_PLACEMENT_3D('',#9456,#6957,#6958);
#6088=AXIS2_PLACEMENT_3D('',#9473,#6959,#6960);
#6089=AXIS2_PLACEMENT_3D('',#9475,#6961,#6962);
#6090=AXIS2_PLACEMENT_3D('',#9477,#6963,#6964);
#6091=AXIS2_PLACEMENT_3D('',#9478,#6965,#6966);
#6092=AXIS2_PLACEMENT_3D('',#9503,#6967,#6968);
#6093=AXIS2_PLACEMENT_3D('',#9512,#6969,#6970);
#6094=AXIS2_PLACEMENT_3D('',#9529,#6971,#6972);
#6095=AXIS2_PLACEMENT_3D('',#9538,#6973,#6974);
#6096=AXIS2_PLACEMENT_3D('',#9540,#6975,#6976);
#6097=AXIS2_PLACEMENT_3D('',#9557,#6977,#6978);
#6098=AXIS2_PLACEMENT_3D('',#9559,#6979,#6980);
#6099=AXIS2_PLACEMENT_3D('',#9568,#6981,#6982);
#6100=AXIS2_PLACEMENT_3D('',#9585,#6983,#6984);
#6101=AXIS2_PLACEMENT_3D('',#9594,#6985,#6986);
#6102=AXIS2_PLACEMENT_3D('',#9611,#6987,#6988);
#6103=AXIS2_PLACEMENT_3D('',#9613,#6989,#6990);
#6104=AXIS2_PLACEMENT_3D('',#9622,#6991,#6992);
#6105=AXIS2_PLACEMENT_3D('',#9624,#6993,#6994);
#6106=AXIS2_PLACEMENT_3D('',#9641,#6995,#6996);
#6107=AXIS2_PLACEMENT_3D('',#9643,#6997,#6998);
#6108=AXIS2_PLACEMENT_3D('',#9652,#6999,#7000);
#6109=AXIS2_PLACEMENT_3D('',#9654,#7001,#7002);
#6110=AXIS2_PLACEMENT_3D('',#9671,#7003,#7004);
#6111=AXIS2_PLACEMENT_3D('',#9680,#7005,#7006);
#6112=AXIS2_PLACEMENT_3D('',#9682,#7007,#7008);
#6113=AXIS2_PLACEMENT_3D('',#9699,#7009,#7010);
#6114=AXIS2_PLACEMENT_3D('',#9708,#7011,#7012);
#6115=AXIS2_PLACEMENT_3D('',#9710,#7013,#7014);
#6116=AXIS2_PLACEMENT_3D('',#9719,#7015,#7016);
#6117=AXIS2_PLACEMENT_3D('',#9728,#7017,#7018);
#6118=AXIS2_PLACEMENT_3D('',#9734,#7019,#7020);
#6119=AXIS2_PLACEMENT_3D('',#9765,#7021,#7022);
#6120=AXIS2_PLACEMENT_3D('',#9774,#7023,#7024);
#6121=AXIS2_PLACEMENT_3D('',#9780,#7025,#7026);
#6122=AXIS2_PLACEMENT_3D('',#9785,#7027,#7028);
#6123=AXIS2_PLACEMENT_3D('',#9789,#7030,#7031);
#6124=AXIS2_PLACEMENT_3D('',#9793,#7033,#7034);
#6125=AXIS2_PLACEMENT_3D('',#9797,#7036,#7037);
#6126=AXIS2_PLACEMENT_3D('',#9808,#7039,#7040);
#6127=AXIS2_PLACEMENT_3D('',#9814,#7041,#7042);
#6128=AXIS2_PLACEMENT_3D('',#9819,#7043,#7044);
#6129=AXIS2_PLACEMENT_3D('',#9823,#7046,#7047);
#6130=AXIS2_PLACEMENT_3D('',#9834,#7049,#7050);
#6131=AXIS2_PLACEMENT_3D('',#9838,#7052,#7053);
#6132=AXIS2_PLACEMENT_3D('',#9842,#7055,#7056);
#6133=AXIS2_PLACEMENT_3D('',#9843,#7057,#7058);
#6134=AXIS2_PLACEMENT_3D('',#9852,#7059,#7060);
#6135=AXIS2_PLACEMENT_3D('',#9856,#7062,#7063);
#6136=AXIS2_PLACEMENT_3D('',#9860,#7065,#7066);
#6137=AXIS2_PLACEMENT_3D('',#9864,#7068,#7069);
#6138=AXIS2_PLACEMENT_3D('',#9868,#7071,#7072);
#6139=AXIS2_PLACEMENT_3D('',#9869,#7073,#7074);
#6140=AXIS2_PLACEMENT_3D('',#9874,#7075,#7076);
#6141=AXIS2_PLACEMENT_3D('',#9875,#7077,#7078);
#6142=AXIS2_PLACEMENT_3D('',#9896,#7079,#7080);
#6143=AXIS2_PLACEMENT_3D('',#9919,#7087,#7088);
#6144=AXIS2_PLACEMENT_3D('',#9922,#7089,#7090);
#6145=AXIS2_PLACEMENT_3D('',#9923,#7091,#7092);
#6146=AXIS2_PLACEMENT_3D('',#9925,#7093,#7094);
#6147=AXIS2_PLACEMENT_3D('',#9927,#7095,#7096);
#6148=AXIS2_PLACEMENT_3D('',#9928,#7097,#7098);
#6149=AXIS2_PLACEMENT_3D('',#9930,#7099,#7100);
#6150=AXIS2_PLACEMENT_3D('',#9932,#7101,#7102);
#6151=AXIS2_PLACEMENT_3D('',#9933,#7103,#7104);
#6152=AXIS2_PLACEMENT_3D('',#9935,#7105,#7106);
#6153=AXIS2_PLACEMENT_3D('',#9937,#7107,#7108);
#6154=AXIS2_PLACEMENT_3D('',#9938,#7109,#7110);
#6155=AXIS2_PLACEMENT_3D('',#9953,#7112,#7113);
#6156=AXIS2_PLACEMENT_3D('',#9960,#7115,#7116);
#6157=AXIS2_PLACEMENT_3D('',#9961,#7117,#7118);
#6158=AXIS2_PLACEMENT_3D('',#9988,#7120,#7121);
#6159=AXIS2_PLACEMENT_3D('',#9995,#7123,#7124);
#6160=AXIS2_PLACEMENT_3D('',#9996,#7125,#7126);
#6161=AXIS2_PLACEMENT_3D('',#10023,#7128,#7129);
#6162=AXIS2_PLACEMENT_3D('',#10030,#7131,#7132);
#6163=AXIS2_PLACEMENT_3D('',#10031,#7133,#7134);
#6164=AXIS2_PLACEMENT_3D('',#10058,#7136,#7137);
#6165=AXIS2_PLACEMENT_3D('',#10065,#7139,#7140);
#6166=AXIS2_PLACEMENT_3D('',#10066,#7141,#7142);
#6167=AXIS2_PLACEMENT_3D('',#10294,#7153,#7154);
#6168=AXIS2_PLACEMENT_3D('',#10303,#7155,#7156);
#6169=AXIS2_PLACEMENT_3D('',#10309,#7157,#7158);
#6170=AXIS2_PLACEMENT_3D('',#10317,#7159,#7160);
#6171=AXIS2_PLACEMENT_3D('',#10318,#7161,#7162);
#6172=AXIS2_PLACEMENT_3D('',#10323,#7163,#7164);
#6173=AXIS2_PLACEMENT_3D('',#10440,#7165,#7166);
#6174=AXIS2_PLACEMENT_3D('',#10565,#7167,#7168);
#6175=AXIS2_PLACEMENT_3D('',#10574,#7169,#7170);
#6176=AXIS2_PLACEMENT_3D('',#10580,#7171,#7172);
#6177=AXIS2_PLACEMENT_3D('',#10592,#7173,#7174);
#6178=AXIS2_PLACEMENT_3D('',#10598,#7175,#7176);
#6179=AXIS2_PLACEMENT_3D('',#10606,#7177,#7178);
#6180=AXIS2_PLACEMENT_3D('',#10607,#7179,#7180);
#6181=AXIS2_PLACEMENT_3D('',#10616,#7181,#7182);
#6182=AXIS2_PLACEMENT_3D('',#10621,#7183,#7184);
#6183=AXIS2_PLACEMENT_3D('',#10630,#7185,#7186);
#6184=AXIS2_PLACEMENT_3D('',#10639,#7187,#7188);
#6185=AXIS2_PLACEMENT_3D('',#10645,#7189,#7190);
#6186=AXIS2_PLACEMENT_3D('',#10657,#7191,#7192);
#6187=AXIS2_PLACEMENT_3D('',#10658,#7193,#7194);
#6188=AXIS2_PLACEMENT_3D('',#10667,#7195,#7196);
#6189=AXIS2_PLACEMENT_3D('',#10868,#7257,#7258);
#6190=AXIS2_PLACEMENT_3D('',#10897,#7259,#7260);
#6191=AXIS2_PLACEMENT_3D('',#10905,#7261,#7262);
#6192=AXIS2_PLACEMENT_3D('',#10919,#7263,#7264);
#6193=AXIS2_PLACEMENT_3D('',#10923,#7265,#7266);
#6194=AXIS2_PLACEMENT_3D('',#10955,#7267,#7268);
#6195=AXIS2_PLACEMENT_3D('',#10962,#7269,#7270);
#6196=AXIS2_PLACEMENT_3D('',#10995,#7271,#7272);
#6197=AXIS2_PLACEMENT_3D('',#11032,#7273,#7274);
#6198=AXIS2_PLACEMENT_3D('',#11041,#7275,#7276);
#6199=AXIS2_PLACEMENT_3D('',#11130,#7277,#7278);
#6200=AXIS2_PLACEMENT_3D('',#11141,#7279,#7280);
#6201=AXIS2_PLACEMENT_3D('',#11175,#7281,#7282);
#6202=AXIS2_PLACEMENT_3D('',#11187,#7283,#7284);
#6203=DIRECTION('',(0.,0.,1.));
#6204=DIRECTION('',(1.,0.,0.));
#6205=DIRECTION('',(0.,0.,1.));
#6206=DIRECTION('',(1.,0.,0.));
#6207=DIRECTION('',(0.,0.,1.));
#6208=DIRECTION('',(1.,0.,0.));
#6209=DIRECTION('',(0.,0.,1.));
#6210=DIRECTION('',(1.,0.,0.));
#6211=DIRECTION('',(0.,0.,1.));
#6212=DIRECTION('',(1.,0.,0.));
#6213=DIRECTION('',(0.,0.,1.));
#6214=DIRECTION('',(1.,0.,0.));
#6215=DIRECTION('',(0.,0.,1.));
#6216=DIRECTION('',(1.,0.,0.));
#6217=DIRECTION('',(0.,0.,1.));
#6218=DIRECTION('',(1.,0.,0.));
#6219=DIRECTION('',(0.,0.,1.));
#6220=DIRECTION('',(1.,0.,0.));
#6221=DIRECTION('',(0.,0.,1.));
#6222=DIRECTION('',(1.,0.,0.));
#6223=DIRECTION('',(0.,0.,1.));
#6224=DIRECTION('',(4.32978028117746E-17,4.32978028117746E-17,1.));
#6225=DIRECTION('',(1.,0.,-4.32978028117746E-17));
#6226=DIRECTION('',(0.,0.,1.));
#6227=DIRECTION('',(-4.32978028117746E-17,-4.32978028117746E-17,-1.));
#6228=DIRECTION('',(-1.,0.,4.32978028117746E-17));
#6229=DIRECTION('',(0.,0.,1.));
#6230=DIRECTION('',(4.32978028117746E-17,-4.32978028117746E-17,1.));
#6231=DIRECTION('',(0.,-1.,-4.32978028117746E-17));
#6232=DIRECTION('',(0.,0.,1.));
#6233=DIRECTION('',(-4.32978028117746E-17,4.32978028117746E-17,-1.));
#6234=DIRECTION('',(-1.,0.,4.32978028117746E-17));
#6235=DIRECTION('',(0.,0.,1.));
#6236=DIRECTION('',(1.,0.,0.));
#6237=DIRECTION('',(0.,0.,1.));
#6238=DIRECTION('',(0.,0.,-1.));
#6239=DIRECTION('',(-1.,0.,0.));
#6240=DIRECTION('',(0.,0.,1.));
#6241=DIRECTION('',(0.,0.,1.));
#6242=DIRECTION('',(1.,0.,0.));
#6243=DIRECTION('',(0.,0.,-1.));
#6244=DIRECTION('',(-1.,0.,0.));
#6245=DIRECTION('',(0.,0.,1.));
#6246=DIRECTION('',(0.,0.,1.));
#6247=DIRECTION('',(1.,0.,0.));
#6248=DIRECTION('',(0.,0.,1.));
#6249=DIRECTION('',(1.,0.,0.));
#6250=DIRECTION('',(0.,0.,1.));
#6251=DIRECTION('',(1.,0.,0.));
#6252=DIRECTION('',(0.,0.,1.));
#6253=DIRECTION('',(0.,0.,-1.));
#6254=DIRECTION('',(-1.,0.,0.));
#6255=DIRECTION('',(4.32978028117746E-17,-4.32978028117746E-17,-1.));
#6256=DIRECTION('',(-1.,0.,-4.32978028117746E-17));
#6257=DIRECTION('',(0.,0.,1.));
#6258=DIRECTION('',(-4.32978028117746E-17,4.32978028117746E-17,1.));
#6259=DIRECTION('',(1.,0.,4.32978028117746E-17));
#6260=DIRECTION('',(0.,0.,1.));
#6261=DIRECTION('',(4.32978028117746E-17,4.32978028117746E-17,-1.));
#6262=DIRECTION('',(0.,1.,4.32978028117746E-17));
#6263=DIRECTION('',(0.,0.,1.));
#6264=DIRECTION('',(-4.32978028117746E-17,-4.32978028117746E-17,1.));
#6265=DIRECTION('',(1.,0.,4.32978028117746E-17));
#6266=DIRECTION('',(0.,0.,1.));
#6267=DIRECTION('',(0.,0.,1.));
#6268=DIRECTION('',(-1.,-1.83697019872103E-16,0.));
#6269=DIRECTION('',(0.,0.,1.));
#6270=DIRECTION('',(0.,0.,1.));
#6271=DIRECTION('',(1.,0.,0.));
#6272=DIRECTION('',(1.22464679914735E-16,-1.,0.));
#6273=DIRECTION('',(0.,0.,1.));
#6274=DIRECTION('',(1.22464679914735E-16,-1.,0.));
#6275=DIRECTION('',(0.,0.,1.));
#6276=DIRECTION('',(1.,0.,0.));
#6277=DIRECTION('',(0.,1.,0.));
#6278=DIRECTION('',(0.,0.,1.));
#6279=DIRECTION('',(0.,1.,0.));
#6280=DIRECTION('',(0.,0.,1.));
#6281=DIRECTION('',(1.,0.,0.));
#6282=DIRECTION('',(0.,1.,0.));
#6283=DIRECTION('',(0.,0.,1.));
#6284=DIRECTION('',(0.,1.,0.));
#6285=DIRECTION('',(0.,0.,1.));
#6286=DIRECTION('',(1.,0.,0.));
#6287=DIRECTION('',(1.22464679914735E-16,-1.,0.));
#6288=DIRECTION('',(0.,0.,1.));
#6289=DIRECTION('',(1.22464679914735E-16,-1.,0.));
#6290=DIRECTION('',(0.,0.,1.));
#6291=DIRECTION('',(1.,6.12323399573677E-17,0.));
#6292=DIRECTION('',(0.,0.,1.));
#6293=DIRECTION('',(-4.32978028117746E-17,-4.32978028117746E-17,-1.));
#6294=DIRECTION('',(-1.,0.,4.32978028117746E-17));
#6295=DIRECTION('',(0.,0.,1.));
#6296=DIRECTION('',(4.32978028117746E-17,4.32978028117746E-17,1.));
#6297=DIRECTION('',(1.,0.,-4.32978028117746E-17));
#6298=DIRECTION('',(0.,0.,1.));
#6299=DIRECTION('',(-4.32978028117746E-17,4.32978028117746E-17,-1.));
#6300=DIRECTION('',(-1.,0.,4.32978028117746E-17));
#6301=DIRECTION('',(0.,0.,1.));
#6302=DIRECTION('',(4.32978028117746E-17,-4.32978028117746E-17,1.));
#6303=DIRECTION('',(0.,-1.,-4.32978028117746E-17));
#6304=DIRECTION('',(0.,0.,1.));
#6305=DIRECTION('',(0.,0.,1.));
#6306=DIRECTION('',(1.,0.,0.));
#6307=DIRECTION('',(0.,0.,-1.));
#6308=DIRECTION('',(-1.,0.,0.));
#6309=DIRECTION('',(0.,0.,1.));
#6310=DIRECTION('',(0.,0.,1.));
#6311=DIRECTION('',(1.,0.,0.));
#6312=DIRECTION('',(0.,0.,1.));
#6313=DIRECTION('',(1.,0.,0.));
#6314=DIRECTION('',(0.,0.,1.));
#6315=DIRECTION('',(1.,0.,0.));
#6316=DIRECTION('',(0.,0.,1.));
#6317=DIRECTION('',(0.,0.,-1.));
#6318=DIRECTION('',(-1.,0.,0.));
#6319=DIRECTION('',(0.,0.,1.));
#6320=DIRECTION('',(1.,0.,0.));
#6321=DIRECTION('',(0.,0.,1.));
#6322=DIRECTION('',(0.,0.,-1.));
#6323=DIRECTION('',(-1.,0.,0.));
#6324=DIRECTION('',(0.,0.,1.));
#6325=DIRECTION('',(0.,0.,1.));
#6326=DIRECTION('',(-4.32978028117746E-17,4.32978028117746E-17,1.));
#6327=DIRECTION('',(1.,0.,4.32978028117746E-17));
#6328=DIRECTION('',(0.,0.,1.));
#6329=DIRECTION('',(4.32978028117746E-17,-4.32978028117746E-17,-1.));
#6330=DIRECTION('',(-1.,0.,-4.32978028117746E-17));
#6331=DIRECTION('',(0.,0.,1.));
#6332=DIRECTION('',(-4.32978028117746E-17,-4.32978028117746E-17,1.));
#6333=DIRECTION('',(1.,0.,4.32978028117746E-17));
#6334=DIRECTION('',(0.,0.,1.));
#6335=DIRECTION('',(4.32978028117746E-17,4.32978028117746E-17,-1.));
#6336=DIRECTION('',(0.,1.,4.32978028117746E-17));
#6337=DIRECTION('',(0.707106781186548,0.707106781186548,6.79815536723446E-33));
#6338=DIRECTION('',(0.707106781186548,0.707106781186548,6.79815536723446E-33));
#6339=DIRECTION('',(-0.707106781186548,-0.707106781186548,0.));
#6340=DIRECTION('',(-0.707106781186548,-0.707106781186548,0.));
#6341=DIRECTION('',(1.83697019872103E-16,-1.,0.));
#6342=DIRECTION('',(1.83697019872103E-16,-1.,0.));
#6343=DIRECTION('',(-1.83697019872103E-16,1.,0.));
#6344=DIRECTION('',(-1.83697019872103E-16,1.,0.));
#6345=DIRECTION('',(-0.707106781186548,0.707106781186548,6.79815536723446E-33));
#6346=DIRECTION('',(-0.707106781186548,0.707106781186548,6.79815536723446E-33));
#6347=DIRECTION('',(0.707106781186548,-0.707106781186548,0.));
#6348=DIRECTION('',(0.707106781186548,-0.707106781186548,0.));
#6349=DIRECTION('',(1.,1.22464679914735E-16,0.));
#6350=DIRECTION('',(1.,1.22464679914735E-16,0.));
#6351=DIRECTION('',(-1.,-1.22464679914735E-16,0.));
#6352=DIRECTION('',(-1.,-1.22464679914735E-16,0.));
#6353=DIRECTION('',(-0.707106781186548,-0.707106781186547,6.79815536723446E-33));
#6354=DIRECTION('',(-0.707106781186548,-0.707106781186547,6.79815536723446E-33));
#6355=DIRECTION('',(0.707106781186548,0.707106781186548,0.));
#6356=DIRECTION('',(0.707106781186548,0.707106781186548,0.));
#6357=DIRECTION('',(-6.12323399573677E-17,1.,0.));
#6358=DIRECTION('',(-6.12323399573677E-17,1.,0.));
#6359=DIRECTION('',(6.12323399573677E-17,-1.,0.));
#6360=DIRECTION('',(6.12323399573677E-17,-1.,0.));
#6361=DIRECTION('',(0.707106781186547,-0.707106781186548,6.79815536723446E-33));
#6362=DIRECTION('',(0.707106781186547,-0.707106781186548,6.79815536723446E-33));
#6363=DIRECTION('',(-0.707106781186548,0.707106781186548,0.));
#6364=DIRECTION('',(-0.707106781186548,0.707106781186548,0.));
#6365=DIRECTION('',(-1.,0.,0.));
#6366=DIRECTION('',(1.,0.,0.));
#6367=DIRECTION('',(1.,0.,0.));
#6368=DIRECTION('',(-1.,0.,0.));
#6369=DIRECTION('',(0.,0.,1.));
#6370=DIRECTION('',(1.,0.,0.));
#6371=DIRECTION('',(0.,0.,1.));
#6372=DIRECTION('',(1.,0.,0.));
#6373=DIRECTION('',(0.,0.,1.));
#6374=DIRECTION('',(1.,0.,0.));
#6375=DIRECTION('',(0.,0.,1.));
#6376=DIRECTION('',(1.,0.,0.));
#6377=DIRECTION('',(0.,0.,-1.));
#6378=DIRECTION('',(0.,0.,1.));
#6379=DIRECTION('',(1.,0.,0.));
#6380=DIRECTION('',(0.,0.,-1.));
#6381=DIRECTION('',(0.,0.,1.));
#6382=DIRECTION('',(-1.83697019872103E-16,-1.,0.));
#6383=DIRECTION('',(0.,0.,-1.));
#6384=DIRECTION('',(0.,0.,1.));
#6385=DIRECTION('',(-1.83697019872103E-16,-1.,0.));
#6386=DIRECTION('',(0.,0.,-1.));
#6387=DIRECTION('',(0.,0.,1.));
#6388=DIRECTION('',(1.,0.,0.));
#6389=DIRECTION('',(0.,0.,1.));
#6390=DIRECTION('',(1.,0.,0.));
#6391=DIRECTION('',(0.,0.,-1.));
#6392=DIRECTION('',(1.83697019872103E-16,1.,0.));
#6393=DIRECTION('',(0.,0.,-1.));
#6394=DIRECTION('',(1.83697019872103E-16,1.,0.));
#6395=DIRECTION('',(0.,0.,-1.));
#6396=DIRECTION('',(1.,-1.22464679914735E-16,0.));
#6397=DIRECTION('',(0.,0.,-1.));
#6398=DIRECTION('',(0.,0.,-1.));
#6399=DIRECTION('',(1.,-1.22464679914735E-16,0.));
#6400=DIRECTION('',(0.,0.,-1.));
#6401=DIRECTION('',(0.,0.,1.));
#6402=DIRECTION('',(-1.,1.22464679914735E-16,0.));
#6403=DIRECTION('',(0.,0.,1.));
#6404=DIRECTION('',(-1.,1.22464679914735E-16,0.));
#6405=DIRECTION('',(0.,0.,-1.));
#6406=DIRECTION('',(-6.12323399573677E-17,-1.,0.));
#6407=DIRECTION('',(0.,0.,-1.));
#6408=DIRECTION('',(0.,0.,-1.));
#6409=DIRECTION('',(-6.12323399573677E-17,-1.,0.));
#6410=DIRECTION('',(0.,0.,-1.));
#6411=DIRECTION('',(0.,0.,1.));
#6412=DIRECTION('',(6.12323399573677E-17,1.,0.));
#6413=DIRECTION('',(0.,0.,1.));
#6414=DIRECTION('',(6.12323399573677E-17,1.,0.));
#6415=DIRECTION('',(0.,0.,1.));
#6416=DIRECTION('',(1.,0.,0.));
#6417=DIRECTION('',(0.,0.,1.));
#6418=DIRECTION('',(1.,0.,0.));
#6419=DIRECTION('',(0.,0.,1.));
#6420=DIRECTION('',(1.,0.,0.));
#6421=DIRECTION('',(0.,0.,1.));
#6422=DIRECTION('',(1.,0.,0.));
#6423=DIRECTION('',(0.,0.,-1.));
#6424=DIRECTION('',(-1.,0.,0.));
#6425=DIRECTION('',(0.,0.,-1.));
#6426=DIRECTION('',(-1.,0.,0.));
#6427=DIRECTION('',(0.,0.,1.));
#6428=DIRECTION('',(1.,0.,0.));
#6429=DIRECTION('',(0.,0.,1.));
#6430=DIRECTION('',(1.,0.,0.));
#6431=DIRECTION('',(0.,0.,1.));
#6432=DIRECTION('',(1.,0.,0.));
#6433=DIRECTION('',(0.,0.,1.));
#6434=DIRECTION('',(1.,0.,0.));
#6435=DIRECTION('',(0.,0.,1.));
#6436=DIRECTION('',(1.,0.,0.));
#6437=DIRECTION('',(0.,0.,1.));
#6438=DIRECTION('',(1.,0.,0.));
#6439=DIRECTION('',(0.,0.,1.));
#6440=DIRECTION('',(1.,0.,0.));
#6441=DIRECTION('',(0.,0.,1.));
#6442=DIRECTION('',(1.,0.,0.));
#6443=DIRECTION('',(0.,0.,1.));
#6444=DIRECTION('',(1.,0.,0.));
#6445=DIRECTION('',(0.,0.,1.));
#6446=DIRECTION('',(1.,0.,0.));
#6447=DIRECTION('',(0.,0.,1.));
#6448=DIRECTION('',(1.,0.,0.));
#6449=DIRECTION('',(0.,0.,1.));
#6450=DIRECTION('',(1.,0.,0.));
#6451=DIRECTION('',(0.,0.,1.));
#6452=DIRECTION('',(1.,0.,0.));
#6453=DIRECTION('',(0.,0.,1.));
#6454=DIRECTION('',(1.,0.,0.));
#6455=DIRECTION('',(0.,0.,1.));
#6456=DIRECTION('',(1.,0.,0.));
#6457=DIRECTION('',(0.,0.,-1.));
#6458=DIRECTION('',(-1.,0.,0.));
#6459=DIRECTION('',(0.,0.,-1.));
#6460=DIRECTION('',(-1.,0.,0.));
#6461=DIRECTION('',(0.,0.,-1.));
#6462=DIRECTION('',(-1.,0.,0.));
#6463=DIRECTION('',(0.,0.,-1.));
#6464=DIRECTION('',(-1.,0.,0.));
#6465=DIRECTION('',(0.,0.,1.));
#6466=DIRECTION('',(1.,0.,0.));
#6467=DIRECTION('',(0.,0.,1.));
#6468=DIRECTION('',(1.,0.,0.));
#6469=DIRECTION('',(0.,0.,-1.));
#6470=DIRECTION('',(-1.,0.,0.));
#6471=DIRECTION('',(0.,0.,-1.));
#6472=DIRECTION('',(-1.,0.,0.));
#6473=DIRECTION('',(0.,0.,-1.));
#6474=DIRECTION('',(-1.,0.,0.));
#6475=DIRECTION('',(0.,0.,-1.));
#6476=DIRECTION('',(-1.,0.,0.));
#6477=DIRECTION('',(0.,0.,-1.));
#6478=DIRECTION('',(-1.,0.,0.));
#6479=DIRECTION('',(0.,0.,-1.));
#6480=DIRECTION('',(-1.,0.,0.));
#6481=DIRECTION('',(0.,0.,-1.));
#6482=DIRECTION('',(-1.,0.,0.));
#6483=DIRECTION('',(0.,0.,-1.));
#6484=DIRECTION('',(-1.,0.,0.));
#6485=DIRECTION('',(0.,0.,-1.));
#6486=DIRECTION('',(-1.,0.,0.));
#6487=DIRECTION('',(0.,0.,-1.));
#6488=DIRECTION('',(-1.,0.,0.));
#6489=DIRECTION('',(0.,0.,-1.));
#6490=DIRECTION('',(-1.,0.,0.));
#6491=DIRECTION('',(0.,0.,-1.));
#6492=DIRECTION('',(-1.,0.,0.));
#6493=DIRECTION('',(0.,0.,-1.));
#6494=DIRECTION('',(-1.,0.,0.));
#6495=DIRECTION('',(0.,0.,-1.));
#6496=DIRECTION('',(-1.,0.,0.));
#6497=DIRECTION('',(0.,0.,-1.));
#6498=DIRECTION('',(-1.,0.,0.));
#6499=DIRECTION('',(0.,0.,-1.));
#6500=DIRECTION('',(-1.,0.,0.));
#6501=DIRECTION('',(0.,0.,-1.));
#6502=DIRECTION('',(-1.,0.,0.));
#6503=DIRECTION('',(0.,0.,-1.));
#6504=DIRECTION('',(-1.,0.,0.));
#6505=DIRECTION('',(0.,0.,-1.));
#6506=DIRECTION('',(-1.,0.,0.));
#6507=DIRECTION('',(0.,0.,-1.));
#6508=DIRECTION('',(-1.,0.,0.));
#6509=DIRECTION('',(0.,0.,1.));
#6510=DIRECTION('',(1.,0.,0.));
#6511=DIRECTION('',(0.,0.,-1.));
#6512=DIRECTION('',(-1.,0.,0.));
#6513=DIRECTION('',(0.,0.,-1.));
#6514=DIRECTION('',(-1.,0.,0.));
#6515=DIRECTION('',(0.,0.,-1.));
#6516=DIRECTION('',(-4.32978028117746E-17,-4.32978028117746E-17,1.));
#6517=DIRECTION('',(1.,0.,4.32978028117746E-17));
#6518=DIRECTION('',(0.,0.,-1.));
#6519=DIRECTION('',(4.32978028117746E-17,4.32978028117746E-17,-1.));
#6520=DIRECTION('',(0.,1.,4.32978028117746E-17));
#6521=DIRECTION('',(0.,0.,-1.));
#6522=DIRECTION('',(0.,0.,-1.));
#6523=DIRECTION('',(-1.,0.,0.));
#6524=DIRECTION('',(0.,0.,-1.));
#6525=DIRECTION('',(0.,0.,1.));
#6526=DIRECTION('',(1.,0.,0.));
#6527=DIRECTION('',(0.,0.,-1.));
#6528=DIRECTION('',(-4.32978028117746E-17,4.32978028117746E-17,1.));
#6529=DIRECTION('',(1.,0.,4.32978028117746E-17));
#6530=DIRECTION('',(0.,0.,-1.));
#6531=DIRECTION('',(4.32978028117746E-17,-4.32978028117746E-17,-1.));
#6532=DIRECTION('',(-1.,0.,-4.32978028117746E-17));
#6533=DIRECTION('',(0.,0.,-1.));
#6534=DIRECTION('',(-1.,0.,0.));
#6535=DIRECTION('',(0.,0.,1.));
#6536=DIRECTION('',(1.,0.,0.));
#6537=DIRECTION('',(0.,0.,-1.));
#6538=DIRECTION('',(0.,0.,-1.));
#6539=DIRECTION('',(-1.,0.,0.));
#6540=DIRECTION('',(0.,0.,1.));
#6541=DIRECTION('',(1.,0.,0.));
#6542=DIRECTION('',(0.,0.,-1.));
#6543=DIRECTION('',(-1.,0.,0.));
#6544=DIRECTION('',(0.,0.,-1.));
#6545=DIRECTION('',(0.,0.,1.));
#6546=DIRECTION('',(1.,0.,0.));
#6547=DIRECTION('',(-4.32978028117746E-17,4.32978028117746E-17,1.));
#6548=DIRECTION('',(4.32978028117746E-17,-4.32978028117746E-17,-1.));
#6549=DIRECTION('',(-1.,0.,-4.32978028117746E-17));
#6550=DIRECTION('',(4.32978028117746E-17,-4.32978028117746E-17,-1.));
#6551=DIRECTION('',(-1.,0.,-4.32978028117746E-17));
#6552=DIRECTION('',(-4.32978028117746E-17,4.32978028117746E-17,1.));
#6553=DIRECTION('',(1.,0.,4.32978028117746E-17));
#6554=DIRECTION('',(4.32978028117746E-17,-4.32978028117746E-17,-1.));
#6555=DIRECTION('',(-4.32978028117746E-17,4.32978028117746E-17,1.));
#6556=DIRECTION('',(1.,0.,4.32978028117746E-17));
#6557=DIRECTION('',(4.32978028117746E-17,-4.32978028117746E-17,-1.));
#6558=DIRECTION('',(-1.,0.,-4.32978028117746E-17));
#6559=DIRECTION('',(0.,0.,-1.));
#6560=DIRECTION('',(0.,0.,1.));
#6561=DIRECTION('',(1.,0.,0.));
#6562=DIRECTION('',(0.,0.,-1.));
#6563=DIRECTION('',(-1.,0.,0.));
#6564=DIRECTION('',(0.,0.,1.));
#6565=DIRECTION('',(0.,0.,-1.));
#6566=DIRECTION('',(-1.,0.,0.));
#6567=DIRECTION('',(0.,0.,1.));
#6568=DIRECTION('',(1.,0.,0.));
#6569=DIRECTION('',(-4.32978028117746E-17,-4.32978028117746E-17,1.));
#6570=DIRECTION('',(4.32978028117746E-17,4.32978028117746E-17,-1.));
#6571=DIRECTION('',(0.,1.,4.32978028117746E-17));
#6572=DIRECTION('',(-4.32978028117746E-17,-4.32978028117746E-17,1.));
#6573=DIRECTION('',(1.,0.,4.32978028117746E-17));
#6574=DIRECTION('',(4.32978028117746E-17,4.32978028117746E-17,-1.));
#6575=DIRECTION('',(-4.32978028117746E-17,-4.32978028117746E-17,1.));
#6576=DIRECTION('',(1.,0.,4.32978028117746E-17));
#6577=DIRECTION('',(-4.32978028117746E-17,-4.32978028117746E-17,1.));
#6578=DIRECTION('',(1.,0.,4.32978028117746E-17));
#6579=DIRECTION('',(4.32978028117746E-17,4.32978028117746E-17,-1.));
#6580=DIRECTION('',(0.,1.,4.32978028117746E-17));
#6581=DIRECTION('',(0.,0.,-1.));
#6582=DIRECTION('',(0.,0.,1.));
#6583=DIRECTION('',(1.,0.,0.));
#6584=DIRECTION('',(0.,0.,-1.));
#6585=DIRECTION('',(-1.,0.,0.));
#6586=DIRECTION('',(0.,0.,1.));
#6587=DIRECTION('',(0.,0.,-1.));
#6588=DIRECTION('',(-1.,0.,0.));
#6589=DIRECTION('',(0.,0.,-1.));
#6590=DIRECTION('',(0.,0.,1.));
#6591=DIRECTION('',(1.,0.,0.));
#6592=DIRECTION('',(4.32978028117746E-17,-4.32978028117746E-17,1.));
#6593=DIRECTION('',(-4.32978028117746E-17,4.32978028117746E-17,-1.));
#6594=DIRECTION('',(-1.,0.,4.32978028117746E-17));
#6595=DIRECTION('',(0.,0.,-1.));
#6596=DIRECTION('',(4.32978028117746E-17,-4.32978028117746E-17,1.));
#6597=DIRECTION('',(0.,-1.,-4.32978028117746E-17));
#6598=DIRECTION('',(-4.32978028117746E-17,4.32978028117747E-17,-1.));
#6599=DIRECTION('',(4.32978028117746E-17,-4.32978028117746E-17,1.));
#6600=DIRECTION('',(0.,-1.,-4.32978028117746E-17));
#6601=DIRECTION('',(0.,0.,-1.));
#6602=DIRECTION('',(-4.32978028117746E-17,4.32978028117746E-17,-1.));
#6603=DIRECTION('',(-1.,0.,4.32978028117746E-17));
#6604=DIRECTION('',(0.,0.,-1.));
#6605=DIRECTION('',(0.,0.,1.));
#6606=DIRECTION('',(1.,0.,0.));
#6607=DIRECTION('',(0.,0.,-1.));
#6608=DIRECTION('',(0.,0.,-1.));
#6609=DIRECTION('',(-1.,0.,0.));
#6610=DIRECTION('',(0.,0.,1.));
#6611=DIRECTION('',(0.,0.,-1.));
#6612=DIRECTION('',(-1.,0.,0.));
#6613=DIRECTION('',(0.,0.,-1.));
#6614=DIRECTION('',(0.,0.,1.));
#6615=DIRECTION('',(1.,0.,0.));
#6616=DIRECTION('',(4.32978028117746E-17,4.32978028117746E-17,1.));
#6617=DIRECTION('',(-4.32978028117746E-17,-4.32978028117746E-17,-1.));
#6618=DIRECTION('',(-1.,0.,4.32978028117746E-17));
#6619=DIRECTION('',(0.,0.,-1.));
#6620=DIRECTION('',(4.32978028117746E-17,4.32978028117746E-17,1.));
#6621=DIRECTION('',(1.,0.,-4.32978028117746E-17));
#6622=DIRECTION('',(-4.32978028117747E-17,-4.32978028117746E-17,-1.));
#6623=DIRECTION('',(4.32978028117746E-17,4.32978028117746E-17,1.));
#6624=DIRECTION('',(1.,0.,-4.32978028117746E-17));
#6625=DIRECTION('',(0.,0.,-1.));
#6626=DIRECTION('',(-4.32978028117746E-17,-4.32978028117746E-17,-1.));
#6627=DIRECTION('',(-1.,0.,4.32978028117746E-17));
#6628=DIRECTION('',(-4.32978028117746E-17,-4.32978028117746E-17,-1.));
#6629=DIRECTION('',(-1.,0.,4.32978028117746E-17));
#6630=DIRECTION('',(0.,0.,-1.));
#6631=DIRECTION('',(0.,0.,1.));
#6632=DIRECTION('',(1.,0.,0.));
#6633=DIRECTION('',(0.,0.,-1.));
#6634=DIRECTION('',(0.,0.,-1.));
#6635=DIRECTION('',(-1.,0.,0.));
#6636=DIRECTION('',(0.,0.,1.));
#6637=DIRECTION('',(0.,0.,-1.));
#6638=DIRECTION('',(-1.,0.,0.));
#6639=DIRECTION('',(0.,0.,1.));
#6640=DIRECTION('',(1.,0.,0.));
#6641=DIRECTION('',(0.,0.,-1.));
#6642=DIRECTION('',(-1.,0.,0.));
#6643=DIRECTION('',(0.,0.,-1.));
#6644=DIRECTION('',(-1.,0.,0.));
#6645=DIRECTION('',(0.,0.,-1.));
#6646=DIRECTION('',(-1.,0.,0.));
#6647=DIRECTION('',(0.,0.,1.));
#6648=DIRECTION('',(1.,0.,0.));
#6649=DIRECTION('',(0.,0.,-1.));
#6650=DIRECTION('',(-1.,0.,0.));
#6651=DIRECTION('',(0.,0.,1.));
#6652=DIRECTION('',(1.,0.,0.));
#6653=DIRECTION('',(0.,0.,-1.));
#6654=DIRECTION('',(-1.,0.,0.));
#6655=DIRECTION('',(0.,0.,1.));
#6656=DIRECTION('',(1.,0.,0.));
#6657=DIRECTION('',(4.32978028117746E-17,-4.32978028117746E-17,1.));
#6658=DIRECTION('',(0.,-1.,-4.32978028117746E-17));
#6659=DIRECTION('',(-4.32978028117746E-17,4.32978028117746E-17,-1.));
#6660=DIRECTION('',(-1.,0.,4.32978028117746E-17));
#6661=DIRECTION('',(0.,0.,-1.));
#6662=DIRECTION('',(-1.,0.,0.));
#6663=DIRECTION('',(0.,0.,1.));
#6664=DIRECTION('',(1.,0.,0.));
#6665=DIRECTION('',(4.32978028117746E-17,4.32978028117746E-17,1.));
#6666=DIRECTION('',(1.,0.,-4.32978028117746E-17));
#6667=DIRECTION('',(-4.32978028117746E-17,-4.32978028117746E-17,-1.));
#6668=DIRECTION('',(-1.,0.,4.32978028117746E-17));
#6669=DIRECTION('',(0.707106781186548,0.,-0.707106781186547));
#6670=DIRECTION('',(0.,-1.,0.));
#6671=DIRECTION('',(0.,0.,-1.));
#6672=DIRECTION('',(-2.56996070515082E-16,0.,1.));
#6673=DIRECTION('',(1.,0.,0.));
#6674=DIRECTION('',(-1.,0.,0.));
#6675=DIRECTION('',(0.,0.,1.));
#6676=DIRECTION('',(0.,-1.,0.));
#6677=DIRECTION('',(0.,0.,-1.));
#6678=DIRECTION('',(-0.707106781186547,0.,-0.707106781186548));
#6679=DIRECTION('',(1.6326809185664E-16,0.,-1.));
#6680=DIRECTION('',(-2.56996070515082E-16,0.,1.));
#6681=DIRECTION('',(0.,-1.,0.));
#6682=DIRECTION('',(0.,0.,-1.));
#6683=DIRECTION('',(0.707106781186548,0.,-0.707106781186547));
#6684=DIRECTION('',(1.6326809185664E-16,0.,-1.));
#6685=DIRECTION('',(-0.707106781186547,0.,-0.707106781186548));
#6686=DIRECTION('',(0.,-1.,0.));
#6687=DIRECTION('',(0.,0.,-1.));
#6688=DIRECTION('',(0.,0.,1.));
#6689=DIRECTION('',(-1.,0.,0.));
#6690=DIRECTION('',(1.,0.,0.));
#6691=DIRECTION('',(0.,1.,0.));
#6692=DIRECTION('',(0.,1.,0.));
#6693=DIRECTION('',(0.,1.,0.));
#6694=DIRECTION('',(0.,1.,0.));
#6695=DIRECTION('',(0.707106781186548,0.707106781186548,-6.12323399573677E-17));
#6696=DIRECTION('',(-0.707106781186548,0.707106781186548,0.));
#6697=DIRECTION('',(0.525482745498759,-0.525482745498759,-0.669130606358858));
#6698=DIRECTION('',(-4.32978028117747E-17,-4.32978028117746E-17,-1.));
#6699=DIRECTION('',(-0.683676236709458,0.683676236709458,0.255291219429082));
#6700=DIRECTION('',(-0.707106781186548,0.707106781186548,0.));
#6701=DIRECTION('',(0.707106781186547,-0.707106781186548,6.79815536723446E-33));
#6702=DIRECTION('',(-6.98403707161104E-18,9.35796426951604E-17,1.));
#6703=DIRECTION('',(-4.32978028117747E-17,-4.32978028117746E-17,-1.));
#6704=DIRECTION('',(0.525482745498759,-0.525482745498759,-0.669130606358858));
#6705=DIRECTION('',(0.707106781186548,0.707106781186548,-6.12323399573677E-17));
#6706=DIRECTION('',(-0.707106781186548,0.707106781186548,0.));
#6707=DIRECTION('',(-6.98403707161104E-18,9.35796426951604E-17,1.));
#6708=DIRECTION('',(0.707106781186547,-0.707106781186548,6.79815536723446E-33));
#6709=DIRECTION('',(-0.707106781186548,0.707106781186548,0.));
#6710=DIRECTION('',(0.683676236709458,-0.683676236709458,-0.255291219429082));
#6711=DIRECTION('',(-0.707106781186548,-0.707106781186548,-8.89559483923653E-17));
#6712=DIRECTION('',(-0.707106781186548,-0.707106781186548,6.12323399573677E-17));
#6713=DIRECTION('',(-0.707106781186548,0.707106781186548,0.));
#6714=DIRECTION('',(0.,0.,1.));
#6715=DIRECTION('',(-0.707106781186548,-0.707106781186548,-8.89559483923653E-17));
#6716=DIRECTION('',(-0.707106781186548,0.707106781186548,0.));
#6717=DIRECTION('',(0.,0.,-1.));
#6718=DIRECTION('',(-0.177335961186117,-0.177335961186117,0.968041276878415));
#6719=DIRECTION('',(-0.707106781186548,-0.707106781186548,6.12323399573677E-17));
#6720=DIRECTION('',(0.177335961186115,0.177335961186115,0.968041276878415));
#6721=DIRECTION('',(-0.707106781186548,-0.707106781186548,6.12323399573677E-17));
#6722=DIRECTION('',(0.683676236709458,-0.683676236709458,-0.255291219429082));
#6723=DIRECTION('',(-0.683676236709458,0.683676236709458,0.255291219429082));
#6724=DIRECTION('',(-0.707106781186548,-0.707106781186548,6.12323399573677E-17));
#6725=DIRECTION('',(-0.177335961186115,-0.177335961186115,-0.968041276878415));
#6726=DIRECTION('',(0.177335961186117,0.177335961186117,-0.968041276878415));
#6727=DIRECTION('',(-0.753715119993958,0.657201276545088,3.91715232225378E-18));
#6728=DIRECTION('',(-0.657201276545087,0.753715119993959,-3.91715232225384E-18));
#6729=DIRECTION('',(0.,0.,1.));
#6730=DIRECTION('',(-1.,-6.12323399573677E-17,0.));
#6731=DIRECTION('',(6.12323399573677E-17,-1.,0.));
#6732=DIRECTION('',(-4.32978028117746E-17,0.707106781186547,-0.707106781186548));
#6733=DIRECTION('',(9.99728730475655E-33,-1.6326809185664E-16,-1.));
#6734=DIRECTION('',(4.32978028117747E-17,-0.707106781186548,-0.707106781186547));
#6735=DIRECTION('',(-1.,-6.12323399573677E-17,0.));
#6736=DIRECTION('',(6.12323399573677E-17,-1.,0.));
#6737=DIRECTION('',(-1.57364707574871E-32,2.56996070515082E-16,1.));
#6738=DIRECTION('',(6.12323399573677E-17,-1.,0.));
#6739=DIRECTION('',(-6.12323399573677E-17,1.,0.));
#6740=DIRECTION('',(-4.32978028117746E-17,0.707106781186547,-0.707106781186548));
#6741=DIRECTION('',(-1.,-6.12323399573677E-17,0.));
#6742=DIRECTION('',(6.12323399573677E-17,-1.,0.));
#6743=DIRECTION('',(0.,0.,1.));
#6744=DIRECTION('',(-6.12323399573677E-17,1.,0.));
#6745=DIRECTION('',(6.12323399573677E-17,-1.,0.));
#6746=DIRECTION('',(-1.57364707574871E-32,2.56996070515082E-16,1.));
#6747=DIRECTION('',(-1.,-6.12323399573677E-17,0.));
#6748=DIRECTION('',(6.12323399573677E-17,-1.,0.));
#6749=DIRECTION('',(4.32978028117747E-17,-0.707106781186548,-0.707106781186547));
#6750=DIRECTION('',(9.99728730475655E-33,-1.6326809185664E-16,-1.));
#6751=DIRECTION('',(1.,6.12323399573677E-17,-1.05208578180918E-32));
#6752=DIRECTION('',(1.,6.12323399573677E-17,0.));
#6753=DIRECTION('',(1.,6.12323399573677E-17,0.));
#6754=DIRECTION('',(1.,6.12323399573677E-17,-1.05208578180918E-32));
#6755=DIRECTION('',(0.707106781186548,-0.707106781186548,-6.12323399573677E-17));
#6756=DIRECTION('',(0.707106781186548,0.707106781186548,0.));
#6757=DIRECTION('',(-0.525482745498759,-0.525482745498759,-0.669130606358858));
#6758=DIRECTION('',(-4.32978028117746E-17,4.32978028117747E-17,-1.));
#6759=DIRECTION('',(0.683676236709458,0.683676236709458,0.255291219429082));
#6760=DIRECTION('',(0.707106781186548,0.707106781186548,0.));
#6761=DIRECTION('',(-0.707106781186548,-0.707106781186547,6.79815536723446E-33));
#6762=DIRECTION('',(9.35796426951604E-17,6.98403707161105E-18,1.));
#6763=DIRECTION('',(-4.32978028117746E-17,4.32978028117747E-17,-1.));
#6764=DIRECTION('',(-0.525482745498759,-0.525482745498759,-0.669130606358858));
#6765=DIRECTION('',(0.707106781186548,-0.707106781186548,-6.12323399573677E-17));
#6766=DIRECTION('',(0.707106781186548,0.707106781186548,0.));
#6767=DIRECTION('',(9.35796426951604E-17,6.98403707161105E-18,1.));
#6768=DIRECTION('',(-0.707106781186548,-0.707106781186547,6.79815536723446E-33));
#6769=DIRECTION('',(0.707106781186548,0.707106781186548,0.));
#6770=DIRECTION('',(-0.683676236709458,-0.683676236709458,-0.255291219429082));
#6771=DIRECTION('',(-0.707106781186548,0.707106781186548,-8.89559483923653E-17));
#6772=DIRECTION('',(-0.707106781186548,0.707106781186548,6.12323399573677E-17));
#6773=DIRECTION('',(0.707106781186548,0.707106781186548,0.));
#6774=DIRECTION('',(0.,0.,1.));
#6775=DIRECTION('',(-0.707106781186548,0.707106781186548,-8.89559483923653E-17));
#6776=DIRECTION('',(0.707106781186548,0.707106781186548,0.));
#6777=DIRECTION('',(0.,0.,-1.));
#6778=DIRECTION('',(-0.177335961186117,0.177335961186117,0.968041276878415));
#6779=DIRECTION('',(-0.707106781186548,0.707106781186548,6.12323399573677E-17));
#6780=DIRECTION('',(0.177335961186115,-0.177335961186115,0.968041276878415));
#6781=DIRECTION('',(-0.707106781186548,0.707106781186548,6.12323399573677E-17));
#6782=DIRECTION('',(-0.683676236709458,-0.683676236709458,-0.255291219429082));
#6783=DIRECTION('',(0.683676236709458,0.683676236709458,0.255291219429082));
#6784=DIRECTION('',(-0.707106781186548,0.707106781186548,6.12323399573677E-17));
#6785=DIRECTION('',(-0.177335961186115,0.177335961186115,-0.968041276878415));
#6786=DIRECTION('',(0.177335961186117,-0.177335961186117,-0.968041276878415));
#6787=DIRECTION('',(0.657201276545088,0.753715119993958,3.91715232225378E-18));
#6788=DIRECTION('',(0.753715119993959,0.657201276545087,-3.91715232225384E-18));
#6789=DIRECTION('',(0.,0.,1.));
#6790=DIRECTION('',(-1.22464679914735E-16,1.,0.));
#6791=DIRECTION('',(-1.,-1.22464679914735E-16,0.));
#6792=DIRECTION('',(0.707106781186547,8.65956056235493E-17,-0.707106781186548));
#6793=DIRECTION('',(-1.6326809185664E-16,-1.99945746095131E-32,-1.));
#6794=DIRECTION('',(-0.707106781186548,-8.65956056235494E-17,-0.707106781186547));
#6795=DIRECTION('',(-1.22464679914735E-16,1.,0.));
#6796=DIRECTION('',(-1.,-1.22464679914735E-16,0.));
#6797=DIRECTION('',(2.56996070515082E-16,3.14729415149743E-32,1.));
#6798=DIRECTION('',(-1.,-1.22464679914735E-16,0.));
#6799=DIRECTION('',(1.,1.22464679914735E-16,0.));
#6800=DIRECTION('',(0.707106781186547,8.65956056235493E-17,-0.707106781186548));
#6801=DIRECTION('',(-1.22464679914735E-16,1.,0.));
#6802=DIRECTION('',(-1.,-1.22464679914735E-16,0.));
#6803=DIRECTION('',(0.,0.,1.));
#6804=DIRECTION('',(1.,1.22464679914735E-16,0.));
#6805=DIRECTION('',(-1.,-1.22464679914735E-16,0.));
#6806=DIRECTION('',(2.56996070515082E-16,3.14729415149743E-32,1.));
#6807=DIRECTION('',(-1.22464679914735E-16,1.,0.));
#6808=DIRECTION('',(-1.,-1.22464679914735E-16,0.));
#6809=DIRECTION('',(-0.707106781186548,-8.65956056235494E-17,-0.707106781186547));
#6810=DIRECTION('',(-1.6326809185664E-16,-1.99945746095131E-32,-1.));
#6811=DIRECTION('',(1.22464679914735E-16,-1.,-2.10417156361836E-32));
#6812=DIRECTION('',(1.22464679914735E-16,-1.,0.));
#6813=DIRECTION('',(1.22464679914735E-16,-1.,0.));
#6814=DIRECTION('',(1.22464679914735E-16,-1.,-2.10417156361836E-32));
#6815=DIRECTION('',(-0.707106781186548,-0.707106781186548,-6.12323399573677E-17));
#6816=DIRECTION('',(0.707106781186548,-0.707106781186548,0.));
#6817=DIRECTION('',(-0.525482745498759,0.525482745498759,-0.669130606358858));
#6818=DIRECTION('',(4.32978028117747E-17,4.32978028117746E-17,-1.));
#6819=DIRECTION('',(0.683676236709458,-0.683676236709458,0.255291219429082));
#6820=DIRECTION('',(0.707106781186548,-0.707106781186548,0.));
#6821=DIRECTION('',(-0.707106781186548,0.707106781186548,6.79815536723446E-33));
#6822=DIRECTION('',(6.98403707161105E-18,-9.35796426951604E-17,1.));
#6823=DIRECTION('',(4.32978028117747E-17,4.32978028117746E-17,-1.));
#6824=DIRECTION('',(-0.525482745498759,0.525482745498759,-0.669130606358858));
#6825=DIRECTION('',(-0.707106781186548,-0.707106781186548,-6.12323399573677E-17));
#6826=DIRECTION('',(0.707106781186548,-0.707106781186548,0.));
#6827=DIRECTION('',(6.98403707161105E-18,-9.35796426951604E-17,1.));
#6828=DIRECTION('',(-0.707106781186548,0.707106781186548,6.79815536723446E-33));
#6829=DIRECTION('',(0.707106781186548,-0.707106781186548,0.));
#6830=DIRECTION('',(-0.683676236709458,0.683676236709458,-0.255291219429082));
#6831=DIRECTION('',(0.707106781186548,0.707106781186548,0.));
#6832=DIRECTION('',(0.707106781186548,0.707106781186548,6.12323399573677E-17));
#6833=DIRECTION('',(0.707106781186548,-0.707106781186548,4.01235405080674E-33));
#6834=DIRECTION('',(-2.83716275784676E-33,2.83716275784676E-33,1.));
#6835=DIRECTION('',(0.707106781186548,0.707106781186548,0.));
#6836=DIRECTION('',(0.707106781186548,-0.707106781186548,4.01235405080674E-33));
#6837=DIRECTION('',(2.83716275784676E-33,-2.83716275784676E-33,-1.));
#6838=DIRECTION('',(0.177335961186117,0.177335961186117,0.968041276878415));
#6839=DIRECTION('',(0.707106781186548,0.707106781186548,6.12323399573677E-17));
#6840=DIRECTION('',(-0.177335961186116,-0.177335961186116,0.968041276878415));
#6841=DIRECTION('',(0.707106781186548,0.707106781186548,6.12323399573677E-17));
#6842=DIRECTION('',(-0.683676236709458,0.683676236709458,-0.255291219429082));
#6843=DIRECTION('',(0.683676236709458,-0.683676236709458,0.255291219429082));
#6844=DIRECTION('',(0.707106781186548,0.707106781186548,6.12323399573677E-17));
#6845=DIRECTION('',(0.177335961186116,0.177335961186116,-0.968041276878415));
#6846=DIRECTION('',(-0.177335961186117,-0.177335961186117,-0.968041276878415));
#6847=DIRECTION('',(0.753715119993959,-0.657201276545088,3.9171523222538E-18));
#6848=DIRECTION('',(0.657201276545087,-0.753715119993959,-3.91715232225382E-18));
#6849=DIRECTION('',(0.,0.,1.));
#6850=DIRECTION('',(1.,1.83697019872103E-16,0.));
#6851=DIRECTION('',(-1.83697019872103E-16,1.,0.));
#6852=DIRECTION('',(1.29893408435324E-16,-0.707106781186547,-0.707106781186548));
#6853=DIRECTION('',(-2.99918619142696E-32,1.6326809185664E-16,-1.));
#6854=DIRECTION('',(-1.29893408435324E-16,0.707106781186548,-0.707106781186547));
#6855=DIRECTION('',(1.,1.83697019872103E-16,0.));
#6856=DIRECTION('',(-1.83697019872103E-16,1.,0.));
#6857=DIRECTION('',(4.72094122724615E-32,-2.56996070515082E-16,1.));
#6858=DIRECTION('',(-1.83697019872103E-16,1.,0.));
#6859=DIRECTION('',(1.83697019872103E-16,-1.,0.));
#6860=DIRECTION('',(1.29893408435324E-16,-0.707106781186547,-0.707106781186548));
#6861=DIRECTION('',(1.,1.83697019872103E-16,0.));
#6862=DIRECTION('',(-1.83697019872103E-16,1.,0.));
#6863=DIRECTION('',(0.,0.,1.));
#6864=DIRECTION('',(1.83697019872103E-16,-1.,0.));
#6865=DIRECTION('',(-1.83697019872103E-16,1.,0.));
#6866=DIRECTION('',(4.72094122724615E-32,-2.56996070515082E-16,1.));
#6867=DIRECTION('',(1.,1.83697019872103E-16,0.));
#6868=DIRECTION('',(-1.83697019872103E-16,1.,0.));
#6869=DIRECTION('',(-1.29893408435324E-16,0.707106781186548,-0.707106781186547));
#6870=DIRECTION('',(-2.99918619142696E-32,1.6326809185664E-16,-1.));
#6871=DIRECTION('',(-1.,-1.83697019872103E-16,-7.18409109006559E-32));
#6872=DIRECTION('',(-1.,-1.83697019872103E-16,0.));
#6873=DIRECTION('',(-1.,-1.83697019872103E-16,0.));
#6874=DIRECTION('',(-1.,-1.83697019872103E-16,-1.23259516440783E-32));
#6875=DIRECTION('',(-0.707106781186548,0.707106781186548,-6.12323399573677E-17));
#6876=DIRECTION('',(-0.707106781186548,-0.707106781186548,0.));
#6877=DIRECTION('',(0.525482745498759,0.525482745498759,-0.669130606358858));
#6878=DIRECTION('',(4.32978028117746E-17,-4.32978028117747E-17,-1.));
#6879=DIRECTION('',(-0.683676236709458,-0.683676236709458,0.255291219429082));
#6880=DIRECTION('',(-0.707106781186548,-0.707106781186548,0.));
#6881=DIRECTION('',(0.707106781186548,0.707106781186548,6.79815536723446E-33));
#6882=DIRECTION('',(-9.35796426951604E-17,-6.98403707161106E-18,1.));
#6883=DIRECTION('',(4.32978028117746E-17,-4.32978028117747E-17,-1.));
#6884=DIRECTION('',(0.525482745498759,0.525482745498759,-0.669130606358858));
#6885=DIRECTION('',(-0.707106781186548,0.707106781186548,-6.12323399573677E-17));
#6886=DIRECTION('',(-0.707106781186548,-0.707106781186548,0.));
#6887=DIRECTION('',(-9.35796426951604E-17,-6.98403707161106E-18,1.));
#6888=DIRECTION('',(0.707106781186548,0.707106781186548,6.79815536723446E-33));
#6889=DIRECTION('',(-0.707106781186548,-0.707106781186548,0.));
#6890=DIRECTION('',(0.683676236709458,0.683676236709458,-0.255291219429082));
#6891=DIRECTION('',(0.707106781186548,-0.707106781186548,0.));
#6892=DIRECTION('',(0.707106781186548,-0.707106781186548,6.12323399573677E-17));
#6893=DIRECTION('',(-0.707106781186548,-0.707106781186548,4.01235405080674E-33));
#6894=DIRECTION('',(2.83716275784676E-33,2.83716275784676E-33,1.));
#6895=DIRECTION('',(0.707106781186548,-0.707106781186548,0.));
#6896=DIRECTION('',(-0.707106781186548,-0.707106781186548,4.01235405080674E-33));
#6897=DIRECTION('',(-2.83716275784676E-33,-2.83716275784676E-33,-1.));
#6898=DIRECTION('',(0.177335961186117,-0.177335961186117,0.968041276878415));
#6899=DIRECTION('',(0.707106781186548,-0.707106781186548,6.12323399573677E-17));
#6900=DIRECTION('',(-0.177335961186116,0.177335961186116,0.968041276878415));
#6901=DIRECTION('',(0.707106781186548,-0.707106781186548,6.12323399573677E-17));
#6902=DIRECTION('',(0.683676236709458,0.683676236709458,-0.255291219429082));
#6903=DIRECTION('',(-0.683676236709458,-0.683676236709458,0.255291219429082));
#6904=DIRECTION('',(0.707106781186548,-0.707106781186548,6.12323399573677E-17));
#6905=DIRECTION('',(0.177335961186116,-0.177335961186116,-0.968041276878415));
#6906=DIRECTION('',(-0.177335961186117,0.177335961186117,-0.968041276878415));
#6907=DIRECTION('',(-0.657201276545088,-0.753715119993959,3.9171523222538E-18));
#6908=DIRECTION('',(-0.753715119993959,-0.657201276545087,-3.91715232225382E-18));
#6909=DIRECTION('',(0.871572412738697,-0.128427587261303,-0.473146789255815));
#6910=DIRECTION('',(0.128427587261303,-0.871572412738697,0.473146789255815));
#6911=DIRECTION('',(0.128427587261303,-0.871572412738697,0.473146789255815));
#6912=DIRECTION('',(0.871572412738697,-0.128427587261303,-0.473146789255815));
#6913=DIRECTION('',(0.871572412738697,-0.128427587261303,-0.473146789255815));
#6914=DIRECTION('',(0.128427587261303,-0.871572412738697,0.473146789255815));
#6915=DIRECTION('',(0.128427587261303,-0.871572412738697,0.473146789255815));
#6916=DIRECTION('',(0.871572412738697,-0.128427587261303,-0.473146789255815));
#6917=DIRECTION('',(-0.128427587261303,-0.871572412738697,-0.473146789255815));
#6918=DIRECTION('',(-0.871572412738697,-0.128427587261303,0.473146789255815));
#6919=DIRECTION('',(-0.871572412738697,-0.128427587261303,0.473146789255815));
#6920=DIRECTION('',(-0.128427587261303,-0.871572412738697,-0.473146789255815));
#6921=DIRECTION('',(-0.128427587261303,-0.871572412738697,-0.473146789255815));
#6922=DIRECTION('',(-0.871572412738697,-0.128427587261303,0.473146789255815));
#6923=DIRECTION('',(-0.871572412738697,-0.128427587261303,0.473146789255815));
#6924=DIRECTION('',(-0.128427587261303,-0.871572412738697,-0.473146789255815));
#6925=DIRECTION('',(-0.871572412738697,0.128427587261303,-0.473146789255815));
#6926=DIRECTION('',(-0.128427587261303,0.871572412738697,0.473146789255815));
#6927=DIRECTION('',(-0.128427587261303,0.871572412738697,0.473146789255815));
#6928=DIRECTION('',(-0.871572412738697,0.128427587261303,-0.473146789255815));
#6929=DIRECTION('',(-0.871572412738697,0.128427587261303,-0.473146789255815));
#6930=DIRECTION('',(-0.128427587261303,0.871572412738697,0.473146789255815));
#6931=DIRECTION('',(-0.128427587261303,0.871572412738697,0.473146789255815));
#6932=DIRECTION('',(-0.871572412738697,0.128427587261303,-0.473146789255815));
#6933=DIRECTION('',(0.128427587261303,0.871572412738697,-0.473146789255815));
#6934=DIRECTION('',(0.871572412738697,0.128427587261303,0.473146789255815));
#6935=DIRECTION('',(0.871572412738697,0.128427587261303,0.473146789255815));
#6936=DIRECTION('',(0.128427587261303,0.871572412738697,-0.473146789255815));
#6937=DIRECTION('',(0.128427587261303,0.871572412738697,-0.473146789255815));
#6938=DIRECTION('',(0.871572412738697,0.128427587261303,0.473146789255815));
#6939=DIRECTION('',(0.871572412738697,0.128427587261303,0.473146789255815));
#6940=DIRECTION('',(0.128427587261303,0.871572412738697,-0.473146789255815));
#6941=DIRECTION('',(-0.707106781186548,0.5,-0.5));
#6942=DIRECTION('',(-0.707106781186547,-0.5,0.5));
#6943=DIRECTION('',(-0.707106781186547,-0.5,0.5));
#6944=DIRECTION('',(-0.707106781186548,0.5,-0.5));
#6945=DIRECTION('',(0.,0.707106781186557,-0.707106781186538));
#6946=DIRECTION('',(0.,0.707106781186538,0.707106781186557));
#6947=DIRECTION('',(0.,0.707106781186557,-0.707106781186538));
#6948=DIRECTION('',(0.,0.707106781186538,0.707106781186557));
#6949=DIRECTION('',(-3.70074341541719E-14,-6.79815536723451E-30,1.));
#6950=DIRECTION('',(1.,0.,3.70074341541719E-14));
#6951=DIRECTION('',(0.,0.,-1.));
#6952=DIRECTION('',(-1.,0.,0.));
#6953=DIRECTION('',(1.3084103822365E-14,0.707106781186557,0.707106781186538));
#6954=DIRECTION('',(0.,-0.707106781186538,0.707106781186557));
#6955=DIRECTION('',(-0.707106781186548,0.5,0.5));
#6956=DIRECTION('',(-0.707106781186547,-0.5,-0.5));
#6957=DIRECTION('',(-0.707106781186547,-0.5,-0.5));
#6958=DIRECTION('',(-0.707106781186548,0.5,0.5));
#6959=DIRECTION('',(0.5,0.707106781186548,0.5));
#6960=DIRECTION('',(-0.5,0.707106781186548,-0.5));
#6961=DIRECTION('',(0.707106781186557,-1.3084103822365E-14,0.707106781186538));
#6962=DIRECTION('',(0.707106781186538,0.,-0.707106781186557));
#6963=DIRECTION('',(0.707106781186557,-1.3084103822365E-14,0.707106781186538));
#6964=DIRECTION('',(0.707106781186538,0.,-0.707106781186557));
#6965=DIRECTION('',(-0.5,0.707106781186548,-0.5));
#6966=DIRECTION('',(0.5,0.707106781186548,0.5));
#6967=DIRECTION('',(0.,0.,-1.));
#6968=DIRECTION('',(-1.,0.,0.));
#6969=DIRECTION('',(0.,3.70074341541719E-14,1.));
#6970=DIRECTION('',(0.,-1.,3.70074341541719E-14));
#6971=DIRECTION('',(0.707106781186557,0.,-0.707106781186538));
#6972=DIRECTION('',(-0.707106781186538,0.,-0.707106781186557));
#6973=DIRECTION('',(0.5,0.707106781186548,-0.5));
#6974=DIRECTION('',(-0.5,0.707106781186548,0.5));
#6975=DIRECTION('',(-0.5,0.707106781186548,0.5));
#6976=DIRECTION('',(0.5,0.707106781186548,-0.5));
#6977=DIRECTION('',(0.707106781186548,-0.5,-0.5));
#6978=DIRECTION('',(0.707106781186548,0.5,0.5));
#6979=DIRECTION('',(0.707106781186548,0.5,0.5));
#6980=DIRECTION('',(0.707106781186548,-0.5,-0.5));
#6981=DIRECTION('',(0.,-0.707106781186557,-0.707106781186538));
#6982=DIRECTION('',(0.,0.707106781186538,-0.707106781186557));
#6983=DIRECTION('',(3.70074341541719E-14,2.26605178907815E-30,1.));
#6984=DIRECTION('',(1.,0.,-3.70074341541719E-14));
#6985=DIRECTION('',(0.,0.,-1.));
#6986=DIRECTION('',(-1.,0.,0.));
#6987=DIRECTION('',(-1.3084103822365E-14,-0.707106781186557,0.707106781186538));
#6988=DIRECTION('',(0.,-0.707106781186538,-0.707106781186557));
#6989=DIRECTION('',(-1.3084103822365E-14,-0.707106781186557,0.707106781186538));
#6990=DIRECTION('',(0.,-0.707106781186538,-0.707106781186557));
#6991=DIRECTION('',(0.707106781186548,-0.5,0.5));
#6992=DIRECTION('',(0.707106781186548,0.5,-0.5));
#6993=DIRECTION('',(0.707106781186548,0.5,-0.5));
#6994=DIRECTION('',(0.707106781186548,-0.5,0.5));
#6995=DIRECTION('',(-0.5,-0.707106781186548,-0.5));
#6996=DIRECTION('',(0.5,-0.707106781186547,0.5));
#6997=DIRECTION('',(0.5,-0.707106781186547,0.5));
#6998=DIRECTION('',(-0.5,-0.707106781186548,-0.5));
#6999=DIRECTION('',(-0.707106781186557,0.,-0.707106781186538));
#7000=DIRECTION('',(-0.707106781186538,0.,0.707106781186557));
#7001=DIRECTION('',(-0.707106781186557,0.,-0.707106781186538));
#7002=DIRECTION('',(-0.707106781186538,0.,0.707106781186557));
#7003=DIRECTION('',(4.53210357815629E-30,-3.70074341541719E-14,1.));
#7004=DIRECTION('',(0.,-1.,-3.70074341541719E-14));
#7005=DIRECTION('',(0.,0.,-1.));
#7006=DIRECTION('',(-1.,0.,0.));
#7007=DIRECTION('',(0.,0.,-1.));
#7008=DIRECTION('',(-1.,0.,0.));
#7009=DIRECTION('',(-0.707106781186557,1.3084103822365E-14,0.707106781186538));
#7010=DIRECTION('',(0.707106781186538,0.,0.707106781186557));
#7011=DIRECTION('',(-0.5,-0.707106781186548,0.5));
#7012=DIRECTION('',(0.5,-0.707106781186547,-0.5));
#7013=DIRECTION('',(0.5,-0.707106781186547,-0.5));
#7014=DIRECTION('',(-0.5,-0.707106781186548,0.5));
#7015=DIRECTION('',(0.,0.,1.));
#7016=DIRECTION('',(1.,0.,0.));
#7017=DIRECTION('',(0.,0.,1.));
#7018=DIRECTION('',(1.,0.,0.));
#7019=DIRECTION('',(0.,0.,1.));
#7020=DIRECTION('',(1.,0.,0.));
#7021=DIRECTION('',(0.,0.,-1.));
#7022=DIRECTION('',(-1.,0.,0.));
#7023=DIRECTION('',(0.,0.,-1.));
#7024=DIRECTION('',(1.83697019872103E-16,1.,0.));
#7025=DIRECTION('',(0.,0.,-1.));
#7026=DIRECTION('',(-1.,0.,0.));
#7027=DIRECTION('',(0.,0.,-1.));
#7028=DIRECTION('',(-6.12323399573677E-17,-1.,0.));
#7029=DIRECTION('',(0.,0.,1.));
#7030=DIRECTION('',(0.,0.,-1.));
#7031=DIRECTION('',(-1.,0.,0.));
#7032=DIRECTION('',(0.,0.,1.));
#7033=DIRECTION('',(0.,0.,-1.));
#7034=DIRECTION('',(1.,-1.22464679914735E-16,0.));
#7035=DIRECTION('',(0.,0.,1.));
#7036=DIRECTION('',(0.,0.,-1.));
#7037=DIRECTION('',(-1.,0.,0.));
#7038=DIRECTION('',(0.,0.,1.));
#7039=DIRECTION('',(0.,0.,-1.));
#7040=DIRECTION('',(-1.,0.,0.));
#7041=DIRECTION('',(0.,0.,-1.));
#7042=DIRECTION('',(-1.,0.,0.));
#7043=DIRECTION('',(0.,0.,-1.));
#7044=DIRECTION('',(-1.,0.,0.));
#7045=DIRECTION('',(0.,0.,1.));
#7046=DIRECTION('',(0.,0.,-1.));
#7047=DIRECTION('',(-1.,0.,0.));
#7048=DIRECTION('',(0.,0.,1.));
#7049=DIRECTION('',(0.,0.,-1.));
#7050=DIRECTION('',(-1.,0.,0.));
#7051=DIRECTION('',(0.,0.,1.));
#7052=DIRECTION('',(0.,0.,-1.));
#7053=DIRECTION('',(-1.,0.,0.));
#7054=DIRECTION('',(0.,0.,1.));
#7055=DIRECTION('',(0.,0.,-1.));
#7056=DIRECTION('',(-1.,0.,0.));
#7057=DIRECTION('',(0.,0.,-1.));
#7058=DIRECTION('',(-1.,0.,0.));
#7059=DIRECTION('',(0.,0.,-1.));
#7060=DIRECTION('',(1.83697019872103E-16,1.,0.));
#7061=DIRECTION('',(0.,0.,1.));
#7062=DIRECTION('',(0.,0.,-1.));
#7063=DIRECTION('',(-1.,0.,0.));
#7064=DIRECTION('',(0.,0.,1.));
#7065=DIRECTION('',(0.,0.,-1.));
#7066=DIRECTION('',(-1.,0.,0.));
#7067=DIRECTION('',(0.,0.,1.));
#7068=DIRECTION('',(0.,0.,-1.));
#7069=DIRECTION('',(-1.,0.,0.));
#7070=DIRECTION('',(0.,0.,1.));
#7071=DIRECTION('',(0.,0.,-1.));
#7072=DIRECTION('',(-6.12323399573677E-17,-1.,0.));
#7073=DIRECTION('',(0.,0.,-1.));
#7074=DIRECTION('',(-1.,0.,0.));
#7075=DIRECTION('',(0.,0.,1.));
#7076=DIRECTION('',(1.,0.,0.));
#7077=DIRECTION('',(0.,0.,-1.));
#7078=DIRECTION('',(-1.,0.,0.));
#7079=DIRECTION('',(0.,0.,1.));
#7080=DIRECTION('',(1.,0.,0.));
#7081=DIRECTION('',(-1.84314369322536E-16,1.,0.));
#7082=DIRECTION('',(-1.84314369322536E-16,1.,0.));
#7083=DIRECTION('',(1.,0.,0.));
#7084=DIRECTION('',(-1.84314369322536E-16,1.,0.));
#7085=DIRECTION('',(-1.84314369322536E-16,1.,0.));
#7086=DIRECTION('',(1.,0.,0.));
#7087=DIRECTION('',(0.,0.,-1.));
#7088=DIRECTION('',(-1.,0.,0.));
#7089=DIRECTION('',(0.,0.,-1.));
#7090=DIRECTION('',(-1.,0.,0.));
#7091=DIRECTION('',(0.,0.,-1.));
#7092=DIRECTION('',(-1.,0.,0.));
#7093=DIRECTION('',(0.,0.,-1.));
#7094=DIRECTION('',(1.83697019872103E-16,1.,0.));
#7095=DIRECTION('',(0.,0.,-1.));
#7096=DIRECTION('',(-1.,0.,0.));
#7097=DIRECTION('',(0.,0.,-1.));
#7098=DIRECTION('',(-1.,0.,0.));
#7099=DIRECTION('',(0.,0.,-1.));
#7100=DIRECTION('',(1.,-1.22464679914735E-16,0.));
#7101=DIRECTION('',(0.,0.,-1.));
#7102=DIRECTION('',(-1.,0.,0.));
#7103=DIRECTION('',(0.,0.,-1.));
#7104=DIRECTION('',(-1.,0.,0.));
#7105=DIRECTION('',(0.,0.,-1.));
#7106=DIRECTION('',(-6.12323399573677E-17,-1.,0.));
#7107=DIRECTION('',(0.,0.,-1.));
#7108=DIRECTION('',(-1.,0.,0.));
#7109=DIRECTION('',(0.,0.,-1.));
#7110=DIRECTION('',(-1.,0.,0.));
#7111=DIRECTION('',(0.,0.,-1.));
#7112=DIRECTION('',(0.,0.,-1.));
#7113=DIRECTION('',(-1.,0.,0.));
#7114=DIRECTION('',(0.,0.,-1.));
#7115=DIRECTION('',(0.,0.,-1.));
#7116=DIRECTION('',(-1.,0.,0.));
#7117=DIRECTION('',(0.,0.,-1.));
#7118=DIRECTION('',(-1.,0.,0.));
#7119=DIRECTION('',(0.,0.,-1.));
#7120=DIRECTION('',(0.,0.,-1.));
#7121=DIRECTION('',(-6.12323399573677E-17,-1.,0.));
#7122=DIRECTION('',(0.,0.,-1.));
#7123=DIRECTION('',(0.,0.,-1.));
#7124=DIRECTION('',(-1.,0.,0.));
#7125=DIRECTION('',(0.,0.,-1.));
#7126=DIRECTION('',(-1.,0.,0.));
#7127=DIRECTION('',(0.,0.,-1.));
#7128=DIRECTION('',(0.,0.,-1.));
#7129=DIRECTION('',(1.,-1.22464679914735E-16,0.));
#7130=DIRECTION('',(0.,0.,-1.));
#7131=DIRECTION('',(0.,0.,-1.));
#7132=DIRECTION('',(-1.,0.,0.));
#7133=DIRECTION('',(0.,0.,-1.));
#7134=DIRECTION('',(-1.,0.,0.));
#7135=DIRECTION('',(0.,0.,-1.));
#7136=DIRECTION('',(0.,0.,-1.));
#7137=DIRECTION('',(1.83697019872103E-16,1.,0.));
#7138=DIRECTION('',(0.,0.,-1.));
#7139=DIRECTION('',(0.,0.,-1.));
#7140=DIRECTION('',(-1.,0.,0.));
#7141=DIRECTION('',(0.,0.,-1.));
#7142=DIRECTION('',(-1.,0.,0.));
#7143=DIRECTION('',(-1.7347234759768E-16,0.,-1.));
#7144=DIRECTION('',(1.,0.,0.));
#7145=DIRECTION('',(-1.7347234759768E-16,0.,-1.));
#7146=DIRECTION('',(-1.84314369322536E-16,1.,0.));
#7147=DIRECTION('',(-1.84314369322536E-16,1.,0.));
#7148=DIRECTION('',(-1.7347234759768E-16,0.,-1.));
#7149=DIRECTION('',(-1.84314369322536E-16,1.,0.));
#7150=DIRECTION('',(-1.84314369322536E-16,1.,0.));
#7151=DIRECTION('',(-1.7347234759768E-16,0.,-1.));
#7152=DIRECTION('',(1.,0.,0.));
#7153=DIRECTION('',(0.,0.,-1.));
#7154=DIRECTION('',(-1.,0.,0.));
#7155=DIRECTION('',(0.,0.,1.));
#7156=DIRECTION('',(1.,0.,0.));
#7157=DIRECTION('',(0.,0.,1.));
#7158=DIRECTION('',(1.,0.,0.));
#7159=DIRECTION('',(0.,0.,-1.));
#7160=DIRECTION('',(-1.,0.,0.));
#7161=DIRECTION('',(0.,0.,1.));
#7162=DIRECTION('',(1.,0.,0.));
#7163=DIRECTION('',(0.,0.,1.));
#7164=DIRECTION('',(1.,0.,0.));
#7165=DIRECTION('',(0.,0.,1.));
#7166=DIRECTION('',(1.,0.,0.));
#7167=DIRECTION('',(0.,0.,1.));
#7168=DIRECTION('',(1.,0.,0.));
#7169=DIRECTION('',(0.,0.,1.));
#7170=DIRECTION('',(1.,0.,0.));
#7171=DIRECTION('',(0.,0.,1.));
#7172=DIRECTION('',(1.,0.,0.));
#7173=DIRECTION('',(0.,0.,1.));
#7174=DIRECTION('',(1.,0.,0.));
#7175=DIRECTION('',(0.,0.,1.));
#7176=DIRECTION('',(1.,0.,0.));
#7177=DIRECTION('',(0.,0.,1.));
#7178=DIRECTION('',(1.,0.,0.));
#7179=DIRECTION('',(0.,0.,1.));
#7180=DIRECTION('',(1.,0.,0.));
#7181=DIRECTION('',(0.,0.,1.));
#7182=DIRECTION('',(1.,0.,0.));
#7183=DIRECTION('',(0.,0.,1.));
#7184=DIRECTION('',(1.,0.,0.));
#7185=DIRECTION('',(0.,0.,1.));
#7186=DIRECTION('',(1.,0.,0.));
#7187=DIRECTION('',(0.,0.,1.));
#7188=DIRECTION('',(1.,0.,0.));
#7189=DIRECTION('',(0.,0.,1.));
#7190=DIRECTION('',(1.,0.,0.));
#7191=DIRECTION('',(0.,0.,1.));
#7192=DIRECTION('',(1.,0.,0.));
#7193=DIRECTION('',(0.,0.,1.));
#7194=DIRECTION('',(1.,0.,0.));
#7195=DIRECTION('',(0.,0.,1.));
#7196=DIRECTION('',(1.,0.,0.));
#7197=DIRECTION('',(1.,0.,0.));
#7198=DIRECTION('',(0.,0.,-1.));
#7199=DIRECTION('',(1.,0.,0.));
#7200=DIRECTION('',(0.,0.,-1.));
#7201=DIRECTION('',(0.5,0.866025403784439,0.));
#7202=DIRECTION('',(0.5,0.866025403784439,0.));
#7203=DIRECTION('',(0.,0.,-1.));
#7204=DIRECTION('',(-0.5,0.866025403784439,0.));
#7205=DIRECTION('',(-0.5,0.866025403784439,0.));
#7206=DIRECTION('',(0.,0.,-1.));
#7207=DIRECTION('',(-1.,3.46944695195362E-16,0.));
#7208=DIRECTION('',(-1.,3.46944695195362E-16,0.));
#7209=DIRECTION('',(0.,0.,-1.));
#7210=DIRECTION('',(-0.5,-0.866025403784439,0.));
#7211=DIRECTION('',(-0.5,-0.866025403784439,0.));
#7212=DIRECTION('',(0.,0.,-1.));
#7213=DIRECTION('',(0.5,-0.866025403784439,0.));
#7214=DIRECTION('',(0.5,-0.866025403784439,0.));
#7215=DIRECTION('',(-1.,-1.15648231731787E-16,0.));
#7216=DIRECTION('',(0.,0.,-1.));
#7217=DIRECTION('',(-1.,-1.15648231731787E-16,0.));
#7218=DIRECTION('',(0.,0.,-1.));
#7219=DIRECTION('',(1.15648231731787E-16,1.,0.));
#7220=DIRECTION('',(0.,0.,-1.));
#7221=DIRECTION('',(1.15648231731787E-16,1.,0.));
#7222=DIRECTION('',(-1.,0.,0.));
#7223=DIRECTION('',(0.,0.,-1.));
#7224=DIRECTION('',(-1.,0.,0.));
#7225=DIRECTION('',(1.15648231731787E-16,1.,0.));
#7226=DIRECTION('',(1.15648231731787E-16,1.,0.));
#7227=DIRECTION('',(1.,0.,0.));
#7228=DIRECTION('',(0.,1.,0.));
#7229=DIRECTION('',(1.,0.,0.));
#7230=DIRECTION('',(0.,1.,0.));
#7231=DIRECTION('',(1.,0.,0.));
#7232=DIRECTION('',(0.5,-0.866025403784439,0.));
#7233=DIRECTION('',(-0.5,-0.866025403784439,0.));
#7234=DIRECTION('',(-1.,3.46944695195362E-16,0.));
#7235=DIRECTION('',(-0.5,0.866025403784439,0.));
#7236=DIRECTION('',(0.5,0.866025403784439,0.));
#7237=DIRECTION('',(1.,0.,0.));
#7238=DIRECTION('',(0.,1.,0.));
#7239=DIRECTION('',(1.,0.,0.));
#7240=DIRECTION('',(0.,1.,0.));
#7241=DIRECTION('',(-1.7347234759768E-16,0.,-1.));
#7242=DIRECTION('',(-1.7347234759768E-16,0.,-1.));
#7243=DIRECTION('',(-1.7347234759768E-16,0.,-1.));
#7244=DIRECTION('',(-1.7347234759768E-16,0.,-1.));
#7245=DIRECTION('',(1.,0.,0.));
#7246=DIRECTION('',(0.5,0.866025403784439,0.));
#7247=DIRECTION('',(-0.5,0.866025403784439,0.));
#7248=DIRECTION('',(-1.,3.46944695195362E-16,0.));
#7249=DIRECTION('',(-0.5,-0.866025403784439,0.));
#7250=DIRECTION('',(0.5,-0.866025403784439,0.));
#7251=DIRECTION('',(0.,0.,-1.));
#7252=DIRECTION('',(0.,0.,-1.));
#7253=DIRECTION('',(0.,0.,-1.));
#7254=DIRECTION('',(0.,0.,-1.));
#7255=DIRECTION('',(0.,0.,-1.));
#7256=DIRECTION('',(0.,0.,-1.));
#7257=DIRECTION('',(0.,0.,1.));
#7258=DIRECTION('',(1.,0.,0.));
#7259=DIRECTION('',(2.35607258285033E-17,0.,1.));
#7260=DIRECTION('',(1.,0.,-2.35607258285033E-17));
#7261=DIRECTION('',(2.35607258285033E-17,0.,1.));
#7262=DIRECTION('',(1.,0.,-2.35607258285033E-17));
#7263=DIRECTION('',(2.35607258285033E-17,0.,1.));
#7264=DIRECTION('',(1.,0.,-2.35607258285033E-17));
#7265=DIRECTION('',(2.35607258285033E-17,0.,1.));
#7266=DIRECTION('',(1.,0.,-2.35607258285033E-17));
#7267=DIRECTION('',(2.35607258285033E-17,0.,1.));
#7268=DIRECTION('',(1.,0.,-2.35607258285033E-17));
#7269=DIRECTION('',(2.35607258285033E-17,0.,1.));
#7270=DIRECTION('',(1.,0.,-2.35607258285033E-17));
#7271=DIRECTION('',(2.35607258285033E-17,0.,1.));
#7272=DIRECTION('',(1.,0.,-2.35607258285033E-17));
#7273=DIRECTION('',(2.35607258285033E-17,0.,1.));
#7274=DIRECTION('',(1.,0.,-2.35607258285033E-17));
#7275=DIRECTION('',(0.,0.,1.));
#7276=DIRECTION('',(1.,0.,0.));
#7277=DIRECTION('',(0.,0.,-1.));
#7278=DIRECTION('',(-1.,0.,0.));
#7279=DIRECTION('',(0.,0.,-1.));
#7280=DIRECTION('',(-1.,0.,0.));
#7281=DIRECTION('',(0.,0.,-1.));
#7282=DIRECTION('',(-1.,0.,0.));
#7283=DIRECTION('',(0.,0.,-1.));
#7284=DIRECTION('',(-1.,0.,0.));
#7285=DIRECTION('',(1.15648231731787E-16,1.,0.));
#7286=DIRECTION('',(-1.,0.,0.));
#7287=DIRECTION('',(0.,0.,-1.));
#7288=DIRECTION('',(-1.,0.,0.));
#7289=DIRECTION('',(1.15648231731787E-16,1.,0.));
#7290=DIRECTION('',(0.,0.,-1.));
#7291=DIRECTION('',(1.15648231731787E-16,1.,0.));
#7292=DIRECTION('',(-1.,-1.15648231731787E-16,0.));
#7293=DIRECTION('',(0.,0.,-1.));
#7294=DIRECTION('',(1.15648231731787E-16,1.,0.));
#7295=DIRECTION('',(0.,0.,-1.));
#7296=DIRECTION('',(-1.,-1.15648231731787E-16,0.));
#7297=CARTESIAN_POINT('',(0.,0.,0.));
#7298=CARTESIAN_POINT('',(-0.049,6.00076931582203E-18,-0.426));
#7299=CARTESIAN_POINT('',(-0.049,6.00076931582203E-18,-0.42));
#7300=CARTESIAN_POINT('',(-0.049,-0.098,-0.426));
#7301=CARTESIAN_POINT('',(-0.049,-0.098,-0.42));
#7302=CARTESIAN_POINT('',(0.049,-0.098,-0.426));
#7303=CARTESIAN_POINT('',(0.049,-0.098,-0.42));
#7304=CARTESIAN_POINT('',(0.049,0.,-0.426));
#7305=CARTESIAN_POINT('',(0.049,0.,-0.42));
#7306=CARTESIAN_POINT('',(0.,0.,-0.426));
#7307=CARTESIAN_POINT('',(-0.049,6.00076931582203E-18,-0.426));
#7308=CARTESIAN_POINT('',(0.049,0.,-0.426));
#7309=CARTESIAN_POINT('',(-0.049,6.00076931582203E-18,-0.4263));
#7310=CARTESIAN_POINT('',(-0.049,6.00076931582203E-18,-0.4197));
#7311=CARTESIAN_POINT('',(-0.049,6.00076931582203E-18,-0.42));
#7312=CARTESIAN_POINT('',(0.,0.,-0.42));
#7313=CARTESIAN_POINT('',(0.049,0.,-0.42));
#7314=CARTESIAN_POINT('',(0.049,0.,-0.4263));
#7315=CARTESIAN_POINT('',(0.049,0.,-0.4197));
#7316=CARTESIAN_POINT('',(0.113,0.,-0.426));
#7317=CARTESIAN_POINT('',(0.113,0.,-0.42));
#7318=CARTESIAN_POINT('',(0.113,0.226,-0.426));
#7319=CARTESIAN_POINT('',(0.113,0.226,-0.42));
#7320=CARTESIAN_POINT('',(-0.113,0.226,-0.426));
#7321=CARTESIAN_POINT('',(-0.113,0.226,-0.42));
#7322=CARTESIAN_POINT('',(-0.113,1.38385088303651E-17,-0.426));
#7323=CARTESIAN_POINT('',(-0.113,1.38385088303651E-17,-0.42));
#7324=CARTESIAN_POINT('',(0.,0.,-0.426));
#7325=CARTESIAN_POINT('',(0.113,0.,-0.426));
#7326=CARTESIAN_POINT('',(-0.113,1.38385088303651E-17,-0.426));
#7327=CARTESIAN_POINT('',(-0.113,1.38385088303651E-17,-0.4263));
#7328=CARTESIAN_POINT('',(-0.113,1.38385088303651E-17,-0.4197));
#7329=CARTESIAN_POINT('',(-0.113,1.38385088303651E-17,-0.42));
#7330=CARTESIAN_POINT('',(0.,0.,-0.42));
#7331=CARTESIAN_POINT('',(0.113,0.,-0.42));
#7332=CARTESIAN_POINT('',(0.113,0.,-0.4263));
#7333=CARTESIAN_POINT('',(0.113,0.,-0.4197));
#7334=CARTESIAN_POINT('',(-0.113,1.38385088303651E-17,-0.426));
#7335=CARTESIAN_POINT('',(-0.113,1.38385088303651E-17,-0.42));
#7336=CARTESIAN_POINT('',(-0.113,-0.226,-0.426));
#7337=CARTESIAN_POINT('',(-0.113,-0.226,-0.42));
#7338=CARTESIAN_POINT('',(0.113,-0.226,-0.426));
#7339=CARTESIAN_POINT('',(0.113,-0.226,-0.42));
#7340=CARTESIAN_POINT('',(0.113,0.,-0.426));
#7341=CARTESIAN_POINT('',(0.113,0.,-0.42));
#7342=CARTESIAN_POINT('',(0.,0.,-0.426));
#7343=CARTESIAN_POINT('',(0.,0.,-0.42));
#7344=CARTESIAN_POINT('',(-0.115041047553628,-0.115239737452465,-0.426));
#7345=CARTESIAN_POINT('',(-0.115041047553628,0.114752419406309,-0.426));
#7346=CARTESIAN_POINT('',(0.114360085770698,-0.115239737452465,-0.426));
#7347=CARTESIAN_POINT('',(0.114360085770698,0.114752419406309,-0.426));
#7348=CARTESIAN_POINT('',(0.,0.,-0.426));
#7349=CARTESIAN_POINT('',(0.049,0.,-0.426));
#7350=CARTESIAN_POINT('',(0.049,0.,-0.42));
#7351=CARTESIAN_POINT('',(0.049,0.098,-0.426));
#7352=CARTESIAN_POINT('',(0.049,0.098,-0.42));
#7353=CARTESIAN_POINT('',(-0.049,0.098,-0.426));
#7354=CARTESIAN_POINT('',(-0.049,0.098,-0.42));
#7355=CARTESIAN_POINT('',(-0.049,6.00076931582203E-18,-0.426));
#7356=CARTESIAN_POINT('',(-0.049,6.00076931582203E-18,-0.42));
#7357=CARTESIAN_POINT('',(0.,0.,-0.42));
#7358=CARTESIAN_POINT('',(0.114360085770698,-0.115239737452465,-0.42));
#7359=CARTESIAN_POINT('',(0.114360085770698,0.114752419406309,-0.42));
#7360=CARTESIAN_POINT('',(-0.115041047553628,-0.115239737452465,-0.42));
#7361=CARTESIAN_POINT('',(-0.115041047553628,0.114752419406309,-0.42));
#7362=CARTESIAN_POINT('',(0.,0.,0.));
#7363=CARTESIAN_POINT('',(-0.113,1.38385088303651E-17,-0.75));
#7364=CARTESIAN_POINT('',(-0.113,1.38385088303651E-17,2.08166817117217E-17));
#7365=CARTESIAN_POINT('',(-0.113,-0.226,-0.75));
#7366=CARTESIAN_POINT('',(-0.113,-0.226,6.76542155630955E-17));
#7367=CARTESIAN_POINT('',(0.113,-0.226,-0.75));
#7368=CARTESIAN_POINT('',(0.113,-0.226,6.76542155630955E-17));
#7369=CARTESIAN_POINT('',(0.113,0.,-0.75));
#7370=CARTESIAN_POINT('',(0.113,0.,2.08166817117217E-17));
#7371=CARTESIAN_POINT('',(0.0777535818473038,-0.081996222534423,-0.025));
#7372=CARTESIAN_POINT('',(0.0777535818473037,-0.081996222534423,-0.588));
#7373=CARTESIAN_POINT('',(0.0777535818473037,-0.081996222534423,-0.744));
#7374=CARTESIAN_POINT('',(0.,0.,-0.744));
#7375=CARTESIAN_POINT('',(0.081996222534423,-0.0777535818473038,-0.744));
#7376=CARTESIAN_POINT('',(0.0819962225344231,-0.0777535818473037,-0.025));
#7377=CARTESIAN_POINT('',(0.081996222534423,-0.0777535818473038,-0.588));
#7378=CARTESIAN_POINT('',(0.,0.,-0.588));
#7379=CARTESIAN_POINT('',(-0.081996222534423,-0.0777535818473038,-0.025));
#7380=CARTESIAN_POINT('',(-0.081996222534423,-0.0777535818473037,-0.588));
#7381=CARTESIAN_POINT('',(-0.081996222534423,-0.0777535818473037,-0.744));
#7382=CARTESIAN_POINT('',(0.,0.,-0.744));
#7383=CARTESIAN_POINT('',(-0.0777535818473038,-0.081996222534423,-0.744));
#7384=CARTESIAN_POINT('',(-0.0777535818473037,-0.0819962225344231,-0.025));
#7385=CARTESIAN_POINT('',(-0.0777535818473037,-0.081996222534423,-0.588));
#7386=CARTESIAN_POINT('',(0.,0.,-0.588));
#7387=CARTESIAN_POINT('',(0.,0.,-0.426));
#7388=CARTESIAN_POINT('',(-0.0015,-0.112990043809178,-0.426));
#7389=CARTESIAN_POINT('',(0.0015,-0.112990043809178,-0.426));
#7390=CARTESIAN_POINT('',(-0.0015,-0.112990043809178,-0.025));
#7391=CARTESIAN_POINT('',(-0.0015,-0.112990043809178,-0.582));
#7392=CARTESIAN_POINT('',(0.,0.,-0.582));
#7393=CARTESIAN_POINT('',(0.0015,-0.112990043809178,-0.582));
#7394=CARTESIAN_POINT('',(0.0015,-0.112990043809178,-0.025));
#7395=CARTESIAN_POINT('',(0.,0.,-0.75));
#7396=CARTESIAN_POINT('',(-0.113,1.38385088303651E-17,-0.75));
#7397=CARTESIAN_POINT('',(0.113,0.,-0.75));
#7398=CARTESIAN_POINT('',(-0.113,1.38385088303651E-17,-0.7875));
#7399=CARTESIAN_POINT('',(-0.113,1.38385088303651E-17,0.0375));
#7400=CARTESIAN_POINT('',(-0.113,1.38385088303651E-17,-0.582));
#7401=CARTESIAN_POINT('',(0.,0.,-0.582));
#7402=CARTESIAN_POINT('',(-0.112990043809178,-0.0015,-0.582));
#7403=CARTESIAN_POINT('',(-0.112990043809178,-0.0015,-0.025));
#7404=CARTESIAN_POINT('',(-0.112990043809178,-0.0015,-0.426));
#7405=CARTESIAN_POINT('',(0.,0.,-0.426));
#7406=CARTESIAN_POINT('',(-0.113,1.38385088303651E-17,-0.426));
#7407=CARTESIAN_POINT('',(-0.113,1.38385088303651E-17,-0.7875));
#7408=CARTESIAN_POINT('',(-0.113,1.38385088303651E-17,0.0375));
#7409=CARTESIAN_POINT('',(-0.113,1.38385088303651E-17,0.));
#7410=CARTESIAN_POINT('',(0.,0.,0.));
#7411=CARTESIAN_POINT('',(0.113,0.,0.));
#7412=CARTESIAN_POINT('',(0.113,0.,-0.7875));
#7413=CARTESIAN_POINT('',(0.113,0.,0.0375));
#7414=CARTESIAN_POINT('',(0.113,0.,-0.426));
#7415=CARTESIAN_POINT('',(0.,0.,-0.426));
#7416=CARTESIAN_POINT('',(0.112990043809178,-0.0015,-0.426));
#7417=CARTESIAN_POINT('',(0.112990043809178,-0.0015,-0.025));
#7418=CARTESIAN_POINT('',(0.112990043809178,-0.0015,-0.582));
#7419=CARTESIAN_POINT('',(0.,0.,-0.582));
#7420=CARTESIAN_POINT('',(0.113,0.,-0.582));
#7421=CARTESIAN_POINT('',(0.113,0.,-0.7875));
#7422=CARTESIAN_POINT('',(0.113,0.,0.0375));
#7423=CARTESIAN_POINT('',(0.115,0.,-0.75));
#7424=CARTESIAN_POINT('',(0.115,0.,2.08166817117217E-17));
#7425=CARTESIAN_POINT('',(0.115,0.23,-0.75));
#7426=CARTESIAN_POINT('',(0.115,0.23,6.76542155630955E-17));
#7427=CARTESIAN_POINT('',(-0.115,0.23,-0.75));
#7428=CARTESIAN_POINT('',(-0.115,0.23,6.76542155630955E-17));
#7429=CARTESIAN_POINT('',(-0.115,1.40834381901946E-17,-0.75));
#7430=CARTESIAN_POINT('',(-0.115,1.40834381901946E-17,2.08166817117217E-17));
#7431=CARTESIAN_POINT('',(0.,0.,-0.588));
#7432=CARTESIAN_POINT('',(0.0834109260751659,0.0791682853880466,-0.588));
#7433=CARTESIAN_POINT('',(0.0791682853880466,0.0834109260751659,-0.588));
#7434=CARTESIAN_POINT('',(0.0791682853880466,0.083410926075166,-0.025));
#7435=CARTESIAN_POINT('',(0.0791682853880466,0.0834109260751659,-0.744));
#7436=CARTESIAN_POINT('',(0.,0.,-0.744));
#7437=CARTESIAN_POINT('',(0.0834109260751659,0.0791682853880466,-0.744));
#7438=CARTESIAN_POINT('',(0.0834109260751659,0.0791682853880467,-0.025));
#7439=CARTESIAN_POINT('',(0.,0.,-0.588));
#7440=CARTESIAN_POINT('',(-0.0791682853880466,0.0834109260751659,-0.588));
#7441=CARTESIAN_POINT('',(-0.0834109260751659,0.0791682853880466,-0.588));
#7442=CARTESIAN_POINT('',(-0.083410926075166,0.0791682853880466,-0.025));
#7443=CARTESIAN_POINT('',(-0.0834109260751659,0.0791682853880466,-0.744));
#7444=CARTESIAN_POINT('',(0.,0.,-0.744));
#7445=CARTESIAN_POINT('',(-0.0791682853880466,0.0834109260751659,-0.744));
#7446=CARTESIAN_POINT('',(-0.0791682853880467,0.0834109260751659,-0.025));
#7447=CARTESIAN_POINT('',(-0.0015,0.114990216975184,-0.025));
#7448=CARTESIAN_POINT('',(-0.00149993620851772,0.11499510931969,-0.426));
#7449=CARTESIAN_POINT('',(-0.00149993620851772,0.11499510931969,-0.582));
#7450=CARTESIAN_POINT('',(0.00149999999999998,0.115,-0.582));
#7451=CARTESIAN_POINT('',(0.00149993620851768,0.11499510931969,-0.582));
#7452=CARTESIAN_POINT('',(0.00149999999999998,0.114990216975184,-0.025));
#7453=CARTESIAN_POINT('',(0.00149993620851768,0.11499510931969,-0.426));
#7454=CARTESIAN_POINT('',(0.00149987241703518,0.114990218639381,-0.426));
#7455=CARTESIAN_POINT('',(0.000500042520420289,0.115003259898902,-0.426));
#7456=CARTESIAN_POINT('',(-0.000500042520420584,0.115003259898902,-0.426));
#7457=CARTESIAN_POINT('',(-0.00149987241703547,0.114990218639381,-0.426));
#7458=CARTESIAN_POINT('',(0.,0.,-0.75));
#7459=CARTESIAN_POINT('',(0.115,0.,-0.75));
#7460=CARTESIAN_POINT('',(-0.115,1.40834381901946E-17,-0.75));
#7461=CARTESIAN_POINT('',(-0.115,1.40834381901946E-17,-0.7875));
#7462=CARTESIAN_POINT('',(-0.115,1.40834381901946E-17,0.0375));
#7463=CARTESIAN_POINT('',(-0.115000000208007,1.41974534335016E-17,-0.582));
#7464=CARTESIAN_POINT('',(-0.115,0.00149999999999999,-0.582));
#7465=CARTESIAN_POINT('',(-0.11499510931969,0.00149993620851769,-0.582));
#7466=CARTESIAN_POINT('',(-0.114990216975184,0.00149999999999999,-0.025));
#7467=CARTESIAN_POINT('',(-0.11499510931969,0.00149993620851769,-0.426));
#7468=CARTESIAN_POINT('',(-0.115,0.00149999999999999,-0.426));
#7469=CARTESIAN_POINT('',(-0.115000000208007,1.41974534335016E-17,-0.426));
#7470=CARTESIAN_POINT('',(-0.115,1.40834381901946E-17,-0.7875));
#7471=CARTESIAN_POINT('',(-0.115,1.40834381901946E-17,0.0375));
#7472=CARTESIAN_POINT('',(-0.115,1.40834381901946E-17,0.));
#7473=CARTESIAN_POINT('',(0.,0.,0.));
#7474=CARTESIAN_POINT('',(0.115,0.,0.));
#7475=CARTESIAN_POINT('',(0.115,0.,-0.7875));
#7476=CARTESIAN_POINT('',(0.115,0.,0.0375));
#7477=CARTESIAN_POINT('',(0.115000000208007,2.16840434497101E-19,-0.426));
#7478=CARTESIAN_POINT('',(0.115,-0.0015,-0.426));
#7479=CARTESIAN_POINT('',(0.11499510931969,0.0014999362085177,-0.426));
#7480=CARTESIAN_POINT('',(0.114990216975184,0.0015,-0.025));
#7481=CARTESIAN_POINT('',(0.11499510931969,0.0014999362085177,-0.582));
#7482=CARTESIAN_POINT('',(0.115,-0.0015,-0.582));
#7483=CARTESIAN_POINT('',(0.115000000208007,0.,-0.582));
#7484=CARTESIAN_POINT('',(0.115,0.,-0.7875));
#7485=CARTESIAN_POINT('',(0.115,0.,0.0375));
#7486=CARTESIAN_POINT('',(-0.115,1.40834381901946E-17,-0.75));
#7487=CARTESIAN_POINT('',(-0.115,1.40834381901946E-17,2.77555756156289E-17));
#7488=CARTESIAN_POINT('',(-0.115,-0.23,-0.75));
#7489=CARTESIAN_POINT('',(-0.115,-0.23,6.76542155630955E-17));
#7490=CARTESIAN_POINT('',(0.115,-0.23,-0.75));
#7491=CARTESIAN_POINT('',(0.115,-0.23,6.76542155630955E-17));
#7492=CARTESIAN_POINT('',(0.115,0.,-0.75));
#7493=CARTESIAN_POINT('',(0.115,0.,2.77555756156289E-17));
#7494=CARTESIAN_POINT('',(0.,0.,-0.75));
#7495=CARTESIAN_POINT('',(0.115,-0.0015,-0.582));
#7496=CARTESIAN_POINT('',(0.11499510931969,-0.0014999362085177,-0.582));
#7497=CARTESIAN_POINT('',(0.114990216975184,-0.0015,-0.025));
#7498=CARTESIAN_POINT('',(0.11499510931969,-0.0014999362085177,-0.426));
#7499=CARTESIAN_POINT('',(0.115,-0.0015,-0.426));
#7500=CARTESIAN_POINT('',(0.,0.,0.));
#7501=CARTESIAN_POINT('',(-0.115,0.00149999999999999,-0.426));
#7502=CARTESIAN_POINT('',(-0.11499510931969,-0.00149993620851771,-0.426));
#7503=CARTESIAN_POINT('',(-0.114990216975184,-0.0015,-0.025));
#7504=CARTESIAN_POINT('',(-0.11499510931969,-0.00149993620851771,-0.582));
#7505=CARTESIAN_POINT('',(-0.115,0.00149999999999999,-0.582));
#7506=CARTESIAN_POINT('',(0.0015,-0.114990216975184,-0.025));
#7507=CARTESIAN_POINT('',(0.00149993620851771,-0.11499510931969,-0.426));
#7508=CARTESIAN_POINT('',(0.00149993620851771,-0.11499510931969,-0.582));
#7509=CARTESIAN_POINT('',(-0.0015,-0.115,-0.582));
#7510=CARTESIAN_POINT('',(-0.00149993620851769,-0.11499510931969,-0.582));
#7511=CARTESIAN_POINT('',(-0.0015,-0.114990216975184,-0.025));
#7512=CARTESIAN_POINT('',(-0.00149993620851769,-0.11499510931969,-0.426));
#7513=CARTESIAN_POINT('',(-0.00149987241703565,-0.114990218639381,-0.426));
#7514=CARTESIAN_POINT('',(-0.000500042520420553,-0.115003259898902,-0.426));
#7515=CARTESIAN_POINT('',(0.000500042520420535,-0.115003259898902,-0.426));
#7516=CARTESIAN_POINT('',(0.00149987241703563,-0.114990218639381,-0.426));
#7517=CARTESIAN_POINT('',(0.,0.,-0.588));
#7518=CARTESIAN_POINT('',(0.0791682853880466,-0.0834109260751659,-0.588));
#7519=CARTESIAN_POINT('',(0.0834109260751659,-0.0791682853880466,-0.588));
#7520=CARTESIAN_POINT('',(0.083410926075166,-0.0791682853880466,-0.025));
#7521=CARTESIAN_POINT('',(0.0834109260751659,-0.0791682853880466,-0.744));
#7522=CARTESIAN_POINT('',(0.,0.,-0.744));
#7523=CARTESIAN_POINT('',(0.0791682853880466,-0.0834109260751659,-0.744));
#7524=CARTESIAN_POINT('',(0.0791682853880467,-0.0834109260751659,-0.025));
#7525=CARTESIAN_POINT('',(0.,0.,-0.588));
#7526=CARTESIAN_POINT('',(-0.0834109260751659,-0.0791682853880466,-0.588));
#7527=CARTESIAN_POINT('',(-0.0791682853880466,-0.0834109260751659,-0.588));
#7528=CARTESIAN_POINT('',(-0.0791682853880466,-0.083410926075166,-0.025));
#7529=CARTESIAN_POINT('',(-0.0791682853880466,-0.0834109260751659,-0.744));
#7530=CARTESIAN_POINT('',(0.,0.,-0.744));
#7531=CARTESIAN_POINT('',(-0.0834109260751659,-0.0791682853880466,-0.744));
#7532=CARTESIAN_POINT('',(-0.0834109260751659,-0.0791682853880467,-0.025));
#7533=CARTESIAN_POINT('',(0.113,0.,-0.75));
#7534=CARTESIAN_POINT('',(0.113,0.,2.77555756156289E-17));
#7535=CARTESIAN_POINT('',(0.113,0.226,-0.75));
#7536=CARTESIAN_POINT('',(0.113,0.226,6.76542155630955E-17));
#7537=CARTESIAN_POINT('',(-0.113,0.226,-0.75));
#7538=CARTESIAN_POINT('',(-0.113,0.226,6.76542155630955E-17));
#7539=CARTESIAN_POINT('',(-0.113,1.38385088303651E-17,-0.75));
#7540=CARTESIAN_POINT('',(-0.113,1.38385088303651E-17,2.77555756156289E-17));
#7541=CARTESIAN_POINT('',(0.,0.,-0.75));
#7542=CARTESIAN_POINT('',(0.,0.,-0.582));
#7543=CARTESIAN_POINT('',(0.112990043809178,0.0015,-0.582));
#7544=CARTESIAN_POINT('',(0.112990043809178,0.0015,-0.025));
#7545=CARTESIAN_POINT('',(0.112990043809178,0.0015,-0.426));
#7546=CARTESIAN_POINT('',(0.,0.,-0.426));
#7547=CARTESIAN_POINT('',(0.,0.,0.));
#7548=CARTESIAN_POINT('',(0.,0.,-0.426));
#7549=CARTESIAN_POINT('',(-0.112990043809178,0.00149999999999999,-0.426));
#7550=CARTESIAN_POINT('',(-0.112990043809178,0.00149999999999999,-0.025));
#7551=CARTESIAN_POINT('',(-0.112990043809178,0.00149999999999999,-0.582));
#7552=CARTESIAN_POINT('',(0.,0.,-0.582));
#7553=CARTESIAN_POINT('',(0.,0.,-0.426));
#7554=CARTESIAN_POINT('',(0.00149999999999998,0.112990043809178,-0.426));
#7555=CARTESIAN_POINT('',(-0.0015,0.112990043809178,-0.426));
#7556=CARTESIAN_POINT('',(0.00149999999999998,0.112990043809178,-0.025));
#7557=CARTESIAN_POINT('',(0.00149999999999998,0.112990043809178,-0.582));
#7558=CARTESIAN_POINT('',(0.,0.,-0.582));
#7559=CARTESIAN_POINT('',(-0.0015,0.112990043809178,-0.582));
#7560=CARTESIAN_POINT('',(-0.0015,0.112990043809178,-0.025));
#7561=CARTESIAN_POINT('',(0.081996222534423,0.0777535818473038,-0.025));
#7562=CARTESIAN_POINT('',(0.081996222534423,0.0777535818473037,-0.588));
#7563=CARTESIAN_POINT('',(0.081996222534423,0.0777535818473038,-0.744));
#7564=CARTESIAN_POINT('',(0.,0.,-0.744));
#7565=CARTESIAN_POINT('',(0.0777535818473037,0.081996222534423,-0.744));
#7566=CARTESIAN_POINT('',(0.0777535818473037,0.0819962225344231,-0.025));
#7567=CARTESIAN_POINT('',(0.0777535818473037,0.081996222534423,-0.588));
#7568=CARTESIAN_POINT('',(0.,0.,-0.588));
#7569=CARTESIAN_POINT('',(-0.0777535818473038,0.081996222534423,-0.025));
#7570=CARTESIAN_POINT('',(-0.0777535818473037,0.081996222534423,-0.588));
#7571=CARTESIAN_POINT('',(-0.0777535818473038,0.081996222534423,-0.744));
#7572=CARTESIAN_POINT('',(0.,0.,-0.744));
#7573=CARTESIAN_POINT('',(-0.081996222534423,0.0777535818473037,-0.744));
#7574=CARTESIAN_POINT('',(-0.0819962225344231,0.0777535818473037,-0.025));
#7575=CARTESIAN_POINT('',(-0.081996222534423,0.0777535818473037,-0.588));
#7576=CARTESIAN_POINT('',(0.,0.,-0.588));
#7577=CARTESIAN_POINT('',(-0.117077172289091,-0.117279378823305,0.));
#7578=CARTESIAN_POINT('',(-0.117077172289091,0.116783435678987,0.));
#7579=CARTESIAN_POINT('',(0.116384158085223,-0.117279378823305,0.));
#7580=CARTESIAN_POINT('',(0.116384158085223,0.116783435678987,0.));
#7581=CARTESIAN_POINT('',(0.116384158085223,-0.117279378823305,-0.75));
#7582=CARTESIAN_POINT('',(0.116384158085223,0.116783435678987,-0.75));
#7583=CARTESIAN_POINT('',(-0.117077172289091,-0.117279378823305,-0.75));
#7584=CARTESIAN_POINT('',(-0.117077172289091,0.116783435678987,-0.75));
#7585=CARTESIAN_POINT('',(0.0837311317584629,0.0774333761640067,-0.588));
#7586=CARTESIAN_POINT('',(0.0837311317584629,0.0837311317584629,-0.588));
#7587=CARTESIAN_POINT('',(0.0774333761640067,0.0774333761640067,-0.588));
#7588=CARTESIAN_POINT('',(0.0774333761640067,0.0837311317584629,-0.588));
#7589=CARTESIAN_POINT('',(0.0595737463149666,0.0553311056278473,-0.588));
#7590=CARTESIAN_POINT('',(0.0553311056278473,0.0595737463149666,-0.588));
#7591=CARTESIAN_POINT('',(0.0774333761640067,0.0774333761640068,-0.744));
#7592=CARTESIAN_POINT('',(0.0774333761640067,0.0837311317584629,-0.744));
#7593=CARTESIAN_POINT('',(0.0837311317584629,0.0774333761640068,-0.744));
#7594=CARTESIAN_POINT('',(0.0837311317584629,0.0837311317584629,-0.744));
#7595=CARTESIAN_POINT('',(0.0553311056278474,0.0595737463149667,-0.744));
#7596=CARTESIAN_POINT('',(0.0595737463149666,0.0553311056278474,-0.744));
#7597=CARTESIAN_POINT('',(0.083481661252203,0.0792390205650836,-0.7518));
#7598=CARTESIAN_POINT('',(0.083481661252203,0.0792390205650836,-0.5802));
#7599=CARTESIAN_POINT('',(0.0819254873573859,0.0776828466702664,-0.7518));
#7600=CARTESIAN_POINT('',(0.0819254873573858,0.0776828466702664,-0.5802));
#7601=CARTESIAN_POINT('',(0.0792390205650836,0.083481661252203,-0.7518));
#7602=CARTESIAN_POINT('',(0.0792390205650836,0.083481661252203,-0.5802));
#7603=CARTESIAN_POINT('',(0.0776828466702664,0.0819254873573858,-0.7518));
#7604=CARTESIAN_POINT('',(0.0776828466702664,0.0819254873573858,-0.5802));
#7605=CARTESIAN_POINT('',(0.00164999999999998,0.112876883275635,-0.582));
#7606=CARTESIAN_POINT('',(0.00164999999999998,0.115101100796398,-0.582));
#7607=CARTESIAN_POINT('',(-0.00165000000000002,0.112876883275635,-0.582));
#7608=CARTESIAN_POINT('',(-0.00165000000000002,0.115101100796398,-0.582));
#7609=CARTESIAN_POINT('',(0.00149999999999998,0.08125,-0.582));
#7610=CARTESIAN_POINT('',(-0.0015,0.08125,-0.582));
#7611=CARTESIAN_POINT('',(-0.00165000000000002,0.112876883275635,-0.426));
#7612=CARTESIAN_POINT('',(-0.00165000000000002,0.115101100796398,-0.426));
#7613=CARTESIAN_POINT('',(0.00164999999999998,0.112876883275635,-0.426));
#7614=CARTESIAN_POINT('',(0.00164999999999998,0.115101100796398,-0.426));
#7615=CARTESIAN_POINT('',(-0.0015,0.08125,-0.426));
#7616=CARTESIAN_POINT('',(0.00149999999999998,0.08125,-0.426));
#7617=CARTESIAN_POINT('',(-0.0015,0.112990043809178,-0.582));
#7618=CARTESIAN_POINT('',(-0.0015,0.112990043809178,-0.426));
#7619=CARTESIAN_POINT('',(-0.0015,0.115007139712753,-0.582));
#7620=CARTESIAN_POINT('',(-0.0015,0.115007139712753,-0.426));
#7621=CARTESIAN_POINT('',(0.00149999999999998,0.112990043809178,-0.582));
#7622=CARTESIAN_POINT('',(0.00149999999999998,0.112990043809178,-0.426));
#7623=CARTESIAN_POINT('',(0.00149999999999998,0.115007139712753,-0.582));
#7624=CARTESIAN_POINT('',(0.00149999999999998,0.115007139712753,-0.426));
#7625=CARTESIAN_POINT('',(-0.0837311317584629,0.0774333761640067,-0.588));
#7626=CARTESIAN_POINT('',(-0.0774333761640067,0.0774333761640067,-0.588));
#7627=CARTESIAN_POINT('',(-0.0837311317584629,0.0837311317584629,-0.588));
#7628=CARTESIAN_POINT('',(-0.0774333761640067,0.0837311317584629,-0.588));
#7629=CARTESIAN_POINT('',(-0.0553311056278473,0.0595737463149666,-0.588));
#7630=CARTESIAN_POINT('',(-0.0595737463149666,0.0553311056278473,-0.588));
#7631=CARTESIAN_POINT('',(-0.0837311317584629,0.0774333761640067,-0.744));
#7632=CARTESIAN_POINT('',(-0.0837311317584629,0.0837311317584629,-0.744));
#7633=CARTESIAN_POINT('',(-0.0774333761640068,0.0774333761640067,-0.744));
#7634=CARTESIAN_POINT('',(-0.0774333761640068,0.0837311317584629,-0.744));
#7635=CARTESIAN_POINT('',(-0.0595737463149667,0.0553311056278474,-0.744));
#7636=CARTESIAN_POINT('',(-0.0553311056278474,0.0595737463149666,-0.744));
#7637=CARTESIAN_POINT('',(-0.0792390205650836,0.083481661252203,-0.7518));
#7638=CARTESIAN_POINT('',(-0.0792390205650836,0.083481661252203,-0.5802));
#7639=CARTESIAN_POINT('',(-0.0776828466702664,0.0819254873573859,-0.7518));
#7640=CARTESIAN_POINT('',(-0.0776828466702664,0.0819254873573858,-0.5802));
#7641=CARTESIAN_POINT('',(-0.083481661252203,0.0792390205650836,-0.7518));
#7642=CARTESIAN_POINT('',(-0.083481661252203,0.0792390205650836,-0.5802));
#7643=CARTESIAN_POINT('',(-0.0819254873573858,0.0776828466702664,-0.7518));
#7644=CARTESIAN_POINT('',(-0.0819254873573858,0.0776828466702664,-0.5802));
#7645=CARTESIAN_POINT('',(-0.112977984069537,-0.0015,-0.582));
#7646=CARTESIAN_POINT('',(-0.112977984069537,0.0015,-0.582));
#7647=CARTESIAN_POINT('',(-0.115012060155655,-0.0015,-0.582));
#7648=CARTESIAN_POINT('',(-0.115012060155655,0.0015,-0.582));
#7649=CARTESIAN_POINT('',(-0.08125,0.0015,-0.582));
#7650=CARTESIAN_POINT('',(-0.08125,-0.0015,-0.582));
#7651=CARTESIAN_POINT('',(-0.115012060155655,-0.0015,-0.426));
#7652=CARTESIAN_POINT('',(-0.115012060155655,0.0015,-0.426));
#7653=CARTESIAN_POINT('',(-0.112977984069537,-0.0015,-0.426));
#7654=CARTESIAN_POINT('',(-0.112977984069537,0.0015,-0.426));
#7655=CARTESIAN_POINT('',(-0.08125,-0.0015,-0.426));
#7656=CARTESIAN_POINT('',(-0.08125,0.0015,-0.426));
#7657=CARTESIAN_POINT('',(-0.112990043809178,-0.0015,-0.582));
#7658=CARTESIAN_POINT('',(-0.112990043809178,-0.0015,-0.426));
#7659=CARTESIAN_POINT('',(-0.115007139712753,-0.0015,-0.582));
#7660=CARTESIAN_POINT('',(-0.115007139712753,-0.0015,-0.426));
#7661=CARTESIAN_POINT('',(-0.112990043809178,0.00149999999999999,-0.582));
#7662=CARTESIAN_POINT('',(-0.112990043809178,0.00149999999999999,-0.426));
#7663=CARTESIAN_POINT('',(-0.115007139712753,0.00149999999999999,-0.582));
#7664=CARTESIAN_POINT('',(-0.115007139712753,0.00149999999999999,-0.426));
#7665=CARTESIAN_POINT('',(-0.0774333761640067,-0.0837311317584629,-0.588));
#7666=CARTESIAN_POINT('',(-0.0774333761640067,-0.0774333761640067,-0.588));
#7667=CARTESIAN_POINT('',(-0.0837311317584629,-0.0837311317584629,-0.588));
#7668=CARTESIAN_POINT('',(-0.0837311317584629,-0.0774333761640067,-0.588));
#7669=CARTESIAN_POINT('',(-0.0595737463149666,-0.0553311056278473,-0.588));
#7670=CARTESIAN_POINT('',(-0.0553311056278473,-0.0595737463149666,-0.588));
#7671=CARTESIAN_POINT('',(-0.0837311317584629,-0.0774333761640067,-0.744));
#7672=CARTESIAN_POINT('',(-0.0774333761640068,-0.0774333761640067,-0.744));
#7673=CARTESIAN_POINT('',(-0.0837311317584629,-0.0837311317584629,-0.744));
#7674=CARTESIAN_POINT('',(-0.0774333761640068,-0.0837311317584629,-0.744));
#7675=CARTESIAN_POINT('',(-0.0553311056278474,-0.0595737463149667,-0.744));
#7676=CARTESIAN_POINT('',(-0.0595737463149666,-0.0553311056278474,-0.744));
#7677=CARTESIAN_POINT('',(-0.083481661252203,-0.0792390205650836,-0.7518));
#7678=CARTESIAN_POINT('',(-0.083481661252203,-0.0792390205650836,-0.5802));
#7679=CARTESIAN_POINT('',(-0.0819254873573858,-0.0776828466702664,-0.7518));
#7680=CARTESIAN_POINT('',(-0.0819254873573858,-0.0776828466702664,-0.5802));
#7681=CARTESIAN_POINT('',(-0.0792390205650836,-0.083481661252203,-0.7518));
#7682=CARTESIAN_POINT('',(-0.0792390205650836,-0.083481661252203,-0.5802));
#7683=CARTESIAN_POINT('',(-0.0776828466702664,-0.0819254873573858,-0.7518));
#7684=CARTESIAN_POINT('',(-0.0776828466702664,-0.0819254873573858,-0.5802));
#7685=CARTESIAN_POINT('',(0.00165,-0.115101100796398,-0.582));
#7686=CARTESIAN_POINT('',(0.00165,-0.112876883275635,-0.582));
#7687=CARTESIAN_POINT('',(-0.00165,-0.115101100796398,-0.582));
#7688=CARTESIAN_POINT('',(-0.00165,-0.112876883275635,-0.582));
#7689=CARTESIAN_POINT('',(-0.0015,-0.08125,-0.582));
#7690=CARTESIAN_POINT('',(0.0015,-0.08125,-0.582));
#7691=CARTESIAN_POINT('',(-0.00165,-0.115101100796398,-0.426));
#7692=CARTESIAN_POINT('',(-0.00165,-0.112876883275635,-0.426));
#7693=CARTESIAN_POINT('',(0.00165,-0.115101100796398,-0.426));
#7694=CARTESIAN_POINT('',(0.00165,-0.112876883275635,-0.426));
#7695=CARTESIAN_POINT('',(0.0015,-0.08125,-0.426));
#7696=CARTESIAN_POINT('',(-0.0015,-0.08125,-0.426));
#7697=CARTESIAN_POINT('',(0.0015,-0.112990043809178,-0.582));
#7698=CARTESIAN_POINT('',(0.0015,-0.112990043809178,-0.426));
#7699=CARTESIAN_POINT('',(0.0015,-0.115007139712753,-0.582));
#7700=CARTESIAN_POINT('',(0.0015,-0.115007139712753,-0.426));
#7701=CARTESIAN_POINT('',(-0.0015,-0.112990043809178,-0.582));
#7702=CARTESIAN_POINT('',(-0.0015,-0.112990043809178,-0.426));
#7703=CARTESIAN_POINT('',(-0.0015,-0.115007139712753,-0.582));
#7704=CARTESIAN_POINT('',(-0.0015,-0.115007139712753,-0.426));
#7705=CARTESIAN_POINT('',(0.0837311317584629,-0.0837311317584629,-0.588));
#7706=CARTESIAN_POINT('',(0.0837311317584629,-0.0774333761640068,-0.588));
#7707=CARTESIAN_POINT('',(0.0774333761640067,-0.0837311317584629,-0.588));
#7708=CARTESIAN_POINT('',(0.0774333761640067,-0.0774333761640068,-0.588));
#7709=CARTESIAN_POINT('',(0.0553311056278473,-0.0595737463149666,-0.588));
#7710=CARTESIAN_POINT('',(0.0595737463149666,-0.0553311056278473,-0.588));
#7711=CARTESIAN_POINT('',(0.0774333761640067,-0.0837311317584629,-0.744));
#7712=CARTESIAN_POINT('',(0.0774333761640067,-0.0774333761640068,-0.744));
#7713=CARTESIAN_POINT('',(0.0837311317584629,-0.0837311317584629,-0.744));
#7714=CARTESIAN_POINT('',(0.0837311317584629,-0.0774333761640068,-0.744));
#7715=CARTESIAN_POINT('',(0.0595737463149666,-0.0553311056278474,-0.744));
#7716=CARTESIAN_POINT('',(0.0553311056278474,-0.0595737463149667,-0.744));
#7717=CARTESIAN_POINT('',(0.0792390205650836,-0.083481661252203,-0.7518));
#7718=CARTESIAN_POINT('',(0.0792390205650836,-0.083481661252203,-0.5802));
#7719=CARTESIAN_POINT('',(0.0776828466702664,-0.0819254873573858,-0.7518));
#7720=CARTESIAN_POINT('',(0.0776828466702664,-0.0819254873573858,-0.5802));
#7721=CARTESIAN_POINT('',(0.083481661252203,-0.0792390205650836,-0.7518));
#7722=CARTESIAN_POINT('',(0.083481661252203,-0.0792390205650836,-0.5802));
#7723=CARTESIAN_POINT('',(0.0819254873573859,-0.0776828466702665,-0.7518));
#7724=CARTESIAN_POINT('',(0.0819254873573859,-0.0776828466702665,-0.5802));
#7725=CARTESIAN_POINT('',(0.112990043809178,-0.0015,-0.582));
#7726=CARTESIAN_POINT('',(0.112990043809178,-0.0015,-0.426));
#7727=CARTESIAN_POINT('',(0.115007139712753,-0.0015,-0.582));
#7728=CARTESIAN_POINT('',(0.115007139712753,-0.0015,-0.426));
#7729=CARTESIAN_POINT('',(0.08125,-0.0015,-0.582));
#7730=CARTESIAN_POINT('',(0.08125,-0.0015,-0.426));
#7731=CARTESIAN_POINT('',(0.112990043809178,0.0015,-0.582));
#7732=CARTESIAN_POINT('',(0.112990043809178,0.0015,-0.426));
#7733=CARTESIAN_POINT('',(0.115007139712753,0.0015,-0.582));
#7734=CARTESIAN_POINT('',(0.115007139712753,0.0015,-0.426));
#7735=CARTESIAN_POINT('',(0.08125,0.0015,-0.426));
#7736=CARTESIAN_POINT('',(0.08125,0.0015,-0.582));
#7737=CARTESIAN_POINT('',(0.112977984069537,-0.0015,-0.426));
#7738=CARTESIAN_POINT('',(0.112977984069537,0.0015,-0.426));
#7739=CARTESIAN_POINT('',(0.115012060155655,-0.0015,-0.426));
#7740=CARTESIAN_POINT('',(0.115012060155655,0.0015,-0.426));
#7741=CARTESIAN_POINT('',(0.115012060155655,-0.0015,-0.582));
#7742=CARTESIAN_POINT('',(0.115012060155655,0.0015,-0.582));
#7743=CARTESIAN_POINT('',(0.112977984069537,-0.0015,-0.582));
#7744=CARTESIAN_POINT('',(0.112977984069537,0.0015,-0.582));
#7745=CARTESIAN_POINT('',(0.,0.,0.));
#7746=CARTESIAN_POINT('',(0.095,0.,0.14));
#7747=CARTESIAN_POINT('',(0.095,0.,0.54));
#7748=CARTESIAN_POINT('',(0.095,0.19,0.14));
#7749=CARTESIAN_POINT('',(0.095,0.19,0.54));
#7750=CARTESIAN_POINT('',(-0.095,0.19,0.14));
#7751=CARTESIAN_POINT('',(-0.095,0.19,0.54));
#7752=CARTESIAN_POINT('',(-0.095,1.16341445918999E-17,0.14));
#7753=CARTESIAN_POINT('',(-0.095,1.16341445918999E-17,0.54));
#7754=CARTESIAN_POINT('',(0.,0.,0.14));
#7755=CARTESIAN_POINT('',(0.095,0.,0.14));
#7756=CARTESIAN_POINT('',(-0.095,1.16341445918999E-17,0.14));
#7757=CARTESIAN_POINT('',(-0.095,1.16341445918999E-17,0.12));
#7758=CARTESIAN_POINT('',(-0.095,1.16341445918999E-17,0.56));
#7759=CARTESIAN_POINT('',(-0.095,1.16341445918999E-17,0.54));
#7760=CARTESIAN_POINT('',(0.,0.,0.54));
#7761=CARTESIAN_POINT('',(0.095,0.,0.54));
#7762=CARTESIAN_POINT('',(0.095,0.,0.12));
#7763=CARTESIAN_POINT('',(0.095,0.,0.56));
#7764=CARTESIAN_POINT('',(-0.092,1.12667505521557E-17,0.14));
#7765=CARTESIAN_POINT('',(-0.092,1.12667505521556E-17,0.54));
#7766=CARTESIAN_POINT('',(-0.092,-0.184,0.14));
#7767=CARTESIAN_POINT('',(-0.092,-0.184,0.54));
#7768=CARTESIAN_POINT('',(0.092,-0.184,0.14));
#7769=CARTESIAN_POINT('',(0.092,-0.184,0.54));
#7770=CARTESIAN_POINT('',(0.092,0.,0.14));
#7771=CARTESIAN_POINT('',(0.092,0.,0.54));
#7772=CARTESIAN_POINT('',(0.,0.,0.237));
#7773=CARTESIAN_POINT('',(0.0431328819655393,-0.081262257496004,0.237));
#7774=CARTESIAN_POINT('',(0.081262257496004,-0.0431328819655393,0.237));
#7775=CARTESIAN_POINT('',(0.0431328819655393,-0.081262257496004,0.237));
#7776=CARTESIAN_POINT('',(0.0431328819655393,-0.081262257496004,0.222));
#7777=CARTESIAN_POINT('',(0.,0.,0.222));
#7778=CARTESIAN_POINT('',(0.081262257496004,-0.0431328819655393,0.222));
#7779=CARTESIAN_POINT('',(0.081262257496004,-0.0431328819655393,0.237));
#7780=CARTESIAN_POINT('',(0.,0.,0.237));
#7781=CARTESIAN_POINT('',(-0.081262257496004,-0.0431328819655393,0.237));
#7782=CARTESIAN_POINT('',(-0.0431328819655393,-0.081262257496004,0.237));
#7783=CARTESIAN_POINT('',(-0.081262257496004,-0.0431328819655393,0.237));
#7784=CARTESIAN_POINT('',(-0.081262257496004,-0.0431328819655393,0.222));
#7785=CARTESIAN_POINT('',(0.,0.,0.222));
#7786=CARTESIAN_POINT('',(-0.0431328819655393,-0.081262257496004,0.222));
#7787=CARTESIAN_POINT('',(-0.0431328819655393,-0.081262257496004,0.237));
#7788=CARTESIAN_POINT('',(0.,0.,0.14));
#7789=CARTESIAN_POINT('',(-0.092,1.12667505521556E-17,0.14));
#7790=CARTESIAN_POINT('',(0.092,0.,0.14));
#7791=CARTESIAN_POINT('',(-0.092,1.12667505521556E-17,0.12));
#7792=CARTESIAN_POINT('',(-0.092,1.12667505521556E-17,0.56));
#7793=CARTESIAN_POINT('',(-0.092,1.12667505521556E-17,0.54));
#7794=CARTESIAN_POINT('',(0.,0.,0.54));
#7795=CARTESIAN_POINT('',(0.092,0.,0.54));
#7796=CARTESIAN_POINT('',(0.092,0.,0.12));
#7797=CARTESIAN_POINT('',(0.092,0.,0.56));
#7798=CARTESIAN_POINT('',(-0.0897219567858688,-0.0427204229083327,0.23775));
#7799=CARTESIAN_POINT('',(-0.0897219567858688,-0.0427204229083327,0.22125));
#7800=CARTESIAN_POINT('',(-0.0614465861044247,-0.0414321380086641,0.23775));
#7801=CARTESIAN_POINT('',(-0.0614465861044247,-0.0414321380086641,0.22125));
#7802=CARTESIAN_POINT('',(-0.0414321380086642,-0.0614465861044246,0.23775));
#7803=CARTESIAN_POINT('',(-0.0414321380086642,-0.0614465861044246,0.22125));
#7804=CARTESIAN_POINT('',(-0.0427204229083328,-0.0897219567858688,0.23775));
#7805=CARTESIAN_POINT('',(-0.0427204229083328,-0.0897219567858688,0.22125));
#7806=CARTESIAN_POINT('',(-0.0876737876685701,-0.08767378766857,0.222));
#7807=CARTESIAN_POINT('',(-0.0876737876685701,-0.08767378766857,0.237));
#7808=CARTESIAN_POINT('',(-0.040974759310515,-0.040974759310515,0.222));
#7809=CARTESIAN_POINT('',(-0.0834203801510283,-0.0409747593105149,0.222));
#7810=CARTESIAN_POINT('',(-0.040974759310515,-0.0834203801510283,0.222));
#7811=CARTESIAN_POINT('',(-0.0834203801510283,-0.0834203801510283,0.222));
#7812=CARTESIAN_POINT('',(-0.040974759310515,-0.040974759310515,0.237));
#7813=CARTESIAN_POINT('',(-0.0834203801510283,-0.0409747593105149,0.237));
#7814=CARTESIAN_POINT('',(-0.040974759310515,-0.0834203801510283,0.237));
#7815=CARTESIAN_POINT('',(-0.0834203801510283,-0.0834203801510283,0.237));
#7816=CARTESIAN_POINT('',(-0.0427204229083327,0.0897219567858688,0.23775));
#7817=CARTESIAN_POINT('',(-0.0427204229083327,0.0897219567858688,0.22125));
#7818=CARTESIAN_POINT('',(-0.0414321380086641,0.0614465861044247,0.23775));
#7819=CARTESIAN_POINT('',(-0.0414321380086641,0.0614465861044247,0.22125));
#7820=CARTESIAN_POINT('',(-0.0614465861044247,0.0414321380086642,0.23775));
#7821=CARTESIAN_POINT('',(-0.0614465861044247,0.0414321380086642,0.22125));
#7822=CARTESIAN_POINT('',(-0.0897219567858688,0.0427204229083328,0.23775));
#7823=CARTESIAN_POINT('',(-0.0897219567858688,0.0427204229083328,0.22125));
#7824=CARTESIAN_POINT('',(-0.08767378766857,0.0876737876685701,0.222));
#7825=CARTESIAN_POINT('',(-0.0431328819655393,0.081262257496004,0.222));
#7826=CARTESIAN_POINT('',(-0.081262257496004,0.0431328819655393,0.222));
#7827=CARTESIAN_POINT('',(-0.0431328819655393,0.081262257496004,0.237));
#7828=CARTESIAN_POINT('',(-0.0431328819655393,0.081262257496004,0.237));
#7829=CARTESIAN_POINT('',(-0.08767378766857,0.0876737876685701,0.237));
#7830=CARTESIAN_POINT('',(-0.081262257496004,0.0431328819655393,0.237));
#7831=CARTESIAN_POINT('',(-0.081262257496004,0.0431328819655393,0.237));
#7832=CARTESIAN_POINT('',(-0.0409747593105149,0.040974759310515,0.222));
#7833=CARTESIAN_POINT('',(-0.0409747593105149,0.0834203801510283,0.222));
#7834=CARTESIAN_POINT('',(-0.0834203801510283,0.040974759310515,0.222));
#7835=CARTESIAN_POINT('',(-0.0834203801510283,0.0834203801510283,0.222));
#7836=CARTESIAN_POINT('',(0.,0.,0.222));
#7837=CARTESIAN_POINT('',(-0.0409747593105149,0.040974759310515,0.237));
#7838=CARTESIAN_POINT('',(-0.0409747593105149,0.0834203801510283,0.237));
#7839=CARTESIAN_POINT('',(-0.0834203801510283,0.040974759310515,0.237));
#7840=CARTESIAN_POINT('',(-0.0834203801510283,0.0834203801510283,0.237));
#7841=CARTESIAN_POINT('',(0.,0.,0.237));
#7842=CARTESIAN_POINT('',(0.0897219567858688,0.0427204229083327,0.23775));
#7843=CARTESIAN_POINT('',(0.0897219567858688,0.0427204229083327,0.22125));
#7844=CARTESIAN_POINT('',(0.0614465861044246,0.0414321380086641,0.23775));
#7845=CARTESIAN_POINT('',(0.0614465861044246,0.0414321380086641,0.22125));
#7846=CARTESIAN_POINT('',(0.0414321380086641,0.0614465861044246,0.23775));
#7847=CARTESIAN_POINT('',(0.0414321380086641,0.0614465861044246,0.22125));
#7848=CARTESIAN_POINT('',(0.0427204229083327,0.0897219567858688,0.23775));
#7849=CARTESIAN_POINT('',(0.0427204229083327,0.0897219567858688,0.22125));
#7850=CARTESIAN_POINT('',(0.08767378766857,0.08767378766857,0.222));
#7851=CARTESIAN_POINT('',(0.081262257496004,0.0431328819655393,0.222));
#7852=CARTESIAN_POINT('',(0.0431328819655393,0.081262257496004,0.222));
#7853=CARTESIAN_POINT('',(0.081262257496004,0.0431328819655393,0.237));
#7854=CARTESIAN_POINT('',(0.081262257496004,0.0431328819655393,0.237));
#7855=CARTESIAN_POINT('',(0.08767378766857,0.08767378766857,0.237));
#7856=CARTESIAN_POINT('',(0.0431328819655393,0.081262257496004,0.237));
#7857=CARTESIAN_POINT('',(0.0431328819655393,0.081262257496004,0.237));
#7858=CARTESIAN_POINT('',(0.040974759310515,0.040974759310515,0.222));
#7859=CARTESIAN_POINT('',(0.0834203801510283,0.0409747593105149,0.222));
#7860=CARTESIAN_POINT('',(0.040974759310515,0.0834203801510283,0.222));
#7861=CARTESIAN_POINT('',(0.0834203801510283,0.0834203801510283,0.222));
#7862=CARTESIAN_POINT('',(0.,0.,0.222));
#7863=CARTESIAN_POINT('',(0.040974759310515,0.040974759310515,0.237));
#7864=CARTESIAN_POINT('',(0.0834203801510283,0.0409747593105149,0.237));
#7865=CARTESIAN_POINT('',(0.040974759310515,0.0834203801510283,0.237));
#7866=CARTESIAN_POINT('',(0.0834203801510283,0.0834203801510283,0.237));
#7867=CARTESIAN_POINT('',(0.,0.,0.237));
#7868=CARTESIAN_POINT('',(0.092,0.,0.14));
#7869=CARTESIAN_POINT('',(0.092,0.,0.54));
#7870=CARTESIAN_POINT('',(0.092,0.184,0.14));
#7871=CARTESIAN_POINT('',(0.092,0.184,0.54));
#7872=CARTESIAN_POINT('',(-0.092,0.184,0.14));
#7873=CARTESIAN_POINT('',(-0.092,0.184,0.54));
#7874=CARTESIAN_POINT('',(-0.092,1.12667505521556E-17,0.14));
#7875=CARTESIAN_POINT('',(-0.092,1.12667505521556E-17,0.54));
#7876=CARTESIAN_POINT('',(0.,0.,0.14));
#7877=CARTESIAN_POINT('',(0.,0.,0.54));
#7878=CARTESIAN_POINT('',(-0.095,1.16341445918999E-17,0.14));
#7879=CARTESIAN_POINT('',(-0.095,1.16341445918999E-17,0.54));
#7880=CARTESIAN_POINT('',(-0.095,-0.19,0.14));
#7881=CARTESIAN_POINT('',(-0.095,-0.19,0.54));
#7882=CARTESIAN_POINT('',(0.095,-0.19,0.14));
#7883=CARTESIAN_POINT('',(0.095,-0.19,0.54));
#7884=CARTESIAN_POINT('',(0.095,0.,0.14));
#7885=CARTESIAN_POINT('',(0.095,0.,0.54));
#7886=CARTESIAN_POINT('',(0.,0.,0.14));
#7887=CARTESIAN_POINT('',(0.,0.,0.54));
#7888=CARTESIAN_POINT('',(-0.0967159249344664,-0.0968829651149039,0.14));
#7889=CARTESIAN_POINT('',(-0.0967159249344664,0.0964732729522068,0.14));
#7890=CARTESIAN_POINT('',(0.096143434939967,-0.0968829651149039,0.14));
#7891=CARTESIAN_POINT('',(0.096143434939967,0.0964732729522068,0.14));
#7892=CARTESIAN_POINT('',(0.096143434939967,-0.0968829651149039,0.54));
#7893=CARTESIAN_POINT('',(0.096143434939967,0.0964732729522068,0.54));
#7894=CARTESIAN_POINT('',(-0.0967159249344664,-0.0968829651149039,0.54));
#7895=CARTESIAN_POINT('',(-0.0967159249344664,0.0964732729522068,0.54));
#7896=CARTESIAN_POINT('',(0.0427204229083327,-0.0897219567858688,0.23775));
#7897=CARTESIAN_POINT('',(0.0427204229083327,-0.0897219567858688,0.22125));
#7898=CARTESIAN_POINT('',(0.0414321380086641,-0.0614465861044246,0.23775));
#7899=CARTESIAN_POINT('',(0.0414321380086641,-0.0614465861044246,0.22125));
#7900=CARTESIAN_POINT('',(0.0614465861044246,-0.0414321380086641,0.23775));
#7901=CARTESIAN_POINT('',(0.0614465861044246,-0.0414321380086641,0.22125));
#7902=CARTESIAN_POINT('',(0.0897219567858688,-0.0427204229083327,0.23775));
#7903=CARTESIAN_POINT('',(0.0897219567858688,-0.0427204229083327,0.22125));
#7904=CARTESIAN_POINT('',(0.08767378766857,-0.08767378766857,0.222));
#7905=CARTESIAN_POINT('',(0.08767378766857,-0.08767378766857,0.237));
#7906=CARTESIAN_POINT('',(0.040974759310515,-0.040974759310515,0.237));
#7907=CARTESIAN_POINT('',(0.040974759310515,-0.0834203801510283,0.237));
#7908=CARTESIAN_POINT('',(0.0834203801510283,-0.040974759310515,0.237));
#7909=CARTESIAN_POINT('',(0.0834203801510283,-0.0834203801510283,0.237));
#7910=CARTESIAN_POINT('',(0.040974759310515,-0.040974759310515,0.222));
#7911=CARTESIAN_POINT('',(0.040974759310515,-0.0834203801510283,0.222));
#7912=CARTESIAN_POINT('',(0.0834203801510283,-0.040974759310515,0.222));
#7913=CARTESIAN_POINT('',(0.0834203801510283,-0.0834203801510283,0.222));
#7914=CARTESIAN_POINT('',(0.,0.,0.));
#7915=CARTESIAN_POINT('',(0.113,0.,-0.588));
#7916=CARTESIAN_POINT('',(0.113,0.,-0.582));
#7917=CARTESIAN_POINT('',(0.113,0.226,-0.588));
#7918=CARTESIAN_POINT('',(0.113,0.226,-0.582));
#7919=CARTESIAN_POINT('',(-0.113,0.226,-0.588));
#7920=CARTESIAN_POINT('',(-0.113,0.226,-0.582));
#7921=CARTESIAN_POINT('',(-0.113,1.38385088303651E-17,-0.588));
#7922=CARTESIAN_POINT('',(-0.113,1.38385088303651E-17,-0.582));
#7923=CARTESIAN_POINT('',(0.,0.,-0.588));
#7924=CARTESIAN_POINT('',(0.113,0.,-0.588));
#7925=CARTESIAN_POINT('',(-0.113,1.38385088303651E-17,-0.588));
#7926=CARTESIAN_POINT('',(-0.113,1.38385088303651E-17,-0.5883));
#7927=CARTESIAN_POINT('',(-0.113,1.38385088303651E-17,-0.5817));
#7928=CARTESIAN_POINT('',(-0.113,1.38385088303651E-17,-0.582));
#7929=CARTESIAN_POINT('',(0.,0.,-0.582));
#7930=CARTESIAN_POINT('',(0.113,0.,-0.582));
#7931=CARTESIAN_POINT('',(0.113,0.,-0.5883));
#7932=CARTESIAN_POINT('',(0.113,0.,-0.5817));
#7933=CARTESIAN_POINT('',(-0.049,6.00076931582203E-18,-0.588));
#7934=CARTESIAN_POINT('',(-0.049,6.00076931582203E-18,-0.582));
#7935=CARTESIAN_POINT('',(-0.049,-0.098,-0.588));
#7936=CARTESIAN_POINT('',(-0.049,-0.098,-0.582));
#7937=CARTESIAN_POINT('',(0.049,-0.098,-0.588));
#7938=CARTESIAN_POINT('',(0.049,-0.098,-0.582));
#7939=CARTESIAN_POINT('',(0.049,0.,-0.588));
#7940=CARTESIAN_POINT('',(0.049,0.,-0.582));
#7941=CARTESIAN_POINT('',(0.,0.,-0.588));
#7942=CARTESIAN_POINT('',(-0.049,6.00076931582203E-18,-0.588));
#7943=CARTESIAN_POINT('',(0.049,0.,-0.588));
#7944=CARTESIAN_POINT('',(-0.049,6.00076931582203E-18,-0.5883));
#7945=CARTESIAN_POINT('',(-0.049,6.00076931582203E-18,-0.5817));
#7946=CARTESIAN_POINT('',(-0.049,6.00076931582203E-18,-0.582));
#7947=CARTESIAN_POINT('',(0.,0.,-0.582));
#7948=CARTESIAN_POINT('',(0.049,0.,-0.582));
#7949=CARTESIAN_POINT('',(0.049,0.,-0.5883));
#7950=CARTESIAN_POINT('',(0.049,0.,-0.5817));
#7951=CARTESIAN_POINT('',(-0.115041047553628,-0.115239737452465,-0.588));
#7952=CARTESIAN_POINT('',(-0.115041047553628,0.114752419406309,-0.588));
#7953=CARTESIAN_POINT('',(0.114360085770698,-0.115239737452465,-0.588));
#7954=CARTESIAN_POINT('',(0.114360085770698,0.114752419406309,-0.588));
#7955=CARTESIAN_POINT('',(0.,0.,-0.588));
#7956=CARTESIAN_POINT('',(0.,0.,-0.588));
#7957=CARTESIAN_POINT('',(0.049,0.,-0.588));
#7958=CARTESIAN_POINT('',(0.049,0.,-0.582));
#7959=CARTESIAN_POINT('',(0.049,0.098,-0.588));
#7960=CARTESIAN_POINT('',(0.049,0.098,-0.582));
#7961=CARTESIAN_POINT('',(-0.049,0.098,-0.588));
#7962=CARTESIAN_POINT('',(-0.049,0.098,-0.582));
#7963=CARTESIAN_POINT('',(-0.049,6.00076931582203E-18,-0.588));
#7964=CARTESIAN_POINT('',(-0.049,6.00076931582203E-18,-0.582));
#7965=CARTESIAN_POINT('',(0.,0.,-0.582));
#7966=CARTESIAN_POINT('',(0.114360085770698,-0.115239737452465,-0.582));
#7967=CARTESIAN_POINT('',(0.114360085770698,0.114752419406309,-0.582));
#7968=CARTESIAN_POINT('',(-0.115041047553628,-0.115239737452465,-0.582));
#7969=CARTESIAN_POINT('',(-0.115041047553628,0.114752419406309,-0.582));
#7970=CARTESIAN_POINT('',(0.,0.,-0.582));
#7971=CARTESIAN_POINT('',(-0.113,1.38385088303651E-17,-0.588));
#7972=CARTESIAN_POINT('',(-0.113,1.38385088303651E-17,-0.582));
#7973=CARTESIAN_POINT('',(-0.113,-0.226,-0.588));
#7974=CARTESIAN_POINT('',(-0.113,-0.226,-0.582));
#7975=CARTESIAN_POINT('',(0.113,-0.226,-0.588));
#7976=CARTESIAN_POINT('',(0.113,-0.226,-0.582));
#7977=CARTESIAN_POINT('',(0.113,0.,-0.588));
#7978=CARTESIAN_POINT('',(0.113,0.,-0.582));
#7979=CARTESIAN_POINT('',(0.,0.,0.));
#7980=CARTESIAN_POINT('',(-0.0185,-5.1129003864402E-18,-0.77));
#7981=CARTESIAN_POINT('',(-0.0185,0.037,-0.77));
#7982=CARTESIAN_POINT('',(0.0185,0.037,-0.77));
#7983=CARTESIAN_POINT('',(0.0185,-5.1129003864402E-18,-0.77));
#7984=CARTESIAN_POINT('',(-0.00499999999999994,-5.1129003864402E-18,-0.71961731409782));
#7985=CARTESIAN_POINT('',(-0.00499999999999994,0.00999999999999987,-0.71961731409782));
#7986=CARTESIAN_POINT('',(0.00499999999999994,0.00999999999999987,-0.71961731409782));
#7987=CARTESIAN_POINT('',(0.00499999999999994,-5.1129003864402E-18,-0.71961731409782));
#7988=CARTESIAN_POINT('',(0.,-5.1129003864402E-18,-0.77));
#7989=CARTESIAN_POINT('',(0.0185,-5.1129003864402E-18,-0.77));
#7990=CARTESIAN_POINT('',(-0.0185,-5.1129003864402E-18,-0.77));
#7991=CARTESIAN_POINT('',(0.019175,-5.1129003864402E-18,-0.772519134295109));
#7992=CARTESIAN_POINT('',(1.04083408558608E-17,-5.1129003864402E-18,-0.700957060059976));
#7993=CARTESIAN_POINT('',(0.005,-5.1129003864402E-18,-0.71961731409782));
#7994=CARTESIAN_POINT('',(0.,-5.1129003864402E-18,-0.71961731409782));
#7995=CARTESIAN_POINT('',(-0.005,-4.50057698686652E-18,-0.71961731409782));
#7996=CARTESIAN_POINT('',(-0.019175,-5.1129003864402E-18,-0.772519134295109));
#7997=CARTESIAN_POINT('',(-1.04083408558608E-17,-5.1129003864402E-18,-0.700957060059976));
#7998=CARTESIAN_POINT('',(-0.005,-4.50057698686652E-18,-0.71961731409782));
#7999=CARTESIAN_POINT('',(-0.005,-4.50057698686652E-18,-0.425));
#8000=CARTESIAN_POINT('',(-0.005,-0.01,-0.71961731409782));
#8001=CARTESIAN_POINT('',(-0.005,-0.01,-0.425));
#8002=CARTESIAN_POINT('',(0.005,-0.01,-0.71961731409782));
#8003=CARTESIAN_POINT('',(0.005,-0.01,-0.425));
#8004=CARTESIAN_POINT('',(0.005,-5.1129003864402E-18,-0.71961731409782));
#8005=CARTESIAN_POINT('',(0.005,-5.1129003864402E-18,-0.425));
#8006=CARTESIAN_POINT('',(0.,-5.1129003864402E-18,-0.71961731409782));
#8007=CARTESIAN_POINT('',(-0.005,-4.50057698686652E-18,-0.734348179802711));
#8008=CARTESIAN_POINT('',(-0.005,-4.50057698686652E-18,-0.410269134295109));
#8009=CARTESIAN_POINT('',(-0.005,-5.1129003864402E-18,-0.425));
#8010=CARTESIAN_POINT('',(0.,-5.1129003864402E-18,-0.425));
#8011=CARTESIAN_POINT('',(0.005,-5.1129003864402E-18,-0.425));
#8012=CARTESIAN_POINT('',(0.005,-5.1129003864402E-18,-0.734348179802711));
#8013=CARTESIAN_POINT('',(0.005,-5.1129003864402E-18,-0.410269134295109));
#8014=CARTESIAN_POINT('',(-0.00500000000000001,-5.1129003864402E-18,-0.425));
#8015=CARTESIAN_POINT('',(-0.00500000000000001,0.01,-0.425));
#8016=CARTESIAN_POINT('',(0.00500000000000001,0.01,-0.425));
#8017=CARTESIAN_POINT('',(0.00500000000000001,-5.1129003864402E-18,-0.425));
#8018=CARTESIAN_POINT('',(8.67361737988404E-19,-5.1129003864402E-18,-0.422113248654052));
#8019=CARTESIAN_POINT('',(8.67361737988404E-19,-6.84762386241701E-18,-0.422113248654052));
#8020=CARTESIAN_POINT('',(-8.67361737988404E-19,-6.84762386241701E-18,-0.422113248654052));
#8021=CARTESIAN_POINT('',(-8.67361737988404E-19,-5.1129003864402E-18,-0.422113248654052));
#8022=CARTESIAN_POINT('',(0.,-5.1129003864402E-18,-0.425));
#8023=CARTESIAN_POINT('',(0.00525000000000001,-5.1129003864402E-18,-0.425144337567297));
#8024=CARTESIAN_POINT('',(-8.67361737988404E-19,-5.1129003864402E-18,-0.422113248654052));
#8025=CARTESIAN_POINT('',(0.,-5.1129003864402E-18,-0.422113248654052));
#8026=CARTESIAN_POINT('',(-0.00525000000000001,-5.1129003864402E-18,-0.425144337567297));
#8027=CARTESIAN_POINT('',(8.67361737988404E-19,-5.1129003864402E-18,-0.422113248654052));
#8028=CARTESIAN_POINT('',(-0.0375,-5.1129003864402E-18,-0.42));
#8029=CARTESIAN_POINT('',(-0.0375,-5.1129003864402E-18,-0.77));
#8030=CARTESIAN_POINT('',(-0.0375,0.075,-0.42));
#8031=CARTESIAN_POINT('',(-0.0375,0.075,-0.77));
#8032=CARTESIAN_POINT('',(0.0375,0.075,-0.42));
#8033=CARTESIAN_POINT('',(0.0375,0.075,-0.77));
#8034=CARTESIAN_POINT('',(0.0375,-5.20474889637626E-19,-0.42));
#8035=CARTESIAN_POINT('',(0.0375,-5.20474889637626E-19,-0.77));
#8036=CARTESIAN_POINT('',(0.,-5.1129003864402E-18,-0.42));
#8037=CARTESIAN_POINT('',(-0.0375,-5.1129003864402E-18,-0.42));
#8038=CARTESIAN_POINT('',(0.0375,-5.20474889637626E-19,-0.42));
#8039=CARTESIAN_POINT('',(0.0375,-5.20474889637626E-19,-0.4025));
#8040=CARTESIAN_POINT('',(0.0375,-5.20474889637626E-19,-0.7875));
#8041=CARTESIAN_POINT('',(0.0375,-5.20474889637626E-19,-0.77));
#8042=CARTESIAN_POINT('',(0.,-5.1129003864402E-18,-0.77));
#8043=CARTESIAN_POINT('',(-0.0375,-5.1129003864402E-18,-0.77));
#8044=CARTESIAN_POINT('',(-0.0375,-5.1129003864402E-18,-0.4025));
#8045=CARTESIAN_POINT('',(-0.0375,-5.1129003864402E-18,-0.7875));
#8046=CARTESIAN_POINT('',(0.0375,-5.20474889637626E-19,-0.42));
#8047=CARTESIAN_POINT('',(0.0375,-5.20474889637626E-19,-0.77));
#8048=CARTESIAN_POINT('',(0.0375,-0.075,-0.42));
#8049=CARTESIAN_POINT('',(0.0375,-0.075,-0.77));
#8050=CARTESIAN_POINT('',(-0.0375,-0.075,-0.42));
#8051=CARTESIAN_POINT('',(-0.0375,-0.075,-0.77));
#8052=CARTESIAN_POINT('',(-0.0375,-5.1129003864402E-18,-0.42));
#8053=CARTESIAN_POINT('',(-0.0375,-5.1129003864402E-18,-0.77));
#8054=CARTESIAN_POINT('',(0.,-5.1129003864402E-18,-0.42));
#8055=CARTESIAN_POINT('',(0.,-5.1129003864402E-18,-0.77));
#8056=CARTESIAN_POINT('',(-0.0379513558973554,0.0380815551127132,-0.42));
#8057=CARTESIAN_POINT('',(-0.0379513558973554,-0.0382432757032515,-0.42));
#8058=CARTESIAN_POINT('',(0.0381773387899209,0.0380815551127132,-0.42));
#8059=CARTESIAN_POINT('',(0.0381773387899209,-0.0382432757032515,-0.42));
#8060=CARTESIAN_POINT('',(-0.0379513558973554,0.0380815551127132,-0.77));
#8061=CARTESIAN_POINT('',(-0.0379513558973554,-0.0382432757032515,-0.77));
#8062=CARTESIAN_POINT('',(0.0381773387899209,0.0380815551127132,-0.77));
#8063=CARTESIAN_POINT('',(0.0381773387899209,-0.0382432757032515,-0.77));
#8064=CARTESIAN_POINT('',(0.,-5.1129003864402E-18,-0.77));
#8065=CARTESIAN_POINT('',(0.00499999999999999,-5.1129003864402E-18,-0.425));
#8066=CARTESIAN_POINT('',(0.00499999999999999,-0.00999999999999999,-0.425));
#8067=CARTESIAN_POINT('',(-0.00499999999999999,-0.00999999999999999,-0.425));
#8068=CARTESIAN_POINT('',(-0.00499999999999999,-5.1129003864402E-18,-0.425));
#8069=CARTESIAN_POINT('',(-8.67361737988404E-19,-5.1129003864402E-18,-0.422113248654052));
#8070=CARTESIAN_POINT('',(-8.67361737988404E-19,-3.37817691046339E-18,-0.422113248654052));
#8071=CARTESIAN_POINT('',(8.67361737988404E-19,-3.37817691046339E-18,-0.422113248654052));
#8072=CARTESIAN_POINT('',(8.67361737988404E-19,-5.1129003864402E-18,-0.422113248654052));
#8073=CARTESIAN_POINT('',(0.005,-5.1129003864402E-18,-0.71961731409782));
#8074=CARTESIAN_POINT('',(0.005,-5.1129003864402E-18,-0.425));
#8075=CARTESIAN_POINT('',(0.005,0.00999999999999999,-0.71961731409782));
#8076=CARTESIAN_POINT('',(0.005,0.00999999999999999,-0.425));
#8077=CARTESIAN_POINT('',(-0.005,0.00999999999999999,-0.71961731409782));
#8078=CARTESIAN_POINT('',(-0.005,0.00999999999999999,-0.425));
#8079=CARTESIAN_POINT('',(-0.005,-4.50057698686652E-18,-0.71961731409782));
#8080=CARTESIAN_POINT('',(-0.005,-4.50057698686652E-18,-0.425));
#8081=CARTESIAN_POINT('',(0.0185,-5.1129003864402E-18,-0.77));
#8082=CARTESIAN_POINT('',(0.0185,-0.037,-0.77));
#8083=CARTESIAN_POINT('',(-0.0185,-0.037,-0.77));
#8084=CARTESIAN_POINT('',(-0.0185,-5.1129003864402E-18,-0.77));
#8085=CARTESIAN_POINT('',(0.00499999999999992,-5.1129003864402E-18,-0.71961731409782));
#8086=CARTESIAN_POINT('',(0.00499999999999992,-0.00999999999999985,-0.71961731409782));
#8087=CARTESIAN_POINT('',(-0.00499999999999992,-0.00999999999999985,-0.71961731409782));
#8088=CARTESIAN_POINT('',(-0.00499999999999992,-5.1129003864402E-18,-0.71961731409782));
#8089=CARTESIAN_POINT('',(0.,0.,0.));
#8090=CARTESIAN_POINT('',(-0.092,0.,0.17));
#8091=CARTESIAN_POINT('',(-0.092,0.,0.14));
#8092=CARTESIAN_POINT('',(-0.092,0.184,0.17));
#8093=CARTESIAN_POINT('',(-0.092,0.184,0.14));
#8094=CARTESIAN_POINT('',(0.092,0.184,0.17));
#8095=CARTESIAN_POINT('',(0.092,0.184,0.14));
#8096=CARTESIAN_POINT('',(0.092,1.12667505521556E-17,0.17));
#8097=CARTESIAN_POINT('',(0.092,1.12667505521556E-17,0.14));
#8098=CARTESIAN_POINT('',(0.,0.,0.17));
#8099=CARTESIAN_POINT('',(-0.092,0.,0.17));
#8100=CARTESIAN_POINT('',(0.092,1.12667505521556E-17,0.17));
#8101=CARTESIAN_POINT('',(0.092,1.12667505521556E-17,0.1715));
#8102=CARTESIAN_POINT('',(0.092,1.12667505521556E-17,0.1385));
#8103=CARTESIAN_POINT('',(0.092,1.12667505521556E-17,0.14));
#8104=CARTESIAN_POINT('',(0.,0.,0.14));
#8105=CARTESIAN_POINT('',(-0.092,0.,0.14));
#8106=CARTESIAN_POINT('',(-0.092,0.,0.1715));
#8107=CARTESIAN_POINT('',(-0.092,0.,0.1385));
#8108=CARTESIAN_POINT('',(-0.113,0.,-1.34441069388203E-17));
#8109=CARTESIAN_POINT('',(-0.113,0.,-0.05));
#8110=CARTESIAN_POINT('',(-0.113,0.226,-1.3986208025063E-17));
#8111=CARTESIAN_POINT('',(-0.113,0.226,-0.05));
#8112=CARTESIAN_POINT('',(0.113,0.226,-1.3986208025063E-17));
#8113=CARTESIAN_POINT('',(0.113,0.226,-0.05));
#8114=CARTESIAN_POINT('',(0.113,1.38385088303651E-17,-1.34441069388203E-17));
#8115=CARTESIAN_POINT('',(0.113,1.38385088303651E-17,-0.05));
#8116=CARTESIAN_POINT('',(0.,0.,-1.38777878078145E-17));
#8117=CARTESIAN_POINT('',(-0.113,0.,-1.38777878078145E-17));
#8118=CARTESIAN_POINT('',(0.113,1.38385088303651E-17,-1.38777878078145E-17));
#8119=CARTESIAN_POINT('',(0.113,1.38385088303651E-17,0.00249999999999999));
#8120=CARTESIAN_POINT('',(0.113,1.38385088303651E-17,-0.0525));
#8121=CARTESIAN_POINT('',(0.113,1.38385088303651E-17,-0.05));
#8122=CARTESIAN_POINT('',(0.,0.,-0.05));
#8123=CARTESIAN_POINT('',(-0.113,0.,-0.05));
#8124=CARTESIAN_POINT('',(-0.113,0.,0.00249999999999999));
#8125=CARTESIAN_POINT('',(-0.113,0.,-0.0525));
#8126=CARTESIAN_POINT('',(0.115,0.,0.));
#8127=CARTESIAN_POINT('',(0.115,-0.23,1.30104260698261E-18));
#8128=CARTESIAN_POINT('',(-0.115,-0.23,1.30104260698261E-18));
#8129=CARTESIAN_POINT('',(-0.115,0.,0.));
#8130=CARTESIAN_POINT('',(0.095,0.,0.14));
#8131=CARTESIAN_POINT('',(0.095,-0.19,0.14));
#8132=CARTESIAN_POINT('',(-0.095,-0.19,0.14));
#8133=CARTESIAN_POINT('',(-0.095,0.,0.14));
#8134=CARTESIAN_POINT('',(0.,0.,0.));
#8135=CARTESIAN_POINT('',(0.115,0.,0.));
#8136=CARTESIAN_POINT('',(-0.115,0.,0.));
#8137=CARTESIAN_POINT('',(0.116,0.,-0.00700000000000001));
#8138=CARTESIAN_POINT('',(-1.11022302462516E-16,0.,0.805000000000002));
#8139=CARTESIAN_POINT('',(0.095,0.,0.14));
#8140=CARTESIAN_POINT('',(0.,0.,0.14));
#8141=CARTESIAN_POINT('',(-0.095,0.,0.14));
#8142=CARTESIAN_POINT('',(-0.116,0.,-0.00700000000000001));
#8143=CARTESIAN_POINT('',(1.11022302462516E-16,0.,0.805000000000002));
#8144=CARTESIAN_POINT('',(-0.096143434939967,-0.096882965114904,0.14));
#8145=CARTESIAN_POINT('',(-0.096143434939967,0.0964732729522068,0.14));
#8146=CARTESIAN_POINT('',(0.0967159249344664,-0.0968829651149039,0.14));
#8147=CARTESIAN_POINT('',(0.0967159249344664,0.0964732729522068,0.14));
#8148=CARTESIAN_POINT('',(0.,0.,0.14));
#8149=CARTESIAN_POINT('',(0.,0.,0.14));
#8150=CARTESIAN_POINT('',(-0.115,0.,-2.60208521396521E-18));
#8151=CARTESIAN_POINT('',(-0.115,0.23,-2.60208521396521E-18));
#8152=CARTESIAN_POINT('',(0.115,0.23,-2.60208521396521E-18));
#8153=CARTESIAN_POINT('',(0.115,0.,-2.60208521396521E-18));
#8154=CARTESIAN_POINT('',(-0.095,0.,0.14));
#8155=CARTESIAN_POINT('',(-0.0950000000000001,0.19,0.14));
#8156=CARTESIAN_POINT('',(0.0950000000000001,0.19,0.14));
#8157=CARTESIAN_POINT('',(0.095,0.,0.14));
#8158=CARTESIAN_POINT('',(0.,0.,0.));
#8159=CARTESIAN_POINT('',(-0.116384158085223,-0.117279378823305,-5.20417042793042E-18));
#8160=CARTESIAN_POINT('',(-0.116384158085223,0.116783435678987,-5.20417042793042E-18));
#8161=CARTESIAN_POINT('',(0.117077172289091,-0.117279378823305,-5.20417042793042E-18));
#8162=CARTESIAN_POINT('',(0.117077172289091,0.116783435678987,-5.20417042793042E-18));
#8163=CARTESIAN_POINT('',(0.,0.,-1.38777878078145E-17));
#8164=CARTESIAN_POINT('',(0.113,1.38385088303651E-17,-1.34441069388203E-17));
#8165=CARTESIAN_POINT('',(0.113,1.38385088303651E-17,-0.05));
#8166=CARTESIAN_POINT('',(0.113,-0.226,-1.3986208025063E-17));
#8167=CARTESIAN_POINT('',(0.113,-0.226,-0.05));
#8168=CARTESIAN_POINT('',(-0.113,-0.226,-1.3986208025063E-17));
#8169=CARTESIAN_POINT('',(-0.113,-0.226,-0.05));
#8170=CARTESIAN_POINT('',(-0.113,0.,-1.34441069388203E-17));
#8171=CARTESIAN_POINT('',(-0.113,0.,-0.05));
#8172=CARTESIAN_POINT('',(0.,0.,-0.05));
#8173=CARTESIAN_POINT('',(-0.114360085770698,-0.115239737452465,-0.05));
#8174=CARTESIAN_POINT('',(-0.114360085770698,0.114752419406309,-0.05));
#8175=CARTESIAN_POINT('',(0.115041047553628,-0.115239737452465,-0.05));
#8176=CARTESIAN_POINT('',(0.115041047553628,0.114752419406309,-0.05));
#8177=CARTESIAN_POINT('',(-0.0931073264681786,-0.0938235030586438,0.17));
#8178=CARTESIAN_POINT('',(-0.0931073264681786,0.0934267485431897,0.17));
#8179=CARTESIAN_POINT('',(0.0936617378312727,-0.0938235030586438,0.17));
#8180=CARTESIAN_POINT('',(0.0936617378312727,0.0934267485431897,0.17));
#8181=CARTESIAN_POINT('',(0.,0.,0.17));
#8182=CARTESIAN_POINT('',(0.092,1.12667505521556E-17,0.17));
#8183=CARTESIAN_POINT('',(0.092,1.12667505521556E-17,0.14));
#8184=CARTESIAN_POINT('',(0.092,-0.184,0.17));
#8185=CARTESIAN_POINT('',(0.092,-0.184,0.14));
#8186=CARTESIAN_POINT('',(-0.092,-0.184,0.17));
#8187=CARTESIAN_POINT('',(-0.092,-0.184,0.14));
#8188=CARTESIAN_POINT('',(-0.092,0.,0.17));
#8189=CARTESIAN_POINT('',(-0.092,0.,0.14));
#8190=CARTESIAN_POINT('',(0.0869187796435823,1.06444805276307E-17,0.167));
#8191=CARTESIAN_POINT('',(0.0869187796435823,1.06444805276307E-17,0.14));
#8192=CARTESIAN_POINT('',(0.0869187796435823,-0.173837559287165,0.167));
#8193=CARTESIAN_POINT('',(0.0869187796435823,-0.173837559287165,0.14));
#8194=CARTESIAN_POINT('',(-0.0869187796435823,-0.173837559287165,0.167));
#8195=CARTESIAN_POINT('',(-0.0869187796435823,-0.173837559287165,0.14));
#8196=CARTESIAN_POINT('',(-0.0869187796435823,0.,0.167));
#8197=CARTESIAN_POINT('',(-0.0869187796435823,0.,0.14));
#8198=CARTESIAN_POINT('',(0.,0.,0.167));
#8199=CARTESIAN_POINT('',(0.0869187796435823,1.06444805276307E-17,0.167));
#8200=CARTESIAN_POINT('',(-0.0869187796435823,0.,0.167));
#8201=CARTESIAN_POINT('',(0.0869187796435823,1.06444805276307E-17,0.16835));
#8202=CARTESIAN_POINT('',(0.0869187796435823,1.06444805276307E-17,0.13865));
#8203=CARTESIAN_POINT('',(0.0869187796435823,0.,0.14));
#8204=CARTESIAN_POINT('',(0.,0.,0.14));
#8205=CARTESIAN_POINT('',(-0.0869187796435823,0.,0.14));
#8206=CARTESIAN_POINT('',(-0.0869187796435823,0.,0.16835));
#8207=CARTESIAN_POINT('',(-0.0869187796435823,0.,0.13865));
#8208=CARTESIAN_POINT('',(-0.106918779643582,0.,9.54097911787244E-18));
#8209=CARTESIAN_POINT('',(-0.106918779643582,0.213837559287165,9.10729824887824E-18));
#8210=CARTESIAN_POINT('',(0.106918779643582,0.213837559287165,9.10729824887824E-18));
#8211=CARTESIAN_POINT('',(0.106918779643582,0.,9.54097911787244E-18));
#8212=CARTESIAN_POINT('',(-0.0869187796435823,0.,0.14));
#8213=CARTESIAN_POINT('',(-0.0869187796435823,0.173837559287165,0.14));
#8214=CARTESIAN_POINT('',(0.0869187796435823,0.173837559287165,0.14));
#8215=CARTESIAN_POINT('',(0.0869187796435823,0.,0.14));
#8216=CARTESIAN_POINT('',(0.,0.,0.));
#8217=CARTESIAN_POINT('',(-0.106918779643582,0.,0.));
#8218=CARTESIAN_POINT('',(0.106918779643582,1.30937741259254E-17,0.));
#8219=CARTESIAN_POINT('',(0.107918779643582,0.,-0.00700000000000014));
#8220=CARTESIAN_POINT('',(-6.93889390390723E-17,0.,0.748431457505077));
#8221=CARTESIAN_POINT('',(0.,0.,0.14));
#8222=CARTESIAN_POINT('',(-0.107918779643582,0.,-0.00700000000000014));
#8223=CARTESIAN_POINT('',(6.93889390390723E-17,0.,0.748431457505077));
#8224=CARTESIAN_POINT('',(0.106918779643582,1.30937741259254E-17,0.));
#8225=CARTESIAN_POINT('',(0.106918779643582,1.30937741259254E-17,-0.047));
#8226=CARTESIAN_POINT('',(0.106918779643582,-0.213837559287164,-3.25260651745651E-19));
#8227=CARTESIAN_POINT('',(0.106918779643582,-0.213837559287164,-0.047));
#8228=CARTESIAN_POINT('',(-0.106918779643582,-0.213837559287164,-3.25260651745651E-19));
#8229=CARTESIAN_POINT('',(-0.106918779643582,-0.213837559287164,-0.047));
#8230=CARTESIAN_POINT('',(-0.106918779643582,0.,0.));
#8231=CARTESIAN_POINT('',(-0.106918779643582,0.,-0.047));
#8232=CARTESIAN_POINT('',(0.,0.,0.));
#8233=CARTESIAN_POINT('',(0.106918779643582,1.30937741259254E-17,0.00235));
#8234=CARTESIAN_POINT('',(0.106918779643582,1.30937741259254E-17,-0.04935));
#8235=CARTESIAN_POINT('',(0.106918779643582,1.30937741259254E-17,-0.047));
#8236=CARTESIAN_POINT('',(0.,0.,-0.047));
#8237=CARTESIAN_POINT('',(-0.106918779643582,0.,-0.047));
#8238=CARTESIAN_POINT('',(-0.106918779643582,0.,0.00235));
#8239=CARTESIAN_POINT('',(-0.106918779643582,0.,-0.04935));
#8240=CARTESIAN_POINT('',(-0.10820567088972,-0.109037983140392,-0.047));
#8241=CARTESIAN_POINT('',(-0.10820567088972,0.108576890655496,-0.047));
#8242=CARTESIAN_POINT('',(0.108849985958878,-0.109037983140392,-0.047));
#8243=CARTESIAN_POINT('',(0.108849985958878,0.108576890655496,-0.047));
#8244=CARTESIAN_POINT('',(0.,0.,-0.047));
#8245=CARTESIAN_POINT('',(-0.106918779643582,0.,0.));
#8246=CARTESIAN_POINT('',(-0.106918779643582,0.,-0.047));
#8247=CARTESIAN_POINT('',(-0.106918779643582,0.213837559287164,-3.25260651745651E-19));
#8248=CARTESIAN_POINT('',(-0.106918779643582,0.213837559287164,-0.047));
#8249=CARTESIAN_POINT('',(0.106918779643582,0.213837559287164,-3.25260651745651E-19));
#8250=CARTESIAN_POINT('',(0.106918779643582,0.213837559287164,-0.047));
#8251=CARTESIAN_POINT('',(0.106918779643582,1.30937741259254E-17,0.));
#8252=CARTESIAN_POINT('',(0.106918779643582,1.30937741259254E-17,-0.047));
#8253=CARTESIAN_POINT('',(0.106918779643582,0.,9.54097911787244E-18));
#8254=CARTESIAN_POINT('',(0.106918779643582,-0.213837559287165,9.10729824887824E-18));
#8255=CARTESIAN_POINT('',(-0.106918779643582,-0.213837559287165,9.10729824887824E-18));
#8256=CARTESIAN_POINT('',(-0.106918779643582,0.,9.54097911787244E-18));
#8257=CARTESIAN_POINT('',(0.0869187796435823,0.,0.14));
#8258=CARTESIAN_POINT('',(0.0869187796435823,-0.173837559287165,0.14));
#8259=CARTESIAN_POINT('',(-0.0869187796435823,-0.173837559287165,0.14));
#8260=CARTESIAN_POINT('',(-0.0869187796435823,0.,0.14));
#8261=CARTESIAN_POINT('',(-0.0869187796435823,0.,0.167));
#8262=CARTESIAN_POINT('',(-0.0869187796435823,0.,0.14));
#8263=CARTESIAN_POINT('',(-0.0869187796435823,0.173837559287165,0.167));
#8264=CARTESIAN_POINT('',(-0.0869187796435823,0.173837559287165,0.14));
#8265=CARTESIAN_POINT('',(0.0869187796435823,0.173837559287165,0.167));
#8266=CARTESIAN_POINT('',(0.0869187796435823,0.173837559287165,0.14));
#8267=CARTESIAN_POINT('',(0.0869187796435823,1.06444805276307E-17,0.167));
#8268=CARTESIAN_POINT('',(0.0869187796435823,1.06444805276307E-17,0.14));
#8269=CARTESIAN_POINT('',(0.,0.,0.167));
#8270=CARTESIAN_POINT('',(0.088488738604254,-0.0886415694319916,0.167));
#8271=CARTESIAN_POINT('',(0.088488738604254,0.0882667279287161,0.167));
#8272=CARTESIAN_POINT('',(-0.087964947744464,-0.0886415694319917,0.167));
#8273=CARTESIAN_POINT('',(-0.087964947744464,0.0882667279287161,0.167));
#8274=CARTESIAN_POINT('',(0.,0.,0.));
#8275=CARTESIAN_POINT('',(0.047,2.87791997799628E-18,-0.42));
#8276=CARTESIAN_POINT('',(0.047,2.87791997799628E-18,-0.75));
#8277=CARTESIAN_POINT('',(0.047,-0.094,-0.42));
#8278=CARTESIAN_POINT('',(0.047,-0.094,-0.75));
#8279=CARTESIAN_POINT('',(-0.047,-0.094,-0.42));
#8280=CARTESIAN_POINT('',(-0.047,-0.094,-0.75));
#8281=CARTESIAN_POINT('',(-0.047,-2.87791997799628E-18,-0.42));
#8282=CARTESIAN_POINT('',(-0.047,-2.87791997799628E-18,-0.75));
#8283=CARTESIAN_POINT('',(0.,-2.87791997799628E-18,-0.42));
#8284=CARTESIAN_POINT('',(-0.047,-2.87791997799628E-18,-0.42));
#8285=CARTESIAN_POINT('',(0.047,2.87791997799628E-18,-0.42));
#8286=CARTESIAN_POINT('',(0.047,2.87791997799628E-18,-0.4035));
#8287=CARTESIAN_POINT('',(0.047,2.87791997799628E-18,-0.7665));
#8288=CARTESIAN_POINT('',(0.047,2.87791997799628E-18,-0.75));
#8289=CARTESIAN_POINT('',(0.,-2.87791997799628E-18,-0.75));
#8290=CARTESIAN_POINT('',(-0.047,-2.87791997799628E-18,-0.75));
#8291=CARTESIAN_POINT('',(-0.047,-2.87791997799628E-18,-0.4035));
#8292=CARTESIAN_POINT('',(-0.047,-2.87791997799628E-18,-0.7665));
#8293=CARTESIAN_POINT('',(-0.049,0.,-0.42));
#8294=CARTESIAN_POINT('',(-0.049,0.,-0.75));
#8295=CARTESIAN_POINT('',(-0.049,0.098,-0.42));
#8296=CARTESIAN_POINT('',(-0.049,0.098,-0.75));
#8297=CARTESIAN_POINT('',(0.049,0.098,-0.42));
#8298=CARTESIAN_POINT('',(0.049,0.098,-0.75));
#8299=CARTESIAN_POINT('',(0.049,6.00076931582203E-18,-0.42));
#8300=CARTESIAN_POINT('',(0.049,6.00076931582203E-18,-0.75));
#8301=CARTESIAN_POINT('',(-0.0429944555400964,0.0235048248836421,-0.419998));
#8302=CARTESIAN_POINT('',(-0.0429944555400964,0.0235048248836421,-0.588));
#8303=CARTESIAN_POINT('',(-0.0429944555400964,0.0235048248836421,-0.744));
#8304=CARTESIAN_POINT('',(0.,0.,-0.744));
#8305=CARTESIAN_POINT('',(-0.0235048248836421,0.0429944555400963,-0.744));
#8306=CARTESIAN_POINT('',(-0.0235048248836421,0.0429944555400963,-0.419998));
#8307=CARTESIAN_POINT('',(-0.0235048248836421,0.0429944555400963,-0.588));
#8308=CARTESIAN_POINT('',(0.,0.,-0.588));
#8309=CARTESIAN_POINT('',(-0.0126328125,0.0473435533979004,-0.419998));
#8310=CARTESIAN_POINT('',(-0.0126328125,0.0473435533979004,-0.426));
#8311=CARTESIAN_POINT('',(-0.0126328125,0.0473435533979004,-0.582));
#8312=CARTESIAN_POINT('',(0.,0.,-0.582));
#8313=CARTESIAN_POINT('',(0.0126328125,0.0473435533979004,-0.582));
#8314=CARTESIAN_POINT('',(0.0126328125,0.0473435533979004,-0.419998));
#8315=CARTESIAN_POINT('',(0.0126328125,0.0473435533979004,-0.426));
#8316=CARTESIAN_POINT('',(0.,0.,-0.426));
#8317=CARTESIAN_POINT('',(0.0235048248836421,0.0429944555400964,-0.419998));
#8318=CARTESIAN_POINT('',(0.0235048248836421,0.0429944555400964,-0.588));
#8319=CARTESIAN_POINT('',(0.0235048248836421,0.0429944555400964,-0.744));
#8320=CARTESIAN_POINT('',(0.,0.,-0.744));
#8321=CARTESIAN_POINT('',(0.0429944555400963,0.0235048248836421,-0.744));
#8322=CARTESIAN_POINT('',(0.0429944555400963,0.0235048248836421,-0.419998));
#8323=CARTESIAN_POINT('',(0.0429944555400963,0.0235048248836421,-0.588));
#8324=CARTESIAN_POINT('',(0.,0.,-0.588));
#8325=CARTESIAN_POINT('',(0.,0.,-0.42));
#8326=CARTESIAN_POINT('',(-0.049,0.,-0.42));
#8327=CARTESIAN_POINT('',(0.049,6.00076931582203E-18,-0.42));
#8328=CARTESIAN_POINT('',(0.049,6.00076931582203E-18,-0.4035));
#8329=CARTESIAN_POINT('',(0.049,6.00076931582203E-18,-0.7665));
#8330=CARTESIAN_POINT('',(0.049,6.00076931582203E-18,-0.426));
#8331=CARTESIAN_POINT('',(0.,0.,-0.426));
#8332=CARTESIAN_POINT('',(0.0473435533979004,0.0126328125,-0.426));
#8333=CARTESIAN_POINT('',(0.0473435533979004,0.0126328125,-0.419998));
#8334=CARTESIAN_POINT('',(0.0473435533979004,0.0126328125,-0.582));
#8335=CARTESIAN_POINT('',(0.,0.,-0.582));
#8336=CARTESIAN_POINT('',(0.049,6.00076931582203E-18,-0.582));
#8337=CARTESIAN_POINT('',(0.049,6.00076931582203E-18,-0.4035));
#8338=CARTESIAN_POINT('',(0.049,6.00076931582203E-18,-0.7665));
#8339=CARTESIAN_POINT('',(0.049,6.00076931582203E-18,-0.75));
#8340=CARTESIAN_POINT('',(0.,0.,-0.75));
#8341=CARTESIAN_POINT('',(-0.049,0.,-0.75));
#8342=CARTESIAN_POINT('',(-0.049,0.,-0.4035));
#8343=CARTESIAN_POINT('',(-0.049,0.,-0.7665));
#8344=CARTESIAN_POINT('',(-0.049,0.,-0.582));
#8345=CARTESIAN_POINT('',(0.,0.,-0.582));
#8346=CARTESIAN_POINT('',(-0.0473435533979004,0.0126328125,-0.582));
#8347=CARTESIAN_POINT('',(-0.0473435533979004,0.0126328125,-0.419998));
#8348=CARTESIAN_POINT('',(-0.0473435533979004,0.0126328125,-0.426));
#8349=CARTESIAN_POINT('',(0.,0.,-0.426));
#8350=CARTESIAN_POINT('',(-0.049,0.,-0.426));
#8351=CARTESIAN_POINT('',(-0.049,0.,-0.4035));
#8352=CARTESIAN_POINT('',(-0.049,0.,-0.7665));
#8353=CARTESIAN_POINT('',(0.0445758580901501,0.0211660424767532,-0.5802));
#8354=CARTESIAN_POINT('',(0.0445758580901501,0.0211660424767532,-0.7518));
#8355=CARTESIAN_POINT('',(0.038575094581629,0.0284545715442992,-0.5802));
#8356=CARTESIAN_POINT('',(0.038575094581629,0.0284545715442992,-0.7518));
#8357=CARTESIAN_POINT('',(0.0399163342056081,0.0377997786005784,-0.5802));
#8358=CARTESIAN_POINT('',(0.0399163342056081,0.0377997786005784,-0.7518));
#8359=CARTESIAN_POINT('',(0.0477247728947928,0.0431063880539775,-0.5802));
#8360=CARTESIAN_POINT('',(0.0477247728947928,0.0431063880539775,-0.7518));
#8361=CARTESIAN_POINT('',(0.0455494218447766,0.0413067811576573,-0.419998));
#8362=CARTESIAN_POINT('',(0.0455494218447766,0.0413067811576573,-0.588));
#8363=CARTESIAN_POINT('',(0.0455494218447766,0.0413067811576573,-0.744));
#8364=CARTESIAN_POINT('',(0.0561560235625748,0.0307001794398591,-0.588));
#8365=CARTESIAN_POINT('',(0.0411560235625748,0.0307001794398591,-0.588));
#8366=CARTESIAN_POINT('',(0.0561560235625748,0.0307001794398591,-0.588));
#8367=CARTESIAN_POINT('',(0.0561560235625748,0.0307001794398591,-0.744));
#8368=CARTESIAN_POINT('',(0.0431063880539775,0.0477247728947929,-0.5802));
#8369=CARTESIAN_POINT('',(0.0431063880539775,0.0477247728947929,-0.7518));
#8370=CARTESIAN_POINT('',(0.0377997786005783,0.0399163342056081,-0.5802));
#8371=CARTESIAN_POINT('',(0.0377997786005783,0.0399163342056081,-0.7518));
#8372=CARTESIAN_POINT('',(0.0284545715442991,0.0385750945816289,-0.5802));
#8373=CARTESIAN_POINT('',(0.0284545715442991,0.0385750945816289,-0.7518));
#8374=CARTESIAN_POINT('',(0.021166042476753,0.0445758580901501,-0.5802));
#8375=CARTESIAN_POINT('',(0.021166042476753,0.0445758580901501,-0.7518));
#8376=CARTESIAN_POINT('',(0.0413067811576572,0.0455494218447766,-0.629044444872763));
#8377=CARTESIAN_POINT('',(0.0413067811576573,0.0455494218447766,-0.744));
#8378=CARTESIAN_POINT('',(0.0413067811576573,0.0455494218447766,-0.588));
#8379=CARTESIAN_POINT('',(0.030700179439859,0.0561560235625748,-0.744));
#8380=CARTESIAN_POINT('',(0.030700179439859,0.0561560235625748,-0.588));
#8381=CARTESIAN_POINT('',(0.0154170142693659,0.0468756242584468,-0.4182));
#8382=CARTESIAN_POINT('',(0.0154170142693659,0.0468756242584468,-0.5898));
#8383=CARTESIAN_POINT('',(0.00582297961751898,0.0475701168904126,-0.4182));
#8384=CARTESIAN_POINT('',(0.00582297961751898,0.0475701168904126,-0.5898));
#8385=CARTESIAN_POINT('',(-3.67555337745134E-5,0.0551984407478133,-0.4182));
#8386=CARTESIAN_POINT('',(-3.67555337745134E-5,0.0551984407478133,-0.5898));
#8387=CARTESIAN_POINT('',(0.00176569123906967,0.0646471976262476,-0.4182));
#8388=CARTESIAN_POINT('',(0.00176569123906967,0.0646471976262476,-0.5898));
#8389=CARTESIAN_POINT('',(0.0015,0.0618364779074617,-0.45));
#8390=CARTESIAN_POINT('',(0.0015,0.0618364779074617,-0.426));
#8391=CARTESIAN_POINT('',(0.0015,0.0618364779074617,-0.582));
#8392=CARTESIAN_POINT('',(0.0165,0.0618364779074617,-0.426));
#8393=CARTESIAN_POINT('',(0.0165,0.0618364779074617,-0.582));
#8394=CARTESIAN_POINT('',(-0.00176569123906967,0.0646471976262476,-0.4182));
#8395=CARTESIAN_POINT('',(-0.00176569123906967,0.0646471976262476,-0.5898));
#8396=CARTESIAN_POINT('',(3.67555337745179E-5,0.0551984407478133,-0.4182));
#8397=CARTESIAN_POINT('',(3.67555337745179E-5,0.0551984407478133,-0.5898));
#8398=CARTESIAN_POINT('',(-0.00582297961751897,0.0475701168904126,-0.4182));
#8399=CARTESIAN_POINT('',(-0.00582297961751897,0.0475701168904126,-0.5898));
#8400=CARTESIAN_POINT('',(-0.0154170142693659,0.0468756242584468,-0.4182));
#8401=CARTESIAN_POINT('',(-0.0154170142693659,0.0468756242584468,-0.5898));
#8402=CARTESIAN_POINT('',(-0.0015,0.0618364779074617,-0.419998));
#8403=CARTESIAN_POINT('',(-0.0015,0.0618364779074617,-0.582));
#8404=CARTESIAN_POINT('',(-0.0015,0.0618364779074617,-0.426));
#8405=CARTESIAN_POINT('',(-0.0165,0.0618364779074617,-0.582));
#8406=CARTESIAN_POINT('',(-0.0165,0.0618364779074617,-0.426));
#8407=CARTESIAN_POINT('',(-0.0211660424767531,0.0445758580901501,-0.5802));
#8408=CARTESIAN_POINT('',(-0.0211660424767531,0.0445758580901501,-0.7518));
#8409=CARTESIAN_POINT('',(-0.0284545715442992,0.038575094581629,-0.5802));
#8410=CARTESIAN_POINT('',(-0.0284545715442992,0.038575094581629,-0.7518));
#8411=CARTESIAN_POINT('',(-0.0377997786005783,0.0399163342056081,-0.5802));
#8412=CARTESIAN_POINT('',(-0.0377997786005783,0.0399163342056081,-0.7518));
#8413=CARTESIAN_POINT('',(-0.0431063880539775,0.0477247728947928,-0.5802));
#8414=CARTESIAN_POINT('',(-0.0431063880539775,0.0477247728947928,-0.7518));
#8415=CARTESIAN_POINT('',(-0.0413067811576573,0.0455494218447766,-0.419998));
#8416=CARTESIAN_POINT('',(-0.0413067811576573,0.0455494218447766,-0.588));
#8417=CARTESIAN_POINT('',(-0.0413067811576573,0.0455494218447766,-0.744));
#8418=CARTESIAN_POINT('',(-0.0307001794398591,0.0561560235625748,-0.588));
#8419=CARTESIAN_POINT('',(-0.0307001794398591,0.0561560235625748,-0.744));
#8420=CARTESIAN_POINT('',(-0.0477247728947929,0.0431063880539775,-0.5802));
#8421=CARTESIAN_POINT('',(-0.0477247728947929,0.0431063880539775,-0.7518));
#8422=CARTESIAN_POINT('',(-0.0399163342056081,0.0377997786005783,-0.5802));
#8423=CARTESIAN_POINT('',(-0.0399163342056081,0.0377997786005783,-0.7518));
#8424=CARTESIAN_POINT('',(-0.0385750945816289,0.0284545715442991,-0.5802));
#8425=CARTESIAN_POINT('',(-0.0385750945816289,0.0284545715442991,-0.7518));
#8426=CARTESIAN_POINT('',(-0.0445758580901501,0.021166042476753,-0.5802));
#8427=CARTESIAN_POINT('',(-0.0445758580901501,0.021166042476753,-0.7518));
#8428=CARTESIAN_POINT('',(-0.0455494218447766,0.0413067811576572,-0.629044444872763));
#8429=CARTESIAN_POINT('',(-0.0455494218447766,0.0413067811576573,-0.744));
#8430=CARTESIAN_POINT('',(-0.0455494218447766,0.0413067811576573,-0.588));
#8431=CARTESIAN_POINT('',(-0.0561560235625748,0.030700179439859,-0.744));
#8432=CARTESIAN_POINT('',(-0.0411560235625748,0.030700179439859,-0.744));
#8433=CARTESIAN_POINT('',(-0.0561560235625748,0.030700179439859,-0.744));
#8434=CARTESIAN_POINT('',(-0.0561560235625748,0.030700179439859,-0.588));
#8435=CARTESIAN_POINT('',(-0.0468756242584468,0.0154170142693659,-0.4182));
#8436=CARTESIAN_POINT('',(-0.0468756242584468,0.0154170142693659,-0.5898));
#8437=CARTESIAN_POINT('',(-0.0475701168904126,0.00582297961751899,-0.4182));
#8438=CARTESIAN_POINT('',(-0.0475701168904126,0.00582297961751899,-0.5898));
#8439=CARTESIAN_POINT('',(-0.0551984407478133,-3.67555337745064E-5,-0.4182));
#8440=CARTESIAN_POINT('',(-0.0551984407478133,-3.67555337745064E-5,-0.5898));
#8441=CARTESIAN_POINT('',(-0.0646471976262475,0.00176569123906967,-0.4182));
#8442=CARTESIAN_POINT('',(-0.0646471976262475,0.00176569123906967,-0.5898));
#8443=CARTESIAN_POINT('',(-0.0618364779074617,0.0015,-0.45));
#8444=CARTESIAN_POINT('',(-0.0618364779074617,0.0015,-0.426));
#8445=CARTESIAN_POINT('',(-0.0618364779074617,0.0015,-0.582));
#8446=CARTESIAN_POINT('',(-0.0618364779074617,0.0165,-0.426));
#8447=CARTESIAN_POINT('',(-0.0618364779074617,0.0165,-0.582));
#8448=CARTESIAN_POINT('',(-0.0646471976262476,-0.00176569123906967,-0.4182));
#8449=CARTESIAN_POINT('',(-0.0646471976262476,-0.00176569123906967,-0.5898));
#8450=CARTESIAN_POINT('',(-0.0551984407478133,3.67555337745177E-5,-0.4182));
#8451=CARTESIAN_POINT('',(-0.0551984407478133,3.67555337745177E-5,-0.5898));
#8452=CARTESIAN_POINT('',(-0.0475701168904126,-0.00582297961751897,-0.4182));
#8453=CARTESIAN_POINT('',(-0.0475701168904126,-0.00582297961751897,-0.5898));
#8454=CARTESIAN_POINT('',(-0.0468756242584468,-0.0154170142693659,-0.4182));
#8455=CARTESIAN_POINT('',(-0.0468756242584468,-0.0154170142693659,-0.5898));
#8456=CARTESIAN_POINT('',(-0.0618364779074617,-0.0015,-0.419998));
#8457=CARTESIAN_POINT('',(-0.0618364779074617,-0.0015,-0.582));
#8458=CARTESIAN_POINT('',(-0.0618364779074617,-0.0015,-0.426));
#8459=CARTESIAN_POINT('',(-0.0618364779074617,-0.0165,-0.582));
#8460=CARTESIAN_POINT('',(-0.0473435533979004,-0.0126328125,-0.582));
#8461=CARTESIAN_POINT('',(-0.0473435533979004,-0.0126328125,-0.419998));
#8462=CARTESIAN_POINT('',(-0.0473435533979004,-0.0126328125,-0.426));
#8463=CARTESIAN_POINT('',(-0.0618364779074617,-0.0165,-0.426));
#8464=CARTESIAN_POINT('',(-0.0445758580901501,-0.0211660424767531,-0.5802));
#8465=CARTESIAN_POINT('',(-0.0445758580901501,-0.0211660424767531,-0.7518));
#8466=CARTESIAN_POINT('',(-0.038575094581629,-0.0284545715442991,-0.5802));
#8467=CARTESIAN_POINT('',(-0.038575094581629,-0.0284545715442991,-0.7518));
#8468=CARTESIAN_POINT('',(-0.0399163342056081,-0.0377997786005784,-0.5802));
#8469=CARTESIAN_POINT('',(-0.0399163342056081,-0.0377997786005784,-0.7518));
#8470=CARTESIAN_POINT('',(-0.0477247728947928,-0.0431063880539775,-0.5802));
#8471=CARTESIAN_POINT('',(-0.0477247728947928,-0.0431063880539775,-0.7518));
#8472=CARTESIAN_POINT('',(-0.0455494218447766,-0.0413067811576573,-0.419998));
#8473=CARTESIAN_POINT('',(-0.0455494218447766,-0.0413067811576573,-0.588));
#8474=CARTESIAN_POINT('',(-0.0455494218447766,-0.0413067811576573,-0.744));
#8475=CARTESIAN_POINT('',(-0.0561560235625748,-0.0307001794398591,-0.588));
#8476=CARTESIAN_POINT('',(-0.0429944555400963,-0.0235048248836421,-0.588));
#8477=CARTESIAN_POINT('',(-0.0429944555400963,-0.0235048248836421,-0.419998));
#8478=CARTESIAN_POINT('',(-0.0429944555400963,-0.0235048248836421,-0.744));
#8479=CARTESIAN_POINT('',(-0.0561560235625748,-0.0307001794398591,-0.744));
#8480=CARTESIAN_POINT('',(-0.0431063880539775,-0.0477247728947929,-0.5802));
#8481=CARTESIAN_POINT('',(-0.0431063880539775,-0.0477247728947929,-0.7518));
#8482=CARTESIAN_POINT('',(-0.0377997786005783,-0.0399163342056081,-0.5802));
#8483=CARTESIAN_POINT('',(-0.0377997786005783,-0.0399163342056081,-0.7518));
#8484=CARTESIAN_POINT('',(-0.0284545715442991,-0.038575094581629,-0.5802));
#8485=CARTESIAN_POINT('',(-0.0284545715442991,-0.038575094581629,-0.7518));
#8486=CARTESIAN_POINT('',(-0.0211660424767531,-0.0445758580901501,-0.5802));
#8487=CARTESIAN_POINT('',(-0.0211660424767531,-0.0445758580901501,-0.7518));
#8488=CARTESIAN_POINT('',(-0.0413067811576572,-0.0455494218447766,-0.629044444872763));
#8489=CARTESIAN_POINT('',(-0.0413067811576572,-0.0455494218447766,-0.744));
#8490=CARTESIAN_POINT('',(-0.0413067811576573,-0.0455494218447766,-0.588));
#8491=CARTESIAN_POINT('',(-0.030700179439859,-0.0561560235625748,-0.744));
#8492=CARTESIAN_POINT('',(-0.0235048248836421,-0.0429944555400964,-0.744));
#8493=CARTESIAN_POINT('',(-0.0235048248836421,-0.0429944555400964,-0.419998));
#8494=CARTESIAN_POINT('',(-0.0235048248836421,-0.0429944555400964,-0.588));
#8495=CARTESIAN_POINT('',(-0.030700179439859,-0.0561560235625748,-0.588));
#8496=CARTESIAN_POINT('',(-0.0154170142693659,-0.0468756242584468,-0.4182));
#8497=CARTESIAN_POINT('',(-0.0154170142693659,-0.0468756242584468,-0.5898));
#8498=CARTESIAN_POINT('',(-0.00582297961751898,-0.0475701168904126,-0.4182));
#8499=CARTESIAN_POINT('',(-0.00582297961751898,-0.0475701168904126,-0.5898));
#8500=CARTESIAN_POINT('',(3.67555337745095E-5,-0.0551984407478133,-0.4182));
#8501=CARTESIAN_POINT('',(3.67555337745095E-5,-0.0551984407478133,-0.5898));
#8502=CARTESIAN_POINT('',(-0.00176569123906967,-0.0646471976262476,-0.4182));
#8503=CARTESIAN_POINT('',(-0.00176569123906967,-0.0646471976262476,-0.5898));
#8504=CARTESIAN_POINT('',(-0.0015,-0.0618364779074617,-0.45));
#8505=CARTESIAN_POINT('',(-0.0015,-0.0618364779074617,-0.426));
#8506=CARTESIAN_POINT('',(-0.0015,-0.0618364779074617,-0.582));
#8507=CARTESIAN_POINT('',(-0.0165,-0.0618364779074617,-0.426));
#8508=CARTESIAN_POINT('',(-0.0126328125,-0.0473435533979004,-0.426));
#8509=CARTESIAN_POINT('',(-0.0126328125,-0.0473435533979004,-0.419998));
#8510=CARTESIAN_POINT('',(-0.0126328125,-0.0473435533979004,-0.582));
#8511=CARTESIAN_POINT('',(-0.0165,-0.0618364779074617,-0.582));
#8512=CARTESIAN_POINT('',(0.00176569123906967,-0.0646471976262476,-0.4182));
#8513=CARTESIAN_POINT('',(0.00176569123906967,-0.0646471976262476,-0.5898));
#8514=CARTESIAN_POINT('',(-3.67555337745229E-5,-0.0551984407478133,-0.4182));
#8515=CARTESIAN_POINT('',(-3.67555337745229E-5,-0.0551984407478133,-0.5898));
#8516=CARTESIAN_POINT('',(0.00582297961751897,-0.0475701168904126,-0.4182));
#8517=CARTESIAN_POINT('',(0.00582297961751897,-0.0475701168904126,-0.5898));
#8518=CARTESIAN_POINT('',(0.0154170142693659,-0.0468756242584468,-0.4182));
#8519=CARTESIAN_POINT('',(0.0154170142693659,-0.0468756242584468,-0.5898));
#8520=CARTESIAN_POINT('',(0.0015,-0.0618364779074617,-0.419998));
#8521=CARTESIAN_POINT('',(0.0015,-0.0618364779074617,-0.582));
#8522=CARTESIAN_POINT('',(0.0015,-0.0618364779074617,-0.426));
#8523=CARTESIAN_POINT('',(0.0165,-0.0618364779074617,-0.582));
#8524=CARTESIAN_POINT('',(0.0126328125,-0.0473435533979004,-0.582));
#8525=CARTESIAN_POINT('',(0.0126328125,-0.0473435533979004,-0.419998));
#8526=CARTESIAN_POINT('',(0.0126328125,-0.0473435533979004,-0.426));
#8527=CARTESIAN_POINT('',(0.0165,-0.0618364779074617,-0.426));
#8528=CARTESIAN_POINT('',(0.0211660424767531,-0.0445758580901501,-0.5802));
#8529=CARTESIAN_POINT('',(0.0211660424767531,-0.0445758580901501,-0.7518));
#8530=CARTESIAN_POINT('',(0.0284545715442991,-0.038575094581629,-0.5802));
#8531=CARTESIAN_POINT('',(0.0284545715442991,-0.038575094581629,-0.7518));
#8532=CARTESIAN_POINT('',(0.0377997786005783,-0.0399163342056081,-0.5802));
#8533=CARTESIAN_POINT('',(0.0377997786005783,-0.0399163342056081,-0.7518));
#8534=CARTESIAN_POINT('',(0.0431063880539775,-0.0477247728947928,-0.5802));
#8535=CARTESIAN_POINT('',(0.0431063880539775,-0.0477247728947928,-0.7518));
#8536=CARTESIAN_POINT('',(0.0413067811576573,-0.0455494218447766,-0.419998));
#8537=CARTESIAN_POINT('',(0.0413067811576573,-0.0455494218447766,-0.588));
#8538=CARTESIAN_POINT('',(0.0413067811576573,-0.0455494218447766,-0.744));
#8539=CARTESIAN_POINT('',(0.0307001794398591,-0.0561560235625748,-0.588));
#8540=CARTESIAN_POINT('',(0.0235048248836421,-0.0429944555400963,-0.588));
#8541=CARTESIAN_POINT('',(0.0235048248836421,-0.0429944555400963,-0.419998));
#8542=CARTESIAN_POINT('',(0.0235048248836421,-0.0429944555400963,-0.744));
#8543=CARTESIAN_POINT('',(0.0307001794398591,-0.0561560235625748,-0.744));
#8544=CARTESIAN_POINT('',(0.0477247728947929,-0.0431063880539775,-0.5802));
#8545=CARTESIAN_POINT('',(0.0477247728947929,-0.0431063880539775,-0.7518));
#8546=CARTESIAN_POINT('',(0.0399163342056081,-0.0377997786005783,-0.5802));
#8547=CARTESIAN_POINT('',(0.0399163342056081,-0.0377997786005783,-0.7518));
#8548=CARTESIAN_POINT('',(0.038575094581629,-0.0284545715442991,-0.5802));
#8549=CARTESIAN_POINT('',(0.038575094581629,-0.0284545715442991,-0.7518));
#8550=CARTESIAN_POINT('',(0.0445758580901501,-0.0211660424767531,-0.5802));
#8551=CARTESIAN_POINT('',(0.0445758580901501,-0.0211660424767531,-0.7518));
#8552=CARTESIAN_POINT('',(0.0455494218447766,-0.0413067811576572,-0.629044444872763));
#8553=CARTESIAN_POINT('',(0.0455494218447766,-0.0413067811576573,-0.744));
#8554=CARTESIAN_POINT('',(0.0455494218447766,-0.0413067811576573,-0.588));
#8555=CARTESIAN_POINT('',(0.0561560235625748,-0.030700179439859,-0.744));
#8556=CARTESIAN_POINT('',(0.0429944555400964,-0.0235048248836421,-0.744));
#8557=CARTESIAN_POINT('',(0.0429944555400964,-0.0235048248836421,-0.419998));
#8558=CARTESIAN_POINT('',(0.0429944555400964,-0.0235048248836421,-0.588));
#8559=CARTESIAN_POINT('',(0.0561560235625748,-0.030700179439859,-0.588));
#8560=CARTESIAN_POINT('',(0.0411560235625748,-0.030700179439859,-0.588));
#8561=CARTESIAN_POINT('',(0.0561560235625748,-0.030700179439859,-0.588));
#8562=CARTESIAN_POINT('',(0.0468756242584468,-0.0154170142693659,-0.4182));
#8563=CARTESIAN_POINT('',(0.0468756242584468,-0.0154170142693659,-0.5898));
#8564=CARTESIAN_POINT('',(0.0475701168904126,-0.00582297961751897,-0.4182));
#8565=CARTESIAN_POINT('',(0.0475701168904126,-0.00582297961751897,-0.5898));
#8566=CARTESIAN_POINT('',(0.0551984407478133,3.67555337745188E-5,-0.4182));
#8567=CARTESIAN_POINT('',(0.0551984407478133,3.67555337745188E-5,-0.5898));
#8568=CARTESIAN_POINT('',(0.0646471976262476,-0.00176569123906967,-0.4182));
#8569=CARTESIAN_POINT('',(0.0646471976262476,-0.00176569123906967,-0.5898));
#8570=CARTESIAN_POINT('',(0.0618364779074617,-0.0015,-0.45));
#8571=CARTESIAN_POINT('',(0.0618364779074617,-0.0015,-0.426));
#8572=CARTESIAN_POINT('',(0.0618364779074617,-0.0015,-0.582));
#8573=CARTESIAN_POINT('',(0.0618364779074617,-0.0165,-0.426));
#8574=CARTESIAN_POINT('',(0.0473435533979004,-0.0126328125,-0.426));
#8575=CARTESIAN_POINT('',(0.0473435533979004,-0.0126328125,-0.419998));
#8576=CARTESIAN_POINT('',(0.0473435533979004,-0.0126328125,-0.582));
#8577=CARTESIAN_POINT('',(0.0618364779074617,-0.0165,-0.582));
#8578=CARTESIAN_POINT('',(0.0646471976262476,0.00176569123906967,-0.4182));
#8579=CARTESIAN_POINT('',(0.0646471976262476,0.00176569123906967,-0.5898));
#8580=CARTESIAN_POINT('',(0.0551984407478134,-3.67555337745212E-5,-0.4182));
#8581=CARTESIAN_POINT('',(0.0551984407478134,-3.67555337745212E-5,-0.5898));
#8582=CARTESIAN_POINT('',(0.0475701168904126,0.00582297961751896,-0.4182));
#8583=CARTESIAN_POINT('',(0.0475701168904126,0.00582297961751896,-0.5898));
#8584=CARTESIAN_POINT('',(0.0468756242584468,0.0154170142693659,-0.4182));
#8585=CARTESIAN_POINT('',(0.0468756242584468,0.0154170142693659,-0.5898));
#8586=CARTESIAN_POINT('',(0.0618364779074617,0.0015,-0.419998));
#8587=CARTESIAN_POINT('',(0.0618364779074617,0.0015,-0.582));
#8588=CARTESIAN_POINT('',(0.0618364779074617,0.0015,-0.426));
#8589=CARTESIAN_POINT('',(0.0618364779074617,0.0165,-0.582));
#8590=CARTESIAN_POINT('',(0.0618364779074617,0.0165,-0.426));
#8591=CARTESIAN_POINT('',(0.04988505601883,-0.049971213585582,-0.42));
#8592=CARTESIAN_POINT('',(0.04988505601883,0.0497598986806119,-0.42));
#8593=CARTESIAN_POINT('',(-0.0495897717058777,-0.049971213585582,-0.42));
#8594=CARTESIAN_POINT('',(-0.0495897717058777,0.0497598986806119,-0.42));
#8595=CARTESIAN_POINT('',(0.,0.,-0.42));
#8596=CARTESIAN_POINT('',(0.,-2.87791997799628E-18,-0.42));
#8597=CARTESIAN_POINT('',(-0.047,-2.87791997799628E-18,-0.42));
#8598=CARTESIAN_POINT('',(-0.047,-2.87791997799628E-18,-0.75));
#8599=CARTESIAN_POINT('',(-0.047,0.094,-0.42));
#8600=CARTESIAN_POINT('',(-0.047,0.094,-0.75));
#8601=CARTESIAN_POINT('',(0.047,0.094,-0.42));
#8602=CARTESIAN_POINT('',(0.047,0.094,-0.75));
#8603=CARTESIAN_POINT('',(0.047,2.87791997799628E-18,-0.42));
#8604=CARTESIAN_POINT('',(0.047,2.87791997799628E-18,-0.75));
#8605=CARTESIAN_POINT('',(0.,-2.87791997799628E-18,-0.75));
#8606=CARTESIAN_POINT('',(0.049,6.00076931582203E-18,-0.42));
#8607=CARTESIAN_POINT('',(0.049,6.00076931582203E-18,-0.75));
#8608=CARTESIAN_POINT('',(0.049,-0.098,-0.42));
#8609=CARTESIAN_POINT('',(0.049,-0.098,-0.75));
#8610=CARTESIAN_POINT('',(-0.049,-0.098,-0.42));
#8611=CARTESIAN_POINT('',(-0.049,-0.098,-0.75));
#8612=CARTESIAN_POINT('',(-0.049,0.,-0.42));
#8613=CARTESIAN_POINT('',(-0.049,0.,-0.75));
#8614=CARTESIAN_POINT('',(0.,0.,-0.426));
#8615=CARTESIAN_POINT('',(0.,0.,-0.582));
#8616=CARTESIAN_POINT('',(0.,0.,-0.75));
#8617=CARTESIAN_POINT('',(0.,0.,-0.582));
#8618=CARTESIAN_POINT('',(0.,0.,-0.426));
#8619=CARTESIAN_POINT('',(0.,0.,-0.744));
#8620=CARTESIAN_POINT('',(0.,0.,-0.588));
#8621=CARTESIAN_POINT('',(0.,0.,-0.582));
#8622=CARTESIAN_POINT('',(0.,0.,-0.426));
#8623=CARTESIAN_POINT('',(0.,0.,-0.744));
#8624=CARTESIAN_POINT('',(0.,0.,-0.588));
#8625=CARTESIAN_POINT('',(-0.04988505601883,0.0497598986806119,-0.75));
#8626=CARTESIAN_POINT('',(-0.04988505601883,-0.049971213585582,-0.75));
#8627=CARTESIAN_POINT('',(0.0495897717058777,0.0497598986806119,-0.75));
#8628=CARTESIAN_POINT('',(0.0495897717058777,-0.049971213585582,-0.75));
#8629=CARTESIAN_POINT('',(0.0557533018028348,-0.0015,-0.714317473096775));
#8630=CARTESIAN_POINT('',(0.0557533018028348,-0.0015,-0.185682526903225));
#8631=CARTESIAN_POINT('',(0.189583176104627,-0.0015,-0.714317473096775));
#8632=CARTESIAN_POINT('',(0.189583176104627,-0.0015,-0.185682526903225));
#8633=CARTESIAN_POINT('',(0.234564339828221,-0.0015,-0.33168566017178));
#8634=CARTESIAN_POINT('',(0.1835,-0.0015,-0.28062132034356));
#8635=CARTESIAN_POINT('',(0.11543933982822,-0.0015,-0.21256066017178));
#8636=CARTESIAN_POINT('',(0.1165,-0.0015,-0.213621320343559));
#8637=CARTESIAN_POINT('',(0.115,-0.0015,-0.213621320343559));
#8638=CARTESIAN_POINT('',(0.115,-0.0015,-0.318));
#8639=CARTESIAN_POINT('',(0.115,-0.0015,-0.426));
#8640=CARTESIAN_POINT('',(0.08125,-0.0015,-0.426));
#8641=CARTESIAN_POINT('',(0.08125,-0.0015,-0.582));
#8642=CARTESIAN_POINT('',(0.115,-0.0015,-0.582));
#8643=CARTESIAN_POINT('',(0.115,-0.0015,-0.636));
#8644=CARTESIAN_POINT('',(0.115,-0.0015,-0.68637867965644));
#8645=CARTESIAN_POINT('',(0.1165,-0.0015,-0.68637867965644));
#8646=CARTESIAN_POINT('',(0.11543933982822,-0.0015,-0.68743933982822));
#8647=CARTESIAN_POINT('',(0.234564339828221,-0.0015,-0.56831433982822));
#8648=CARTESIAN_POINT('',(0.1835,-0.0015,-0.61937867965644));
#8649=CARTESIAN_POINT('',(0.1835,-0.0015,-0.45));
#8650=CARTESIAN_POINT('',(0.0557533018028348,0.0015,-0.714317473096775));
#8651=CARTESIAN_POINT('',(0.0557533018028348,0.0015,-0.185682526903225));
#8652=CARTESIAN_POINT('',(0.189583176104627,0.0015,-0.714317473096775));
#8653=CARTESIAN_POINT('',(0.189583176104627,0.0015,-0.185682526903225));
#8654=CARTESIAN_POINT('',(0.115,0.0015,-0.318));
#8655=CARTESIAN_POINT('',(0.115,0.0015,-0.426));
#8656=CARTESIAN_POINT('',(0.115,0.0015,-0.213621320343559));
#8657=CARTESIAN_POINT('',(0.1165,0.0015,-0.213621320343559));
#8658=CARTESIAN_POINT('',(0.11543933982822,0.0015,-0.21256066017178));
#8659=CARTESIAN_POINT('',(0.18393933982822,0.0015,-0.28106066017178));
#8660=CARTESIAN_POINT('',(0.1835,0.0015,-0.28062132034356));
#8661=CARTESIAN_POINT('',(0.1835,0.0015,-0.62));
#8662=CARTESIAN_POINT('',(0.1835,0.0015,-0.61937867965644));
#8663=CARTESIAN_POINT('',(0.11393933982822,0.0015,-0.68893933982822));
#8664=CARTESIAN_POINT('',(0.11543933982822,0.0015,-0.68743933982822));
#8665=CARTESIAN_POINT('',(0.1165,0.0015,-0.68637867965644));
#8666=CARTESIAN_POINT('',(0.115,0.0015,-0.68637867965644));
#8667=CARTESIAN_POINT('',(0.115,0.0015,-0.636));
#8668=CARTESIAN_POINT('',(0.115,0.0015,-0.582));
#8669=CARTESIAN_POINT('',(0.08125,0.0015,-0.582));
#8670=CARTESIAN_POINT('',(0.08125,0.0015,-0.426));
#8671=CARTESIAN_POINT('',(0.115,-0.00165,-0.436618933982822));
#8672=CARTESIAN_POINT('',(0.115,0.00165,-0.436618933982822));
#8673=CARTESIAN_POINT('',(0.115,-0.00165,-0.203002386360737));
#8674=CARTESIAN_POINT('',(0.115,0.00165,-0.203002386360737));
#8675=CARTESIAN_POINT('',(0.115,-0.0015,-0.213621320343559));
#8676=CARTESIAN_POINT('',(0.115,-0.0015,-0.426));
#8677=CARTESIAN_POINT('',(0.0435344954542022,-0.014062846875,-0.426));
#8678=CARTESIAN_POINT('',(0.0435344954542022,0.014062846875,-0.426));
#8679=CARTESIAN_POINT('',(0.118403119264086,-0.014062846875,-0.426));
#8680=CARTESIAN_POINT('',(0.118403119264086,0.014062846875,-0.426));
#8681=CARTESIAN_POINT('',(0.118403119264086,-0.014062846875,-0.582));
#8682=CARTESIAN_POINT('',(0.118403119264086,0.014062846875,-0.582));
#8683=CARTESIAN_POINT('',(0.0435344954542022,-0.014062846875,-0.582));
#8684=CARTESIAN_POINT('',(0.0435344954542022,0.014062846875,-0.582));
#8685=CARTESIAN_POINT('',(0.115,-0.0015,-0.582));
#8686=CARTESIAN_POINT('',(0.115,-0.00165,-0.691597613639262));
#8687=CARTESIAN_POINT('',(0.115,0.00165,-0.691597613639262));
#8688=CARTESIAN_POINT('',(0.115,-0.00165,-0.576781066017178));
#8689=CARTESIAN_POINT('',(0.115,0.00165,-0.576781066017178));
#8690=CARTESIAN_POINT('',(0.115,-0.0015,-0.68637867965644));
#8691=CARTESIAN_POINT('',(0.248674725550867,-0.244432084863748,-0.816068039418361));
#8692=CARTESIAN_POINT('',(0.248674725550867,-0.244432084863748,-0.435374583386385));
#8693=CARTESIAN_POINT('',(0.0358767883349627,-0.0316341476478433,-0.816068039418361));
#8694=CARTESIAN_POINT('',(0.0358767883349627,-0.0316341476478432,-0.435374583386385));
#8695=CARTESIAN_POINT('',(0.0855599205235722,-0.0813172798364529,-0.456738110321713));
#8696=CARTESIAN_POINT('',(0.0834386001800125,-0.0791959594928933,-0.456738110321713));
#8697=CARTESIAN_POINT('',(0.0839834722870759,-0.0797408315999566,-0.454730718502636));
#8698=CARTESIAN_POINT('',(0.237582651673286,-0.233340010986166,-0.650318324221957));
#8699=CARTESIAN_POINT('',(0.239002092041053,-0.234759451353934,-0.652125787934344));
#8700=CARTESIAN_POINT('',(0.239002092041053,-0.234759451353934,-0.728088889745525));
#8701=CARTESIAN_POINT('',(0.239002092041053,-0.234759451353934,-0.79671190430211));
#8702=CARTESIAN_POINT('',(0.0854242998568051,-0.0811816591696858,-0.739364493731506));
#8703=CARTESIAN_POINT('',(0.0978383009649292,-0.09359566027781,-0.744));
#8704=CARTESIAN_POINT('',(0.0595737463149666,-0.0553311056278474,-0.744));
#8705=CARTESIAN_POINT('',(0.0595737463149666,-0.0553311056278473,-0.588));
#8706=CARTESIAN_POINT('',(0.0834386001800125,-0.0791959594928933,-0.588));
#8707=CARTESIAN_POINT('',(0.0834386001800125,-0.0791959594928933,-0.519));
#8708=CARTESIAN_POINT('',(0.244432084863748,-0.248674725550867,-0.816068039418361));
#8709=CARTESIAN_POINT('',(0.244432084863748,-0.248674725550867,-0.435374583386385));
#8710=CARTESIAN_POINT('',(0.0316341476478433,-0.0358767883349627,-0.816068039418361));
#8711=CARTESIAN_POINT('',(0.0316341476478433,-0.0358767883349627,-0.435374583386385));
#8712=CARTESIAN_POINT('',(0.234759451353934,-0.239002092041053,-0.728088889745525));
#8713=CARTESIAN_POINT('',(0.234759451353934,-0.239002092041053,-0.652125787934344));
#8714=CARTESIAN_POINT('',(0.234759451353934,-0.239002092041053,-0.79671190430211));
#8715=CARTESIAN_POINT('',(0.170507886922949,-0.174750527610069,-0.570310183834149));
#8716=CARTESIAN_POINT('',(0.0797408315999567,-0.083983472287076,-0.454730718502636));
#8717=CARTESIAN_POINT('',(0.0813172798364529,-0.0855599205235722,-0.456738110321713));
#8718=CARTESIAN_POINT('',(0.0791959594928933,-0.0834386001800126,-0.456738110321713));
#8719=CARTESIAN_POINT('',(0.0791959594928933,-0.0834386001800126,-0.519));
#8720=CARTESIAN_POINT('',(0.0791959594928933,-0.0834386001800126,-0.588));
#8721=CARTESIAN_POINT('',(0.0553311056278473,-0.0595737463149666,-0.588));
#8722=CARTESIAN_POINT('',(0.0553311056278474,-0.0595737463149667,-0.744));
#8723=CARTESIAN_POINT('',(0.0935956602778099,-0.0978383009649292,-0.744));
#8724=CARTESIAN_POINT('',(0.110473428810697,-0.114716069497816,-0.75030231954637));
#8725=CARTESIAN_POINT('',(0.0789838274585373,-0.0836507322143685,-0.594563094483915));
#8726=CARTESIAN_POINT('',(0.0789838274585373,-0.0836507322143685,-0.450175015837798));
#8727=CARTESIAN_POINT('',(0.0836507322143685,-0.0789838274585373,-0.594563094483915));
#8728=CARTESIAN_POINT('',(0.0836507322143685,-0.0789838274585373,-0.450175015837798));
#8729=CARTESIAN_POINT('',(0.0834386001800125,-0.0791959594928933,-0.456738110321713));
#8730=CARTESIAN_POINT('',(0.0834386001800125,-0.0791959594928933,-0.588));
#8731=CARTESIAN_POINT('',(0.239214224075409,-0.234547319319578,-0.816022105442729));
#8732=CARTESIAN_POINT('',(0.239214224075409,-0.234547319319578,-0.641491360104246));
#8733=CARTESIAN_POINT('',(0.234547319319578,-0.239214224075409,-0.816022105442729));
#8734=CARTESIAN_POINT('',(0.234547319319578,-0.239214224075409,-0.641491360104246));
#8735=CARTESIAN_POINT('',(0.236880771697493,-0.236880771697493,-0.652125787934344));
#8736=CARTESIAN_POINT('',(0.238457219933989,-0.235304323460997,-0.64942457580145));
#8737=CARTESIAN_POINT('',(0.239002092041053,-0.234759451353934,-0.64942457580145));
#8738=CARTESIAN_POINT('',(0.235304323460997,-0.238457219933989,-0.64942457580145));
#8739=CARTESIAN_POINT('',(0.236880771697493,-0.236880771697493,-0.652125787934344));
#8740=CARTESIAN_POINT('',(0.231857589789954,-0.241903953605032,-0.780871226782842));
#8741=CARTESIAN_POINT('',(0.236843606954731,-0.236917936440256,-0.808088889745525));
#8742=CARTESIAN_POINT('',(0.239002092041053,-0.234759451353934,-0.808088889745525));
#8743=CARTESIAN_POINT('',(0.236917936440256,-0.236843606954731,-0.808088889745525));
#8744=CARTESIAN_POINT('',(0.246969157248046,-0.22679238614694,-0.753221300792439));
#8745=CARTESIAN_POINT('',(0.0666377638214259,-0.245727037128472,-0.777955349205196));
#8746=CARTESIAN_POINT('',(0.0724738015794419,-0.0724710144054742,-0.746697240597955));
#8747=CARTESIAN_POINT('',(0.245724249954504,-0.245727037128472,-0.811391649147571));
#8748=CARTESIAN_POINT('',(0.25156028771252,-0.0724710144054742,-0.780133540540329));
#8749=CARTESIAN_POINT('',(0.0834386001800126,-0.0791959594928933,-0.75));
#8750=CARTESIAN_POINT('',(0.081354444579216,-0.0812801150936899,-0.75));
#8751=CARTESIAN_POINT('',(0.0812801150936899,-0.081354444579216,-0.75));
#8752=CARTESIAN_POINT('',(0.236917936440256,-0.236843606954731,-0.808088889745525));
#8753=CARTESIAN_POINT('',(0.15906186102421,-0.159136190509736,-0.779044444872763));
#8754=CARTESIAN_POINT('',(0.0800523420871944,-0.0825822175857115,-0.7503));
#8755=CARTESIAN_POINT('',(0.0800523420871944,-0.0825822175857115,-0.7437));
#8756=CARTESIAN_POINT('',(0.0825822175857115,-0.0800523420871944,-0.7503));
#8757=CARTESIAN_POINT('',(0.0825822175857115,-0.0800523420871944,-0.7437));
#8758=CARTESIAN_POINT('',(0.0834386001800126,-0.0791959594928933,-0.744));
#8759=CARTESIAN_POINT('',(0.0824535875522799,-0.080180972120626,-0.744));
#8760=CARTESIAN_POINT('',(0.080180972120626,-0.0824535875522799,-0.744));
#8761=CARTESIAN_POINT('',(0.081433631057455,-0.0812009286154509,-0.74956773697228));
#8762=CARTESIAN_POINT('',(0.0862661322584655,-0.0763684274144403,-0.777217662962683));
#8763=CARTESIAN_POINT('',(0.0192975501374413,-0.10204557571113,-0.744));
#8764=CARTESIAN_POINT('',(0.0192975501374413,-0.0192975501374412,-0.744));
#8765=CARTESIAN_POINT('',(0.10204557571113,-0.10204557571113,-0.744));
#8766=CARTESIAN_POINT('',(0.10204557571113,-0.0192975501374412,-0.744));
#8767=CARTESIAN_POINT('',(0.05714666306997,-0.0581146202139035,-0.744));
#8768=CARTESIAN_POINT('',(0.0578455136681605,-0.0568380366572488,-0.744));
#8769=CARTESIAN_POINT('',(0.0868308518617871,-0.0868308518617872,-0.588));
#8770=CARTESIAN_POINT('',(0.0868308518617871,-0.0201125732018675,-0.588));
#8771=CARTESIAN_POINT('',(0.0201125732018675,-0.0868308518617872,-0.588));
#8772=CARTESIAN_POINT('',(0.0201125732018675,-0.0201125732018675,-0.588));
#8773=CARTESIAN_POINT('',(-0.0015,-0.0557533018028348,-0.714317473096775));
#8774=CARTESIAN_POINT('',(-0.0015,-0.0557533018028348,-0.185682526903225));
#8775=CARTESIAN_POINT('',(-0.0015,-0.189583176104627,-0.714317473096775));
#8776=CARTESIAN_POINT('',(-0.0015,-0.189583176104627,-0.185682526903225));
#8777=CARTESIAN_POINT('',(-0.0015,-0.115,-0.636));
#8778=CARTESIAN_POINT('',(-0.0015,-0.115,-0.68637867965644));
#8779=CARTESIAN_POINT('',(-0.0015,-0.115,-0.582));
#8780=CARTESIAN_POINT('',(-0.0015,-0.1165,-0.68637867965644));
#8781=CARTESIAN_POINT('',(-0.0015,-0.11543933982822,-0.68743933982822));
#8782=CARTESIAN_POINT('',(-0.00149999999999999,-0.234564339828221,-0.56831433982822));
#8783=CARTESIAN_POINT('',(-0.0015,-0.1835,-0.61937867965644));
#8784=CARTESIAN_POINT('',(-0.0015,-0.1835,-0.45));
#8785=CARTESIAN_POINT('',(-0.0015,-0.1835,-0.28062132034356));
#8786=CARTESIAN_POINT('',(-0.00149999999999999,-0.234564339828221,-0.33168566017178));
#8787=CARTESIAN_POINT('',(-0.0015,-0.11543933982822,-0.21256066017178));
#8788=CARTESIAN_POINT('',(-0.0015,-0.1165,-0.213621320343559));
#8789=CARTESIAN_POINT('',(-0.0015,-0.115,-0.213621320343559));
#8790=CARTESIAN_POINT('',(-0.0015,-0.115,-0.318));
#8791=CARTESIAN_POINT('',(-0.0015,-0.115,-0.426));
#8792=CARTESIAN_POINT('',(-0.0015,-0.08125,-0.426));
#8793=CARTESIAN_POINT('',(-0.0015,-0.08125,-0.582));
#8794=CARTESIAN_POINT('',(0.0015,-0.0557533018028348,-0.714317473096775));
#8795=CARTESIAN_POINT('',(0.0015,-0.0557533018028348,-0.185682526903225));
#8796=CARTESIAN_POINT('',(0.0015,-0.189583176104627,-0.714317473096775));
#8797=CARTESIAN_POINT('',(0.0015,-0.189583176104627,-0.185682526903225));
#8798=CARTESIAN_POINT('',(0.0015,-0.11393933982822,-0.68893933982822));
#8799=CARTESIAN_POINT('',(0.0015,-0.1835,-0.61937867965644));
#8800=CARTESIAN_POINT('',(0.0015,-0.11543933982822,-0.68743933982822));
#8801=CARTESIAN_POINT('',(0.0015,-0.1165,-0.68637867965644));
#8802=CARTESIAN_POINT('',(0.0015,-0.115,-0.68637867965644));
#8803=CARTESIAN_POINT('',(0.0015,-0.115,-0.636));
#8804=CARTESIAN_POINT('',(0.0015,-0.115,-0.582));
#8805=CARTESIAN_POINT('',(0.0015,-0.08125,-0.582));
#8806=CARTESIAN_POINT('',(0.0015,-0.08125,-0.426));
#8807=CARTESIAN_POINT('',(0.0015,-0.115,-0.426));
#8808=CARTESIAN_POINT('',(0.0015,-0.115,-0.318));
#8809=CARTESIAN_POINT('',(0.0015,-0.115,-0.213621320343559));
#8810=CARTESIAN_POINT('',(0.0015,-0.1165,-0.213621320343559));
#8811=CARTESIAN_POINT('',(0.0015,-0.11543933982822,-0.21256066017178));
#8812=CARTESIAN_POINT('',(0.0015,-0.18393933982822,-0.28106066017178));
#8813=CARTESIAN_POINT('',(0.0015,-0.1835,-0.28062132034356));
#8814=CARTESIAN_POINT('',(0.0015,-0.1835,-0.62));
#8815=CARTESIAN_POINT('',(-0.00165,-0.115,-0.436618933982822));
#8816=CARTESIAN_POINT('',(0.00165,-0.115,-0.436618933982822));
#8817=CARTESIAN_POINT('',(-0.00165,-0.115,-0.203002386360737));
#8818=CARTESIAN_POINT('',(0.00165,-0.115,-0.203002386360737));
#8819=CARTESIAN_POINT('',(-0.0015,-0.115,-0.213621320343559));
#8820=CARTESIAN_POINT('',(-0.0015,-0.115,-0.426));
#8821=CARTESIAN_POINT('',(-0.014062846875,-0.118403119264086,-0.426));
#8822=CARTESIAN_POINT('',(-0.014062846875,-0.0435344954542022,-0.426));
#8823=CARTESIAN_POINT('',(0.014062846875,-0.118403119264086,-0.426));
#8824=CARTESIAN_POINT('',(0.014062846875,-0.0435344954542022,-0.426));
#8825=CARTESIAN_POINT('',(0.014062846875,-0.118403119264086,-0.582));
#8826=CARTESIAN_POINT('',(0.014062846875,-0.0435344954542022,-0.582));
#8827=CARTESIAN_POINT('',(-0.014062846875,-0.118403119264086,-0.582));
#8828=CARTESIAN_POINT('',(-0.014062846875,-0.0435344954542022,-0.582));
#8829=CARTESIAN_POINT('',(-0.0015,-0.115,-0.582));
#8830=CARTESIAN_POINT('',(0.00165,-0.115,-0.691597613639262));
#8831=CARTESIAN_POINT('',(0.00165,-0.115,-0.576781066017178));
#8832=CARTESIAN_POINT('',(-0.00165,-0.115,-0.691597613639262));
#8833=CARTESIAN_POINT('',(-0.00165,-0.115,-0.576781066017178));
#8834=CARTESIAN_POINT('',(-0.0015,-0.115,-0.68637867965644));
#8835=CARTESIAN_POINT('',(-0.244432084863748,-0.248674725550867,-0.816068039418361));
#8836=CARTESIAN_POINT('',(-0.244432084863747,-0.248674725550867,-0.435374583386385));
#8837=CARTESIAN_POINT('',(-0.0316341476478433,-0.0358767883349627,-0.816068039418361));
#8838=CARTESIAN_POINT('',(-0.0316341476478432,-0.0358767883349627,-0.435374583386385));
#8839=CARTESIAN_POINT('',(-0.0813172798364529,-0.0855599205235722,-0.456738110321713));
#8840=CARTESIAN_POINT('',(-0.0791959594928933,-0.0834386001800125,-0.456738110321713));
#8841=CARTESIAN_POINT('',(-0.0797408315999566,-0.0839834722870759,-0.454730718502636));
#8842=CARTESIAN_POINT('',(-0.233340010986166,-0.237582651673286,-0.650318324221957));
#8843=CARTESIAN_POINT('',(-0.234759451353934,-0.239002092041053,-0.652125787934344));
#8844=CARTESIAN_POINT('',(-0.234759451353934,-0.239002092041053,-0.728088889745525));
#8845=CARTESIAN_POINT('',(-0.234759451353934,-0.239002092041053,-0.79671190430211));
#8846=CARTESIAN_POINT('',(-0.0811816591696858,-0.0854242998568051,-0.739364493731506));
#8847=CARTESIAN_POINT('',(-0.09359566027781,-0.0978383009649292,-0.744));
#8848=CARTESIAN_POINT('',(-0.0553311056278474,-0.0595737463149667,-0.744));
#8849=CARTESIAN_POINT('',(-0.0553311056278473,-0.0595737463149666,-0.588));
#8850=CARTESIAN_POINT('',(-0.0791959594928933,-0.0834386001800125,-0.588));
#8851=CARTESIAN_POINT('',(-0.0791959594928933,-0.0834386001800125,-0.519));
#8852=CARTESIAN_POINT('',(-0.248674725550867,-0.244432084863748,-0.816068039418361));
#8853=CARTESIAN_POINT('',(-0.248674725550867,-0.244432084863748,-0.435374583386385));
#8854=CARTESIAN_POINT('',(-0.0358767883349627,-0.0316341476478433,-0.816068039418361));
#8855=CARTESIAN_POINT('',(-0.0358767883349627,-0.0316341476478433,-0.435374583386385));
#8856=CARTESIAN_POINT('',(-0.239002092041053,-0.234759451353934,-0.728088889745525));
#8857=CARTESIAN_POINT('',(-0.239002092041053,-0.234759451353934,-0.652125787934344));
#8858=CARTESIAN_POINT('',(-0.239002092041053,-0.234759451353934,-0.79671190430211));
#8859=CARTESIAN_POINT('',(-0.174750527610069,-0.170507886922949,-0.570310183834149));
#8860=CARTESIAN_POINT('',(-0.083983472287076,-0.0797408315999567,-0.454730718502636));
#8861=CARTESIAN_POINT('',(-0.0855599205235722,-0.0813172798364529,-0.456738110321713));
#8862=CARTESIAN_POINT('',(-0.0834386001800126,-0.0791959594928933,-0.456738110321713));
#8863=CARTESIAN_POINT('',(-0.0834386001800126,-0.0791959594928933,-0.519));
#8864=CARTESIAN_POINT('',(-0.0834386001800126,-0.0791959594928933,-0.588));
#8865=CARTESIAN_POINT('',(-0.0595737463149666,-0.0553311056278473,-0.588));
#8866=CARTESIAN_POINT('',(-0.0595737463149666,-0.0553311056278474,-0.744));
#8867=CARTESIAN_POINT('',(-0.0978383009649292,-0.0935956602778099,-0.744));
#8868=CARTESIAN_POINT('',(-0.114716069497816,-0.110473428810697,-0.75030231954637));
#8869=CARTESIAN_POINT('',(-0.0836507322143685,-0.0789838274585373,-0.594563094483915));
#8870=CARTESIAN_POINT('',(-0.0836507322143685,-0.0789838274585373,-0.450175015837798));
#8871=CARTESIAN_POINT('',(-0.0789838274585373,-0.0836507322143685,-0.594563094483915));
#8872=CARTESIAN_POINT('',(-0.0789838274585373,-0.0836507322143685,-0.450175015837798));
#8873=CARTESIAN_POINT('',(-0.0791959594928933,-0.0834386001800125,-0.456738110321713));
#8874=CARTESIAN_POINT('',(-0.0791959594928933,-0.0834386001800125,-0.588));
#8875=CARTESIAN_POINT('',(-0.234547319319578,-0.239214224075409,-0.816022105442729));
#8876=CARTESIAN_POINT('',(-0.234547319319578,-0.239214224075409,-0.641491360104246));
#8877=CARTESIAN_POINT('',(-0.239214224075409,-0.234547319319578,-0.816022105442729));
#8878=CARTESIAN_POINT('',(-0.239214224075409,-0.234547319319578,-0.641491360104246));
#8879=CARTESIAN_POINT('',(-0.236880771697493,-0.236880771697493,-0.652125787934344));
#8880=CARTESIAN_POINT('',(-0.235304323460997,-0.238457219933989,-0.64942457580145));
#8881=CARTESIAN_POINT('',(-0.234759451353934,-0.239002092041053,-0.64942457580145));
#8882=CARTESIAN_POINT('',(-0.238457219933989,-0.235304323460997,-0.64942457580145));
#8883=CARTESIAN_POINT('',(-0.236880771697493,-0.236880771697493,-0.652125787934344));
#8884=CARTESIAN_POINT('',(-0.241903953605032,-0.231857589789954,-0.780871226782842));
#8885=CARTESIAN_POINT('',(-0.236917936440256,-0.236843606954731,-0.808088889745525));
#8886=CARTESIAN_POINT('',(-0.234759451353934,-0.239002092041053,-0.808088889745525));
#8887=CARTESIAN_POINT('',(-0.236843606954731,-0.236917936440256,-0.808088889745525));
#8888=CARTESIAN_POINT('',(-0.22679238614694,-0.246969157248046,-0.753221300792439));
#8889=CARTESIAN_POINT('',(-0.245724249954504,-0.245727037128472,-0.811391649147571));
#8890=CARTESIAN_POINT('',(-0.25156028771252,-0.0724710144054742,-0.780133540540329));
#8891=CARTESIAN_POINT('',(-0.0666377638214259,-0.245727037128472,-0.777955349205196));
#8892=CARTESIAN_POINT('',(-0.0724738015794419,-0.0724710144054742,-0.746697240597955));
#8893=CARTESIAN_POINT('',(-0.0791959594928933,-0.0834386001800126,-0.75));
#8894=CARTESIAN_POINT('',(-0.0812801150936899,-0.081354444579216,-0.75));
#8895=CARTESIAN_POINT('',(-0.081354444579216,-0.0812801150936899,-0.75));
#8896=CARTESIAN_POINT('',(-0.236843606954731,-0.236917936440256,-0.808088889745525));
#8897=CARTESIAN_POINT('',(-0.159136190509736,-0.15906186102421,-0.779044444872763));
#8898=CARTESIAN_POINT('',(-0.0825822175857115,-0.0800523420871944,-0.7503));
#8899=CARTESIAN_POINT('',(-0.0825822175857115,-0.0800523420871944,-0.7437));
#8900=CARTESIAN_POINT('',(-0.0800523420871944,-0.0825822175857115,-0.7503));
#8901=CARTESIAN_POINT('',(-0.0800523420871944,-0.0825822175857115,-0.7437));
#8902=CARTESIAN_POINT('',(-0.0791959594928933,-0.0834386001800126,-0.744));
#8903=CARTESIAN_POINT('',(-0.080180972120626,-0.0824535875522799,-0.744));
#8904=CARTESIAN_POINT('',(-0.0824535875522799,-0.080180972120626,-0.744));
#8905=CARTESIAN_POINT('',(-0.0812009286154509,-0.081433631057455,-0.74956773697228));
#8906=CARTESIAN_POINT('',(-0.0763684274144403,-0.0862661322584655,-0.777217662962683));
#8907=CARTESIAN_POINT('',(-0.10204557571113,-0.0192975501374412,-0.744));
#8908=CARTESIAN_POINT('',(-0.0192975501374412,-0.0192975501374412,-0.744));
#8909=CARTESIAN_POINT('',(-0.10204557571113,-0.10204557571113,-0.744));
#8910=CARTESIAN_POINT('',(-0.0192975501374412,-0.10204557571113,-0.744));
#8911=CARTESIAN_POINT('',(-0.0581146202139035,-0.05714666306997,-0.744));
#8912=CARTESIAN_POINT('',(-0.0568380366572488,-0.0578455136681605,-0.744));
#8913=CARTESIAN_POINT('',(-0.0201125732018675,-0.0868308518617871,-0.588));
#8914=CARTESIAN_POINT('',(-0.0201125732018675,-0.0201125732018675,-0.588));
#8915=CARTESIAN_POINT('',(-0.0868308518617872,-0.0868308518617871,-0.588));
#8916=CARTESIAN_POINT('',(-0.0868308518617872,-0.0201125732018675,-0.588));
#8917=CARTESIAN_POINT('',(-0.0557533018028348,0.00149999999999999,-0.714317473096775));
#8918=CARTESIAN_POINT('',(-0.0557533018028348,0.00149999999999999,-0.185682526903225));
#8919=CARTESIAN_POINT('',(-0.189583176104627,0.00149999999999998,-0.714317473096775));
#8920=CARTESIAN_POINT('',(-0.189583176104627,0.00149999999999998,-0.185682526903225));
#8921=CARTESIAN_POINT('',(-0.115,0.00149999999999999,-0.636));
#8922=CARTESIAN_POINT('',(-0.115,0.00149999999999999,-0.68637867965644));
#8923=CARTESIAN_POINT('',(-0.115,0.00149999999999999,-0.582));
#8924=CARTESIAN_POINT('',(-0.1165,0.00149999999999999,-0.68637867965644));
#8925=CARTESIAN_POINT('',(-0.11543933982822,0.00149999999999999,-0.68743933982822));
#8926=CARTESIAN_POINT('',(-0.234564339828221,0.00149999999999997,-0.56831433982822));
#8927=CARTESIAN_POINT('',(-0.1835,0.00149999999999998,-0.61937867965644));
#8928=CARTESIAN_POINT('',(-0.1835,0.00149999999999998,-0.45));
#8929=CARTESIAN_POINT('',(-0.1835,0.00149999999999998,-0.28062132034356));
#8930=CARTESIAN_POINT('',(-0.234564339828221,0.00149999999999997,-0.33168566017178));
#8931=CARTESIAN_POINT('',(-0.11543933982822,0.00149999999999999,-0.21256066017178));
#8932=CARTESIAN_POINT('',(-0.1165,0.00149999999999999,-0.213621320343559));
#8933=CARTESIAN_POINT('',(-0.115,0.00149999999999999,-0.213621320343559));
#8934=CARTESIAN_POINT('',(-0.115,0.00149999999999999,-0.318));
#8935=CARTESIAN_POINT('',(-0.115,0.00149999999999999,-0.426));
#8936=CARTESIAN_POINT('',(-0.08125,0.0015,-0.426));
#8937=CARTESIAN_POINT('',(-0.08125,0.0015,-0.582));
#8938=CARTESIAN_POINT('',(-0.0557533018028348,-0.00149999999999999,-0.714317473096775));
#8939=CARTESIAN_POINT('',(-0.0557533018028348,-0.00149999999999999,-0.185682526903225));
#8940=CARTESIAN_POINT('',(-0.189583176104627,-0.00150000000000001,-0.714317473096775));
#8941=CARTESIAN_POINT('',(-0.189583176104627,-0.00150000000000001,-0.185682526903225));
#8942=CARTESIAN_POINT('',(-0.11393933982822,-0.0015,-0.68893933982822));
#8943=CARTESIAN_POINT('',(-0.1835,-0.00150000000000002,-0.61937867965644));
#8944=CARTESIAN_POINT('',(-0.11543933982822,-0.0015,-0.68743933982822));
#8945=CARTESIAN_POINT('',(-0.1165,-0.0015,-0.68637867965644));
#8946=CARTESIAN_POINT('',(-0.115,-0.0015,-0.68637867965644));
#8947=CARTESIAN_POINT('',(-0.115,-0.0015,-0.636));
#8948=CARTESIAN_POINT('',(-0.115,-0.0015,-0.582));
#8949=CARTESIAN_POINT('',(-0.08125,-0.0015,-0.582));
#8950=CARTESIAN_POINT('',(-0.08125,-0.0015,-0.426));
#8951=CARTESIAN_POINT('',(-0.115,-0.0015,-0.426));
#8952=CARTESIAN_POINT('',(-0.115,-0.0015,-0.318));
#8953=CARTESIAN_POINT('',(-0.115,-0.0015,-0.213621320343559));
#8954=CARTESIAN_POINT('',(-0.1165,-0.0015,-0.213621320343559));
#8955=CARTESIAN_POINT('',(-0.11543933982822,-0.0015,-0.21256066017178));
#8956=CARTESIAN_POINT('',(-0.18393933982822,-0.00150000000000002,-0.28106066017178));
#8957=CARTESIAN_POINT('',(-0.1835,-0.00150000000000002,-0.28062132034356));
#8958=CARTESIAN_POINT('',(-0.1835,-0.00150000000000002,-0.62));
#8959=CARTESIAN_POINT('',(-0.115,-0.00165,-0.203002386360737));
#8960=CARTESIAN_POINT('',(-0.115,0.00164999999999999,-0.203002386360737));
#8961=CARTESIAN_POINT('',(-0.115,-0.00165,-0.436618933982822));
#8962=CARTESIAN_POINT('',(-0.115,0.00164999999999999,-0.436618933982822));
#8963=CARTESIAN_POINT('',(-0.115,0.00149999999999999,-0.213621320343559));
#8964=CARTESIAN_POINT('',(-0.115,0.00149999999999999,-0.426));
#8965=CARTESIAN_POINT('',(-0.118403119264086,-0.014062846875,-0.426));
#8966=CARTESIAN_POINT('',(-0.118403119264086,0.014062846875,-0.426));
#8967=CARTESIAN_POINT('',(-0.0435344954542022,-0.014062846875,-0.426));
#8968=CARTESIAN_POINT('',(-0.0435344954542022,0.014062846875,-0.426));
#8969=CARTESIAN_POINT('',(-0.0435344954542022,-0.014062846875,-0.582));
#8970=CARTESIAN_POINT('',(-0.0435344954542022,0.014062846875,-0.582));
#8971=CARTESIAN_POINT('',(-0.118403119264086,-0.014062846875,-0.582));
#8972=CARTESIAN_POINT('',(-0.118403119264086,0.014062846875,-0.582));
#8973=CARTESIAN_POINT('',(-0.115,0.00149999999999999,-0.582));
#8974=CARTESIAN_POINT('',(-0.115,-0.00165,-0.691597613639262));
#8975=CARTESIAN_POINT('',(-0.115,-0.00165,-0.576781066017178));
#8976=CARTESIAN_POINT('',(-0.115,0.00164999999999999,-0.691597613639262));
#8977=CARTESIAN_POINT('',(-0.115,0.00164999999999999,-0.576781066017178));
#8978=CARTESIAN_POINT('',(-0.115,0.00149999999999999,-0.68637867965644));
#8979=CARTESIAN_POINT('',(-0.248674725550867,0.244432084863748,-0.816068039418361));
#8980=CARTESIAN_POINT('',(-0.248674725550867,0.244432084863747,-0.435374583386385));
#8981=CARTESIAN_POINT('',(-0.0358767883349627,0.0316341476478433,-0.816068039418361));
#8982=CARTESIAN_POINT('',(-0.0358767883349627,0.0316341476478433,-0.435374583386385));
#8983=CARTESIAN_POINT('',(-0.0855599205235722,0.0813172798364529,-0.456738110321713));
#8984=CARTESIAN_POINT('',(-0.0834386001800126,0.0791959594928933,-0.456738110321713));
#8985=CARTESIAN_POINT('',(-0.083983472287076,0.0797408315999567,-0.454730718502636));
#8986=CARTESIAN_POINT('',(-0.237582651673286,0.233340010986166,-0.650318324221957));
#8987=CARTESIAN_POINT('',(-0.239002092041053,0.234759451353934,-0.652125787934344));
#8988=CARTESIAN_POINT('',(-0.239002092041053,0.234759451353934,-0.728088889745525));
#8989=CARTESIAN_POINT('',(-0.239002092041053,0.234759451353934,-0.79671190430211));
#8990=CARTESIAN_POINT('',(-0.0854242998568052,0.0811816591696858,-0.739364493731506));
#8991=CARTESIAN_POINT('',(-0.0978383009649292,0.09359566027781,-0.744));
#8992=CARTESIAN_POINT('',(-0.0595737463149667,0.0553311056278474,-0.744));
#8993=CARTESIAN_POINT('',(-0.0595737463149666,0.0553311056278473,-0.588));
#8994=CARTESIAN_POINT('',(-0.0834386001800126,0.0791959594928933,-0.588));
#8995=CARTESIAN_POINT('',(-0.0834386001800126,0.0791959594928933,-0.519));
#8996=CARTESIAN_POINT('',(-0.244432084863748,0.248674725550867,-0.816068039418361));
#8997=CARTESIAN_POINT('',(-0.244432084863748,0.248674725550867,-0.435374583386385));
#8998=CARTESIAN_POINT('',(-0.0316341476478433,0.0358767883349627,-0.816068039418361));
#8999=CARTESIAN_POINT('',(-0.0316341476478433,0.0358767883349627,-0.435374583386385));
#9000=CARTESIAN_POINT('',(-0.234759451353934,0.239002092041053,-0.728088889745525));
#9001=CARTESIAN_POINT('',(-0.234759451353934,0.239002092041053,-0.652125787934344));
#9002=CARTESIAN_POINT('',(-0.234759451353934,0.239002092041053,-0.79671190430211));
#9003=CARTESIAN_POINT('',(-0.170507886922949,0.174750527610069,-0.570310183834149));
#9004=CARTESIAN_POINT('',(-0.0797408315999567,0.0839834722870759,-0.454730718502636));
#9005=CARTESIAN_POINT('',(-0.0813172798364529,0.0855599205235722,-0.456738110321713));
#9006=CARTESIAN_POINT('',(-0.0791959594928933,0.0834386001800126,-0.456738110321713));
#9007=CARTESIAN_POINT('',(-0.0791959594928933,0.0834386001800126,-0.519));
#9008=CARTESIAN_POINT('',(-0.0791959594928933,0.0834386001800126,-0.588));
#9009=CARTESIAN_POINT('',(-0.0553311056278473,0.0595737463149666,-0.588));
#9010=CARTESIAN_POINT('',(-0.0553311056278474,0.0595737463149666,-0.744));
#9011=CARTESIAN_POINT('',(-0.09359566027781,0.0978383009649292,-0.744));
#9012=CARTESIAN_POINT('',(-0.110473428810697,0.114716069497816,-0.75030231954637));
#9013=CARTESIAN_POINT('',(-0.0789838274585373,0.0836507322143686,-0.594563094483915));
#9014=CARTESIAN_POINT('',(-0.0789838274585373,0.0836507322143686,-0.450175015837798));
#9015=CARTESIAN_POINT('',(-0.0836507322143686,0.0789838274585373,-0.594563094483915));
#9016=CARTESIAN_POINT('',(-0.0836507322143686,0.0789838274585373,-0.450175015837798));
#9017=CARTESIAN_POINT('',(-0.0834386001800126,0.0791959594928933,-0.456738110321713));
#9018=CARTESIAN_POINT('',(-0.0834386001800126,0.0791959594928933,-0.588));
#9019=CARTESIAN_POINT('',(-0.239214224075409,0.234547319319578,-0.816022105442729));
#9020=CARTESIAN_POINT('',(-0.239214224075409,0.234547319319578,-0.641491360104246));
#9021=CARTESIAN_POINT('',(-0.234547319319578,0.239214224075409,-0.816022105442729));
#9022=CARTESIAN_POINT('',(-0.234547319319578,0.239214224075409,-0.641491360104246));
#9023=CARTESIAN_POINT('',(-0.236880771697493,0.236880771697493,-0.652125787934344));
#9024=CARTESIAN_POINT('',(-0.238457219933989,0.235304323460997,-0.64942457580145));
#9025=CARTESIAN_POINT('',(-0.239002092041053,0.234759451353934,-0.64942457580145));
#9026=CARTESIAN_POINT('',(-0.235304323460997,0.238457219933989,-0.64942457580145));
#9027=CARTESIAN_POINT('',(-0.236880771697493,0.236880771697493,-0.652125787934344));
#9028=CARTESIAN_POINT('',(-0.231857589789954,0.241903953605032,-0.780871226782842));
#9029=CARTESIAN_POINT('',(-0.236843606954731,0.236917936440256,-0.808088889745525));
#9030=CARTESIAN_POINT('',(-0.239002092041053,0.234759451353934,-0.808088889745525));
#9031=CARTESIAN_POINT('',(-0.236917936440256,0.236843606954731,-0.808088889745525));
#9032=CARTESIAN_POINT('',(-0.246969157248046,0.22679238614694,-0.753221300792439));
#9033=CARTESIAN_POINT('',(-0.25156028771252,0.0724710144054739,-0.78013354054033));
#9034=CARTESIAN_POINT('',(-0.245724249954504,0.245727037128472,-0.811391649147571));
#9035=CARTESIAN_POINT('',(-0.0724738015794419,0.0724710144054739,-0.746697240597955));
#9036=CARTESIAN_POINT('',(-0.0666377638214259,0.245727037128472,-0.777955349205196));
#9037=CARTESIAN_POINT('',(-0.0834386001800126,0.0791959594928933,-0.75));
#9038=CARTESIAN_POINT('',(-0.081354444579216,0.0812801150936898,-0.75));
#9039=CARTESIAN_POINT('',(-0.0812801150936899,0.081354444579216,-0.75));
#9040=CARTESIAN_POINT('',(-0.236917936440256,0.236843606954731,-0.808088889745525));
#9041=CARTESIAN_POINT('',(-0.15906186102421,0.159136190509736,-0.779044444872763));
#9042=CARTESIAN_POINT('',(-0.0800523420871944,0.0825822175857115,-0.7503));
#9043=CARTESIAN_POINT('',(-0.0800523420871944,0.0825822175857115,-0.7437));
#9044=CARTESIAN_POINT('',(-0.0825822175857116,0.0800523420871943,-0.7503));
#9045=CARTESIAN_POINT('',(-0.0825822175857116,0.0800523420871943,-0.7437));
#9046=CARTESIAN_POINT('',(-0.0834386001800126,0.0791959594928933,-0.744));
#9047=CARTESIAN_POINT('',(-0.08245358755228,0.0801809721206259,-0.744));
#9048=CARTESIAN_POINT('',(-0.080180972120626,0.0824535875522799,-0.744));
#9049=CARTESIAN_POINT('',(-0.081433631057455,0.0812009286154508,-0.74956773697228));
#9050=CARTESIAN_POINT('',(-0.0862661322584655,0.0763684274144403,-0.777217662962683));
#9051=CARTESIAN_POINT('',(-0.10204557571113,0.0192975501374412,-0.744));
#9052=CARTESIAN_POINT('',(-0.10204557571113,0.10204557571113,-0.744));
#9053=CARTESIAN_POINT('',(-0.0192975501374413,0.0192975501374412,-0.744));
#9054=CARTESIAN_POINT('',(-0.0192975501374413,0.10204557571113,-0.744));
#9055=CARTESIAN_POINT('',(-0.05714666306997,0.0581146202139035,-0.744));
#9056=CARTESIAN_POINT('',(-0.0578455136681605,0.0568380366572488,-0.744));
#9057=CARTESIAN_POINT('',(-0.0868308518617872,0.0201125732018675,-0.588));
#9058=CARTESIAN_POINT('',(-0.0201125732018676,0.0201125732018675,-0.588));
#9059=CARTESIAN_POINT('',(-0.0868308518617872,0.0868308518617872,-0.588));
#9060=CARTESIAN_POINT('',(-0.0201125732018676,0.0868308518617872,-0.588));
#9061=CARTESIAN_POINT('',(0.00149999999999999,0.0557533018028348,-0.714317473096775));
#9062=CARTESIAN_POINT('',(0.00149999999999999,0.0557533018028348,-0.185682526903225));
#9063=CARTESIAN_POINT('',(0.00149999999999997,0.189583176104627,-0.714317473096775));
#9064=CARTESIAN_POINT('',(0.00149999999999997,0.189583176104627,-0.185682526903225));
#9065=CARTESIAN_POINT('',(0.00149999999999998,0.115,-0.636));
#9066=CARTESIAN_POINT('',(0.00149999999999998,0.115,-0.68637867965644));
#9067=CARTESIAN_POINT('',(0.00149999999999998,0.115,-0.582));
#9068=CARTESIAN_POINT('',(0.00149999999999998,0.1165,-0.68637867965644));
#9069=CARTESIAN_POINT('',(0.00149999999999998,0.11543933982822,-0.68743933982822));
#9070=CARTESIAN_POINT('',(0.00149999999999996,0.234564339828221,-0.56831433982822));
#9071=CARTESIAN_POINT('',(0.00149999999999997,0.1835,-0.61937867965644));
#9072=CARTESIAN_POINT('',(0.00149999999999997,0.1835,-0.45));
#9073=CARTESIAN_POINT('',(0.00149999999999997,0.1835,-0.28062132034356));
#9074=CARTESIAN_POINT('',(0.00149999999999996,0.234564339828221,-0.33168566017178));
#9075=CARTESIAN_POINT('',(0.00149999999999998,0.11543933982822,-0.21256066017178));
#9076=CARTESIAN_POINT('',(0.00149999999999998,0.1165,-0.213621320343559));
#9077=CARTESIAN_POINT('',(0.00149999999999998,0.115,-0.213621320343559));
#9078=CARTESIAN_POINT('',(0.00149999999999998,0.115,-0.318));
#9079=CARTESIAN_POINT('',(0.00149999999999998,0.115,-0.426));
#9080=CARTESIAN_POINT('',(0.00149999999999998,0.08125,-0.426));
#9081=CARTESIAN_POINT('',(0.00149999999999998,0.08125,-0.582));
#9082=CARTESIAN_POINT('',(-0.00149999999999999,0.0557533018028348,-0.714317473096775));
#9083=CARTESIAN_POINT('',(-0.00149999999999999,0.0557533018028348,-0.185682526903225));
#9084=CARTESIAN_POINT('',(-0.00150000000000001,0.189583176104627,-0.714317473096775));
#9085=CARTESIAN_POINT('',(-0.00150000000000001,0.189583176104627,-0.185682526903225));
#9086=CARTESIAN_POINT('',(-0.0015,0.11393933982822,-0.68893933982822));
#9087=CARTESIAN_POINT('',(-0.00150000000000003,0.1835,-0.61937867965644));
#9088=CARTESIAN_POINT('',(-0.0015,0.11543933982822,-0.68743933982822));
#9089=CARTESIAN_POINT('',(-0.0015,0.1165,-0.68637867965644));
#9090=CARTESIAN_POINT('',(-0.0015,0.115,-0.68637867965644));
#9091=CARTESIAN_POINT('',(-0.0015,0.115,-0.636));
#9092=CARTESIAN_POINT('',(-0.0015,0.115,-0.582));
#9093=CARTESIAN_POINT('',(-0.0015,0.08125,-0.582));
#9094=CARTESIAN_POINT('',(-0.0015,0.08125,-0.426));
#9095=CARTESIAN_POINT('',(-0.0015,0.115,-0.426));
#9096=CARTESIAN_POINT('',(-0.0015,0.115,-0.318));
#9097=CARTESIAN_POINT('',(-0.0015,0.115,-0.213621320343559));
#9098=CARTESIAN_POINT('',(-0.0015,0.1165,-0.213621320343559));
#9099=CARTESIAN_POINT('',(-0.0015,0.11543933982822,-0.21256066017178));
#9100=CARTESIAN_POINT('',(-0.00150000000000003,0.18393933982822,-0.28106066017178));
#9101=CARTESIAN_POINT('',(-0.00150000000000003,0.1835,-0.28062132034356));
#9102=CARTESIAN_POINT('',(-0.00150000000000003,0.1835,-0.62));
#9103=CARTESIAN_POINT('',(-0.00165,0.115,-0.203002386360737));
#9104=CARTESIAN_POINT('',(0.00164999999999998,0.115,-0.203002386360737));
#9105=CARTESIAN_POINT('',(-0.00165,0.115,-0.436618933982822));
#9106=CARTESIAN_POINT('',(0.00164999999999998,0.115,-0.436618933982822));
#9107=CARTESIAN_POINT('',(0.00149999999999998,0.115,-0.213621320343559));
#9108=CARTESIAN_POINT('',(0.00149999999999998,0.115,-0.426));
#9109=CARTESIAN_POINT('',(-0.014062846875,0.0435344954542022,-0.426));
#9110=CARTESIAN_POINT('',(-0.014062846875,0.118403119264086,-0.426));
#9111=CARTESIAN_POINT('',(0.014062846875,0.0435344954542022,-0.426));
#9112=CARTESIAN_POINT('',(0.014062846875,0.118403119264086,-0.426));
#9113=CARTESIAN_POINT('',(0.014062846875,0.0435344954542022,-0.582));
#9114=CARTESIAN_POINT('',(0.014062846875,0.118403119264086,-0.582));
#9115=CARTESIAN_POINT('',(-0.014062846875,0.0435344954542022,-0.582));
#9116=CARTESIAN_POINT('',(-0.014062846875,0.118403119264086,-0.582));
#9117=CARTESIAN_POINT('',(0.00149999999999998,0.115,-0.582));
#9118=CARTESIAN_POINT('',(-0.00165,0.115,-0.691597613639262));
#9119=CARTESIAN_POINT('',(-0.00165,0.115,-0.576781066017178));
#9120=CARTESIAN_POINT('',(0.00164999999999998,0.115,-0.691597613639262));
#9121=CARTESIAN_POINT('',(0.00164999999999998,0.115,-0.576781066017178));
#9122=CARTESIAN_POINT('',(0.00149999999999998,0.115,-0.68637867965644));
#9123=CARTESIAN_POINT('',(0.244432084863748,0.248674725550867,-0.816068039418361));
#9124=CARTESIAN_POINT('',(0.244432084863747,0.248674725550867,-0.435374583386385));
#9125=CARTESIAN_POINT('',(0.0316341476478433,0.0358767883349627,-0.816068039418361));
#9126=CARTESIAN_POINT('',(0.0316341476478433,0.0358767883349627,-0.435374583386385));
#9127=CARTESIAN_POINT('',(0.0813172798364529,0.0855599205235722,-0.456738110321713));
#9128=CARTESIAN_POINT('',(0.0791959594928933,0.0834386001800126,-0.456738110321713));
#9129=CARTESIAN_POINT('',(0.0797408315999567,0.083983472287076,-0.454730718502636));
#9130=CARTESIAN_POINT('',(0.233340010986166,0.237582651673286,-0.650318324221957));
#9131=CARTESIAN_POINT('',(0.234759451353934,0.239002092041053,-0.652125787934344));
#9132=CARTESIAN_POINT('',(0.234759451353934,0.239002092041053,-0.728088889745525));
#9133=CARTESIAN_POINT('',(0.234759451353934,0.239002092041053,-0.79671190430211));
#9134=CARTESIAN_POINT('',(0.0811816591696858,0.0854242998568052,-0.739364493731506));
#9135=CARTESIAN_POINT('',(0.09359566027781,0.0978383009649293,-0.744));
#9136=CARTESIAN_POINT('',(0.0553311056278474,0.0595737463149667,-0.744));
#9137=CARTESIAN_POINT('',(0.0553311056278473,0.0595737463149666,-0.588));
#9138=CARTESIAN_POINT('',(0.0791959594928933,0.0834386001800126,-0.588));
#9139=CARTESIAN_POINT('',(0.0791959594928933,0.0834386001800126,-0.519));
#9140=CARTESIAN_POINT('',(0.248674725550867,0.244432084863748,-0.816068039418361));
#9141=CARTESIAN_POINT('',(0.248674725550867,0.244432084863748,-0.435374583386385));
#9142=CARTESIAN_POINT('',(0.0358767883349627,0.0316341476478433,-0.816068039418361));
#9143=CARTESIAN_POINT('',(0.0358767883349627,0.0316341476478433,-0.435374583386385));
#9144=CARTESIAN_POINT('',(0.239002092041053,0.234759451353934,-0.728088889745525));
#9145=CARTESIAN_POINT('',(0.239002092041053,0.234759451353934,-0.652125787934344));
#9146=CARTESIAN_POINT('',(0.239002092041053,0.234759451353934,-0.79671190430211));
#9147=CARTESIAN_POINT('',(0.174750527610069,0.170507886922949,-0.570310183834149));
#9148=CARTESIAN_POINT('',(0.0839834722870759,0.0797408315999567,-0.454730718502636));
#9149=CARTESIAN_POINT('',(0.0855599205235722,0.0813172798364529,-0.456738110321713));
#9150=CARTESIAN_POINT('',(0.0834386001800126,0.0791959594928933,-0.456738110321713));
#9151=CARTESIAN_POINT('',(0.0834386001800126,0.0791959594928933,-0.519));
#9152=CARTESIAN_POINT('',(0.0834386001800126,0.0791959594928933,-0.588));
#9153=CARTESIAN_POINT('',(0.0595737463149666,0.0553311056278473,-0.588));
#9154=CARTESIAN_POINT('',(0.0595737463149666,0.0553311056278474,-0.744));
#9155=CARTESIAN_POINT('',(0.0978383009649292,0.09359566027781,-0.744));
#9156=CARTESIAN_POINT('',(0.114716069497816,0.110473428810697,-0.75030231954637));
#9157=CARTESIAN_POINT('',(0.0836507322143686,0.0789838274585373,-0.594563094483915));
#9158=CARTESIAN_POINT('',(0.0836507322143686,0.0789838274585373,-0.450175015837798));
#9159=CARTESIAN_POINT('',(0.0789838274585373,0.0836507322143686,-0.594563094483915));
#9160=CARTESIAN_POINT('',(0.0789838274585373,0.0836507322143686,-0.450175015837798));
#9161=CARTESIAN_POINT('',(0.0791959594928933,0.0834386001800126,-0.456738110321713));
#9162=CARTESIAN_POINT('',(0.0791959594928933,0.0834386001800126,-0.588));
#9163=CARTESIAN_POINT('',(0.234547319319578,0.239214224075409,-0.816022105442729));
#9164=CARTESIAN_POINT('',(0.234547319319578,0.239214224075409,-0.641491360104246));
#9165=CARTESIAN_POINT('',(0.239214224075409,0.234547319319578,-0.816022105442729));
#9166=CARTESIAN_POINT('',(0.239214224075409,0.234547319319578,-0.641491360104246));
#9167=CARTESIAN_POINT('',(0.236880771697493,0.236880771697493,-0.652125787934344));
#9168=CARTESIAN_POINT('',(0.235304323460997,0.238457219933989,-0.64942457580145));
#9169=CARTESIAN_POINT('',(0.234759451353934,0.239002092041053,-0.64942457580145));
#9170=CARTESIAN_POINT('',(0.238457219933989,0.235304323460997,-0.64942457580145));
#9171=CARTESIAN_POINT('',(0.236880771697493,0.236880771697493,-0.652125787934344));
#9172=CARTESIAN_POINT('',(0.241903953605032,0.231857589789954,-0.780871226782842));
#9173=CARTESIAN_POINT('',(0.236917936440256,0.236843606954731,-0.808088889745525));
#9174=CARTESIAN_POINT('',(0.234759451353934,0.239002092041053,-0.808088889745525));
#9175=CARTESIAN_POINT('',(0.236843606954731,0.236917936440256,-0.808088889745525));
#9176=CARTESIAN_POINT('',(0.22679238614694,0.246969157248046,-0.753221300792439));
#9177=CARTESIAN_POINT('',(0.0724710144054739,0.25156028771252,-0.78013354054033));
#9178=CARTESIAN_POINT('',(0.245727037128472,0.245724249954504,-0.811391649147571));
#9179=CARTESIAN_POINT('',(0.0724710144054739,0.0724738015794419,-0.746697240597955));
#9180=CARTESIAN_POINT('',(0.245727037128472,0.0666377638214259,-0.777955349205196));
#9181=CARTESIAN_POINT('',(0.0791959594928933,0.0834386001800126,-0.75));
#9182=CARTESIAN_POINT('',(0.0812801150936898,0.081354444579216,-0.75));
#9183=CARTESIAN_POINT('',(0.081354444579216,0.0812801150936899,-0.75));
#9184=CARTESIAN_POINT('',(0.236843606954731,0.236917936440256,-0.808088889745525));
#9185=CARTESIAN_POINT('',(0.159136190509736,0.15906186102421,-0.779044444872763));
#9186=CARTESIAN_POINT('',(0.0825822175857115,0.0800523420871944,-0.7503));
#9187=CARTESIAN_POINT('',(0.0825822175857115,0.0800523420871944,-0.7437));
#9188=CARTESIAN_POINT('',(0.0800523420871943,0.0825822175857116,-0.7503));
#9189=CARTESIAN_POINT('',(0.0800523420871943,0.0825822175857116,-0.7437));
#9190=CARTESIAN_POINT('',(0.0791959594928933,0.0834386001800126,-0.744));
#9191=CARTESIAN_POINT('',(0.0801809721206259,0.08245358755228,-0.744));
#9192=CARTESIAN_POINT('',(0.0824535875522799,0.080180972120626,-0.744));
#9193=CARTESIAN_POINT('',(0.0812009286154508,0.081433631057455,-0.74956773697228));
#9194=CARTESIAN_POINT('',(0.0763684274144403,0.0862661322584655,-0.777217662962683));
#9195=CARTESIAN_POINT('',(0.0192975501374412,0.0192975501374413,-0.744));
#9196=CARTESIAN_POINT('',(0.0192975501374412,0.10204557571113,-0.744));
#9197=CARTESIAN_POINT('',(0.10204557571113,0.0192975501374413,-0.744));
#9198=CARTESIAN_POINT('',(0.10204557571113,0.10204557571113,-0.744));
#9199=CARTESIAN_POINT('',(0.0581146202139035,0.05714666306997,-0.744));
#9200=CARTESIAN_POINT('',(0.0568380366572488,0.0578455136681605,-0.744));
#9201=CARTESIAN_POINT('',(0.0868308518617872,0.0201125732018676,-0.588));
#9202=CARTESIAN_POINT('',(0.0868308518617872,0.0868308518617872,-0.588));
#9203=CARTESIAN_POINT('',(0.0201125732018675,0.0201125732018676,-0.588));
#9204=CARTESIAN_POINT('',(0.0201125732018675,0.0868308518617872,-0.588));
#9205=CARTESIAN_POINT('',(0.0722989815773988,0.0767500378245978,-0.735517680208484));
#9206=CARTESIAN_POINT('',(0.0724072830938032,0.0722731970192497,-0.747216737103828));
#9207=CARTESIAN_POINT('',(0.244570763789628,0.249021820036827,-0.799845604732898));
#9208=CARTESIAN_POINT('',(0.244679065306032,0.244544979231479,-0.811544661628241));
#9209=CARTESIAN_POINT('',(0.244544979231479,0.244679065306032,-0.811544661628241));
#9210=CARTESIAN_POINT('',(0.249021820036827,0.244570763789628,-0.799845604732898));
#9211=CARTESIAN_POINT('',(0.0722731970192497,0.0724072830938032,-0.747216737103828));
#9212=CARTESIAN_POINT('',(0.0767500378245978,0.0722989815773988,-0.735517680208484));
#9213=CARTESIAN_POINT('',(-0.0767500378245978,0.0722989815773988,-0.735517680208484));
#9214=CARTESIAN_POINT('',(-0.0722731970192497,0.0724072830938032,-0.747216737103828));
#9215=CARTESIAN_POINT('',(-0.249021820036827,0.244570763789628,-0.799845604732898));
#9216=CARTESIAN_POINT('',(-0.244544979231479,0.244679065306032,-0.811544661628241));
#9217=CARTESIAN_POINT('',(-0.244679065306032,0.244544979231479,-0.811544661628241));
#9218=CARTESIAN_POINT('',(-0.244570763789628,0.249021820036827,-0.799845604732898));
#9219=CARTESIAN_POINT('',(-0.0724072830938032,0.0722731970192497,-0.747216737103828));
#9220=CARTESIAN_POINT('',(-0.0722989815773988,0.0767500378245978,-0.735517680208484));
#9221=CARTESIAN_POINT('',(-0.0722989815773988,-0.0767500378245978,-0.735517680208484));
#9222=CARTESIAN_POINT('',(-0.0724072830938032,-0.0722731970192497,-0.747216737103828));
#9223=CARTESIAN_POINT('',(-0.244570763789628,-0.249021820036827,-0.799845604732898));
#9224=CARTESIAN_POINT('',(-0.244679065306032,-0.244544979231479,-0.811544661628241));
#9225=CARTESIAN_POINT('',(-0.244544979231479,-0.244679065306032,-0.811544661628241));
#9226=CARTESIAN_POINT('',(-0.249021820036827,-0.244570763789628,-0.799845604732898));
#9227=CARTESIAN_POINT('',(-0.0722731970192497,-0.0724072830938032,-0.747216737103828));
#9228=CARTESIAN_POINT('',(-0.0767500378245978,-0.0722989815773987,-0.735517680208484));
#9229=CARTESIAN_POINT('',(0.0767500378245978,-0.0722989815773988,-0.735517680208484));
#9230=CARTESIAN_POINT('',(0.0722731970192497,-0.0724072830938032,-0.747216737103828));
#9231=CARTESIAN_POINT('',(0.249021820036827,-0.244570763789628,-0.799845604732898));
#9232=CARTESIAN_POINT('',(0.244544979231479,-0.244679065306032,-0.811544661628241));
#9233=CARTESIAN_POINT('',(0.244679065306032,-0.244544979231479,-0.811544661628241));
#9234=CARTESIAN_POINT('',(0.244570763789628,-0.249021820036827,-0.799845604732898));
#9235=CARTESIAN_POINT('',(0.0724072830938032,-0.0722731970192497,-0.747216737103828));
#9236=CARTESIAN_POINT('',(0.0722989815773987,-0.0767500378245978,-0.735517680208484));
#9237=CARTESIAN_POINT('',(0.0707383755351626,0.0749058673915427,-0.443975911935778));
#9238=CARTESIAN_POINT('',(0.24330510304529,0.24747259490167,-0.663716103227155));
#9239=CARTESIAN_POINT('',(0.0714136289521162,0.0761196636499928,-0.442492400345692));
#9240=CARTESIAN_POINT('',(0.243980356462244,0.24868639116012,-0.662232591637069));
#9241=CARTESIAN_POINT('',(0.0730705145690964,0.0759445622973203,-0.44132872309637));
#9242=CARTESIAN_POINT('',(0.245637242079224,0.248511289807448,-0.661068914387747));
#9243=CARTESIAN_POINT('',(0.0745075384332083,0.0745075384332083,-0.44132872309637));
#9244=CARTESIAN_POINT('',(0.247074265943336,0.247074265943336,-0.661068914387747));
#9245=CARTESIAN_POINT('',(0.0759445622973202,0.0730705145690964,-0.44132872309637));
#9246=CARTESIAN_POINT('',(0.248511289807448,0.245637242079224,-0.661068914387747));
#9247=CARTESIAN_POINT('',(0.0761196636499928,0.0714136289521162,-0.442492400345692));
#9248=CARTESIAN_POINT('',(0.24868639116012,0.243980356462244,-0.662232591637069));
#9249=CARTESIAN_POINT('',(0.0749058673915427,0.0707383755351626,-0.443975911935778));
#9250=CARTESIAN_POINT('',(0.24747259490167,0.24330510304529,-0.663716103227155));
#9251=CARTESIAN_POINT('',(0.0834386001800125,0.0834386001800126,-0.456738110321713));
#9252=CARTESIAN_POINT('',(0.08485804054778,0.0848580405477801,-0.454508675845281));
#9253=CARTESIAN_POINT('',(0.234759451353934,0.234759451353934,-0.64942457580145));
#9254=CARTESIAN_POINT('',(0.236178891721701,0.236178891721701,-0.647195141325018));
#9255=CARTESIAN_POINT('',(0.234759451353934,0.234759451353934,-0.649424575801451));
#9256=CARTESIAN_POINT('',(0.0834386001800125,0.0834386001800126,-0.456738110321713));
#9257=CARTESIAN_POINT('',(0.0827539324756686,0.0869965731627879,-0.454530836349486));
#9258=CARTESIAN_POINT('',(0.0869965731627879,0.0827539324756686,-0.454530836349486));
#9259=CARTESIAN_POINT('',(0.0811680257570214,0.0854106664441407,-0.452466392060682));
#9260=CARTESIAN_POINT('',(0.0854106664441407,0.0811680257570214,-0.452466392060682));
#9261=CARTESIAN_POINT('',(0.0791959594928933,0.0834386001800126,-0.453692956509814));
#9262=CARTESIAN_POINT('',(0.0834386001800126,0.0791959594928933,-0.453692956509814));
#9263=CARTESIAN_POINT('',(0.0791959594928932,0.0834386001800126,-0.456738110321713));
#9264=CARTESIAN_POINT('',(0.0834386001800125,0.0791959594928933,-0.456738110321713));
#9265=CARTESIAN_POINT('',(0.235285406082159,0.238476137312828,-0.64942457580145));
#9266=CARTESIAN_POINT('',(0.238476137312828,0.235285406082159,-0.64942457580145));
#9267=CARTESIAN_POINT('',(0.235285406082159,0.238476137312828,-0.648556013384049));
#9268=CARTESIAN_POINT('',(0.238476137312828,0.235285406082159,-0.648556013384049));
#9269=CARTESIAN_POINT('',(0.235034234733466,0.238224965964135,-0.647763400681847));
#9270=CARTESIAN_POINT('',(0.238224965964135,0.235034234733466,-0.647763400681847));
#9271=CARTESIAN_POINT('',(0.23457581471041,0.237766545941079,-0.647185370000211));
#9272=CARTESIAN_POINT('',(0.237766545941079,0.23457581471041,-0.647185370000211));
#9273=CARTESIAN_POINT('',(0.0749058673915428,-0.0707383755351626,-0.443975911935778));
#9274=CARTESIAN_POINT('',(0.24747259490167,-0.24330510304529,-0.663716103227155));
#9275=CARTESIAN_POINT('',(0.0761196636499928,-0.0714136289521163,-0.442492400345692));
#9276=CARTESIAN_POINT('',(0.24868639116012,-0.243980356462244,-0.662232591637069));
#9277=CARTESIAN_POINT('',(0.0759445622973201,-0.0730705145690965,-0.441328723096369));
#9278=CARTESIAN_POINT('',(0.248511289807448,-0.245637242079224,-0.661068914387747));
#9279=CARTESIAN_POINT('',(0.0745075384332082,-0.0745075384332083,-0.44132872309637));
#9280=CARTESIAN_POINT('',(0.247074265943336,-0.247074265943336,-0.661068914387747));
#9281=CARTESIAN_POINT('',(0.0730705145690962,-0.0759445622973202,-0.44132872309637));
#9282=CARTESIAN_POINT('',(0.245637242079224,-0.248511289807448,-0.661068914387747));
#9283=CARTESIAN_POINT('',(0.0714136289521161,-0.0761196636499927,-0.442492400345692));
#9284=CARTESIAN_POINT('',(0.243980356462244,-0.24868639116012,-0.66223259163707));
#9285=CARTESIAN_POINT('',(0.0707383755351626,-0.0749058673915427,-0.443975911935778));
#9286=CARTESIAN_POINT('',(0.24330510304529,-0.24747259490167,-0.663716103227156));
#9287=CARTESIAN_POINT('',(0.0834386001800126,-0.0834386001800126,-0.456738110321713));
#9288=CARTESIAN_POINT('',(0.08485804054778,-0.08485804054778,-0.454508675845281));
#9289=CARTESIAN_POINT('',(0.234759451353934,-0.234759451353934,-0.64942457580145));
#9290=CARTESIAN_POINT('',(0.236178891721701,-0.236178891721701,-0.647195141325018));
#9291=CARTESIAN_POINT('',(0.234759451353934,-0.234759451353934,-0.64942457580145));
#9292=CARTESIAN_POINT('',(0.0834386001800126,-0.0834386001800125,-0.456738110321713));
#9293=CARTESIAN_POINT('',(0.0869965731627879,-0.0827539324756685,-0.454530836349486));
#9294=CARTESIAN_POINT('',(0.0827539324756685,-0.0869965731627879,-0.454530836349486));
#9295=CARTESIAN_POINT('',(0.0854106664441406,-0.0811680257570212,-0.452466392060682));
#9296=CARTESIAN_POINT('',(0.0811680257570212,-0.0854106664441406,-0.452466392060682));
#9297=CARTESIAN_POINT('',(0.0834386001800125,-0.0791959594928932,-0.453692956509814));
#9298=CARTESIAN_POINT('',(0.0791959594928932,-0.0834386001800125,-0.453692956509814));
#9299=CARTESIAN_POINT('',(0.0834386001800126,-0.0791959594928932,-0.456738110321713));
#9300=CARTESIAN_POINT('',(0.0791959594928932,-0.0834386001800126,-0.456738110321713));
#9301=CARTESIAN_POINT('',(0.238476137312828,-0.235285406082159,-0.64942457580145));
#9302=CARTESIAN_POINT('',(0.235285406082159,-0.238476137312828,-0.64942457580145));
#9303=CARTESIAN_POINT('',(0.238476137312828,-0.235285406082159,-0.648556013384049));
#9304=CARTESIAN_POINT('',(0.235285406082159,-0.238476137312828,-0.648556013384049));
#9305=CARTESIAN_POINT('',(0.238224965964135,-0.235034234733466,-0.647763400681847));
#9306=CARTESIAN_POINT('',(0.235034234733466,-0.238224965964135,-0.647763400681847));
#9307=CARTESIAN_POINT('',(0.237766545941079,-0.23457581471041,-0.647185370000211));
#9308=CARTESIAN_POINT('',(0.23457581471041,-0.237766545941079,-0.647185370000211));
#9309=CARTESIAN_POINT('',(-0.0707383755351626,-0.0749058673915427,-0.443975911935778));
#9310=CARTESIAN_POINT('',(-0.24330510304529,-0.24747259490167,-0.663716103227155));
#9311=CARTESIAN_POINT('',(-0.0714136289521162,-0.0761196636499928,-0.442492400345692));
#9312=CARTESIAN_POINT('',(-0.243980356462244,-0.24868639116012,-0.662232591637069));
#9313=CARTESIAN_POINT('',(-0.0730705145690963,-0.0759445622973202,-0.44132872309637));
#9314=CARTESIAN_POINT('',(-0.245637242079224,-0.248511289807448,-0.661068914387747));
#9315=CARTESIAN_POINT('',(-0.0745075384332083,-0.0745075384332083,-0.44132872309637));
#9316=CARTESIAN_POINT('',(-0.247074265943336,-0.247074265943336,-0.661068914387747));
#9317=CARTESIAN_POINT('',(-0.0759445622973202,-0.0730705145690963,-0.44132872309637));
#9318=CARTESIAN_POINT('',(-0.248511289807448,-0.245637242079224,-0.661068914387747));
#9319=CARTESIAN_POINT('',(-0.0761196636499928,-0.0714136289521162,-0.442492400345692));
#9320=CARTESIAN_POINT('',(-0.24868639116012,-0.243980356462244,-0.662232591637069));
#9321=CARTESIAN_POINT('',(-0.0749058673915427,-0.0707383755351626,-0.443975911935778));
#9322=CARTESIAN_POINT('',(-0.24747259490167,-0.24330510304529,-0.663716103227155));
#9323=CARTESIAN_POINT('',(-0.0834386001800126,-0.0834386001800126,-0.456738110321713));
#9324=CARTESIAN_POINT('',(-0.08485804054778,-0.08485804054778,-0.454508675845281));
#9325=CARTESIAN_POINT('',(-0.234759451353934,-0.234759451353934,-0.64942457580145));
#9326=CARTESIAN_POINT('',(-0.236178891721701,-0.236178891721701,-0.647195141325018));
#9327=CARTESIAN_POINT('',(-0.234759451353934,-0.234759451353934,-0.64942457580145));
#9328=CARTESIAN_POINT('',(-0.0834386001800125,-0.0834386001800126,-0.456738110321713));
#9329=CARTESIAN_POINT('',(-0.0827539324756685,-0.0869965731627879,-0.454530836349486));
#9330=CARTESIAN_POINT('',(-0.0869965731627879,-0.0827539324756685,-0.454530836349486));
#9331=CARTESIAN_POINT('',(-0.0811680257570212,-0.0854106664441406,-0.452466392060682));
#9332=CARTESIAN_POINT('',(-0.0854106664441406,-0.0811680257570212,-0.452466392060682));
#9333=CARTESIAN_POINT('',(-0.0791959594928932,-0.0834386001800125,-0.453692956509814));
#9334=CARTESIAN_POINT('',(-0.0834386001800125,-0.0791959594928932,-0.453692956509814));
#9335=CARTESIAN_POINT('',(-0.0791959594928932,-0.0834386001800126,-0.456738110321713));
#9336=CARTESIAN_POINT('',(-0.0834386001800126,-0.0791959594928932,-0.456738110321713));
#9337=CARTESIAN_POINT('',(-0.235285406082159,-0.238476137312828,-0.64942457580145));
#9338=CARTESIAN_POINT('',(-0.238476137312828,-0.235285406082159,-0.64942457580145));
#9339=CARTESIAN_POINT('',(-0.235285406082159,-0.238476137312828,-0.648556013384049));
#9340=CARTESIAN_POINT('',(-0.238476137312828,-0.235285406082159,-0.648556013384049));
#9341=CARTESIAN_POINT('',(-0.235034234733466,-0.238224965964135,-0.647763400681847));
#9342=CARTESIAN_POINT('',(-0.238224965964135,-0.235034234733466,-0.647763400681847));
#9343=CARTESIAN_POINT('',(-0.23457581471041,-0.237766545941079,-0.647185370000211));
#9344=CARTESIAN_POINT('',(-0.237766545941079,-0.23457581471041,-0.647185370000211));
#9345=CARTESIAN_POINT('',(-0.0749058673915427,0.0707383755351626,-0.443975911935778));
#9346=CARTESIAN_POINT('',(-0.24747259490167,0.24330510304529,-0.663716103227155));
#9347=CARTESIAN_POINT('',(-0.0761196636499928,0.0714136289521162,-0.442492400345692));
#9348=CARTESIAN_POINT('',(-0.24868639116012,0.243980356462244,-0.662232591637069));
#9349=CARTESIAN_POINT('',(-0.0759445622973203,0.0730705145690964,-0.44132872309637));
#9350=CARTESIAN_POINT('',(-0.248511289807448,0.245637242079224,-0.661068914387747));
#9351=CARTESIAN_POINT('',(-0.0745075384332083,0.0745075384332083,-0.44132872309637));
#9352=CARTESIAN_POINT('',(-0.247074265943336,0.247074265943336,-0.661068914387747));
#9353=CARTESIAN_POINT('',(-0.0730705145690964,0.0759445622973202,-0.44132872309637));
#9354=CARTESIAN_POINT('',(-0.245637242079224,0.248511289807448,-0.661068914387747));
#9355=CARTESIAN_POINT('',(-0.0714136289521162,0.0761196636499928,-0.442492400345692));
#9356=CARTESIAN_POINT('',(-0.243980356462244,0.24868639116012,-0.662232591637069));
#9357=CARTESIAN_POINT('',(-0.0707383755351626,0.0749058673915427,-0.443975911935778));
#9358=CARTESIAN_POINT('',(-0.24330510304529,0.24747259490167,-0.663716103227155));
#9359=CARTESIAN_POINT('',(-0.0834386001800126,0.0834386001800125,-0.456738110321713));
#9360=CARTESIAN_POINT('',(-0.0848580405477801,0.08485804054778,-0.454508675845281));
#9361=CARTESIAN_POINT('',(-0.234759451353934,0.234759451353934,-0.64942457580145));
#9362=CARTESIAN_POINT('',(-0.236178891721701,0.236178891721701,-0.647195141325018));
#9363=CARTESIAN_POINT('',(-0.234759451353934,0.234759451353934,-0.649424575801451));
#9364=CARTESIAN_POINT('',(-0.0834386001800126,0.0834386001800125,-0.456738110321713));
#9365=CARTESIAN_POINT('',(-0.0869965731627879,0.0827539324756686,-0.454530836349486));
#9366=CARTESIAN_POINT('',(-0.0827539324756686,0.0869965731627879,-0.454530836349486));
#9367=CARTESIAN_POINT('',(-0.0854106664441407,0.0811680257570214,-0.452466392060682));
#9368=CARTESIAN_POINT('',(-0.0811680257570214,0.0854106664441407,-0.452466392060682));
#9369=CARTESIAN_POINT('',(-0.0834386001800126,0.0791959594928933,-0.453692956509814));
#9370=CARTESIAN_POINT('',(-0.0791959594928933,0.0834386001800126,-0.453692956509814));
#9371=CARTESIAN_POINT('',(-0.0834386001800126,0.0791959594928932,-0.456738110321713));
#9372=CARTESIAN_POINT('',(-0.0791959594928933,0.0834386001800125,-0.456738110321713));
#9373=CARTESIAN_POINT('',(-0.238476137312828,0.235285406082159,-0.64942457580145));
#9374=CARTESIAN_POINT('',(-0.235285406082159,0.238476137312828,-0.64942457580145));
#9375=CARTESIAN_POINT('',(-0.238476137312828,0.235285406082159,-0.648556013384049));
#9376=CARTESIAN_POINT('',(-0.235285406082159,0.238476137312828,-0.648556013384049));
#9377=CARTESIAN_POINT('',(-0.238224965964135,0.235034234733466,-0.647763400681847));
#9378=CARTESIAN_POINT('',(-0.235034234733466,0.238224965964135,-0.647763400681847));
#9379=CARTESIAN_POINT('',(-0.237766545941079,0.23457581471041,-0.647185370000211));
#9380=CARTESIAN_POINT('',(-0.23457581471041,0.237766545941079,-0.647185370000211));
#9381=CARTESIAN_POINT('',(0.0015,0.115,-0.213621320343559));
#9382=CARTESIAN_POINT('',(-0.00150000000000002,0.115,-0.213621320343559));
#9383=CARTESIAN_POINT('',(0.0015,0.115,-0.212039446610582));
#9384=CARTESIAN_POINT('',(-0.00150000000000002,0.115,-0.212039446610582));
#9385=CARTESIAN_POINT('',(0.0015,0.116465006151554,-0.211440281093165));
#9386=CARTESIAN_POINT('',(-0.00150000000000002,0.116465006151554,-0.211440281093165));
#9387=CARTESIAN_POINT('',(0.0015,0.117572365757993,-0.212572496392133));
#9388=CARTESIAN_POINT('',(-0.00150000000000002,0.117572365757993,-0.212572496392133));
#9389=CARTESIAN_POINT('',(-2.12733247081999E-17,0.1165,-0.213621320343559));
#9390=CARTESIAN_POINT('',(-2.15577248062252E-17,0.11756066017178,-0.21256066017178));
#9391=CARTESIAN_POINT('',(-2.14150438543926E-17,0.1165,-0.213621320343559));
#9392=CARTESIAN_POINT('',(0.00149999999999997,0.1835,-0.28062132034356));
#9393=CARTESIAN_POINT('',(0.00149999999999998,0.11503097586719,-0.212152296210749));
#9394=CARTESIAN_POINT('',(0.00150000000000012,0.18562132034356,-0.2785));
#9395=CARTESIAN_POINT('',(0.00150000000000014,0.11715229621075,-0.210030975867189));
#9396=CARTESIAN_POINT('',(-0.0015000000000007,0.18562132034356,-0.2785));
#9397=CARTESIAN_POINT('',(-0.00150000000000069,0.11715229621075,-0.210030975867189));
#9398=CARTESIAN_POINT('',(-0.00150000000000003,0.1835,-0.28062132034356));
#9399=CARTESIAN_POINT('',(-0.00150000000000002,0.115030975867189,-0.212152296210749));
#9400=CARTESIAN_POINT('',(-3.36102673470506E-17,0.1835,-0.28062132034356));
#9401=CARTESIAN_POINT('',(-3.36102673470506E-17,0.18456066017178,-0.27956066017178));
#9402=CARTESIAN_POINT('',(-3.36102673470506E-17,0.1835,-0.28062132034356));
#9403=CARTESIAN_POINT('',(-0.00150000000000003,0.1835,-0.28062132034356));
#9404=CARTESIAN_POINT('',(-0.00150000000000003,0.1835,-0.28062132034356));
#9405=CARTESIAN_POINT('',(-0.00150000000000003,0.1835,-0.28062132034356));
#9406=CARTESIAN_POINT('',(-0.00150000000000003,0.1835,-0.28062132034356));
#9407=CARTESIAN_POINT('',(-0.00150000000000011,0.185621320343561,-0.278500000000001));
#9408=CARTESIAN_POINT('',(-0.00150000000000009,0.186191448736927,-0.279070128393368));
#9409=CARTESIAN_POINT('',(-0.00150000000000006,0.1865,-0.279815037037366));
#9410=CARTESIAN_POINT('',(-0.00150000000000003,0.1865,-0.28062132034356));
#9411=CARTESIAN_POINT('',(0.00149999999999989,0.185621320343561,-0.278500000000001));
#9412=CARTESIAN_POINT('',(0.00149999999999991,0.186191448736927,-0.279070128393368));
#9413=CARTESIAN_POINT('',(0.00149999999999994,0.1865,-0.279815037037366));
#9414=CARTESIAN_POINT('',(0.00149999999999997,0.1865,-0.280621320343559));
#9415=CARTESIAN_POINT('',(0.00149999999999997,0.1835,-0.280621320343559));
#9416=CARTESIAN_POINT('',(0.00149999999999997,0.1835,-0.28062132034356));
#9417=CARTESIAN_POINT('',(0.00149999999999997,0.1835,-0.28062132034356));
#9418=CARTESIAN_POINT('',(0.00149999999999997,0.1835,-0.280621320343559));
#9419=CARTESIAN_POINT('',(-3.36039871671148E-17,0.1835,-0.28062132034356));
#9420=CARTESIAN_POINT('',(0.00149999999999997,0.1835,-0.61937867965644));
#9421=CARTESIAN_POINT('',(0.00149999999999997,0.1835,-0.28062132034356));
#9422=CARTESIAN_POINT('',(0.00150000000000002,0.1865,-0.61937867965644));
#9423=CARTESIAN_POINT('',(0.00150000000000002,0.1865,-0.28062132034356));
#9424=CARTESIAN_POINT('',(-0.00150000000000009,0.1865,-0.61937867965644));
#9425=CARTESIAN_POINT('',(-0.00150000000000009,0.1865,-0.28062132034356));
#9426=CARTESIAN_POINT('',(-0.00150000000000003,0.1835,-0.61937867965644));
#9427=CARTESIAN_POINT('',(-0.00150000000000003,0.1835,-0.28062132034356));
#9428=CARTESIAN_POINT('',(-3.36102673470506E-17,0.1835,-0.61937867965644));
#9429=CARTESIAN_POINT('',(-0.00150000000000003,0.1835,-0.61937867965644));
#9430=CARTESIAN_POINT('',(-0.00150000000000003,0.1835,-0.61937867965644));
#9431=CARTESIAN_POINT('',(-0.00150000000000003,0.1835,-0.61937867965644));
#9432=CARTESIAN_POINT('',(-0.00150000000000003,0.1835,-0.61937867965644));
#9433=CARTESIAN_POINT('',(-0.00150000000000003,0.1865,-0.61937867965644));
#9434=CARTESIAN_POINT('',(-0.00150000000000003,0.1865,-0.620184962962634));
#9435=CARTESIAN_POINT('',(-0.00150000000000003,0.186191448736927,-0.620929871606632));
#9436=CARTESIAN_POINT('',(-0.00150000000000003,0.18562132034356,-0.621499999999999));
#9437=CARTESIAN_POINT('',(0.00149999999999997,0.1865,-0.61937867965644));
#9438=CARTESIAN_POINT('',(0.00149999999999997,0.1865,-0.620184962962634));
#9439=CARTESIAN_POINT('',(0.00149999999999997,0.186191448736927,-0.620929871606632));
#9440=CARTESIAN_POINT('',(0.00149999999999997,0.18562132034356,-0.621499999999999));
#9441=CARTESIAN_POINT('',(0.00149999999999997,0.1835,-0.61937867965644));
#9442=CARTESIAN_POINT('',(0.00149999999999997,0.1835,-0.61937867965644));
#9443=CARTESIAN_POINT('',(0.00149999999999997,0.1835,-0.61937867965644));
#9444=CARTESIAN_POINT('',(0.00149999999999997,0.1835,-0.61937867965644));
#9445=CARTESIAN_POINT('',(-3.36039871671148E-17,0.1835,-0.61937867965644));
#9446=CARTESIAN_POINT('',(0.00149999999999998,0.115030975867189,-0.687847703789251));
#9447=CARTESIAN_POINT('',(0.00149999999999997,0.1835,-0.61937867965644));
#9448=CARTESIAN_POINT('',(0.00150000000000084,0.11715229621075,-0.689969024132811));
#9449=CARTESIAN_POINT('',(0.00150000000000083,0.185621320343561,-0.621500000000001));
#9450=CARTESIAN_POINT('',(-0.00150000000000088,0.11715229621075,-0.689969024132811));
#9451=CARTESIAN_POINT('',(-0.0015000000000009,0.185621320343561,-0.621500000000001));
#9452=CARTESIAN_POINT('',(-0.00150000000000002,0.115030975867189,-0.687847703789251));
#9453=CARTESIAN_POINT('',(-0.00150000000000003,0.1835,-0.61937867965644));
#9454=CARTESIAN_POINT('',(-2.12733247081999E-17,0.1165,-0.68637867965644));
#9455=CARTESIAN_POINT('',(-2.15577248062252E-17,0.11756066017178,-0.68743933982822));
#9456=CARTESIAN_POINT('',(-2.14150438543926E-17,0.1165,-0.68637867965644));
#9457=CARTESIAN_POINT('',(0.00149999999999998,0.117572365757992,-0.687427503607866));
#9458=CARTESIAN_POINT('',(-0.0015,0.117572365757992,-0.687427503607866));
#9459=CARTESIAN_POINT('',(0.00149999999999998,0.116465006151553,-0.688559718906835));
#9460=CARTESIAN_POINT('',(-0.0015,0.116465006151553,-0.688559718906835));
#9461=CARTESIAN_POINT('',(0.00149999999999998,0.115,-0.687960553389417));
#9462=CARTESIAN_POINT('',(-0.0015,0.115,-0.687960553389417));
#9463=CARTESIAN_POINT('',(0.00149999999999998,0.115,-0.68637867965644));
#9464=CARTESIAN_POINT('',(-0.0015,0.115,-0.68637867965644));
#9465=CARTESIAN_POINT('',(0.115030975867189,-0.0015,-0.687847703789251));
#9466=CARTESIAN_POINT('',(0.1835,-0.0015,-0.61937867965644));
#9467=CARTESIAN_POINT('',(0.11715229621075,-0.00150000000000089,-0.689969024132811));
#9468=CARTESIAN_POINT('',(0.185621320343561,-0.00150000000000089,-0.621500000000001));
#9469=CARTESIAN_POINT('',(0.11715229621075,0.00150000000000086,-0.689969024132811));
#9470=CARTESIAN_POINT('',(0.185621320343561,0.00150000000000086,-0.621500000000001));
#9471=CARTESIAN_POINT('',(0.115030975867189,0.0015,-0.687847703789251));
#9472=CARTESIAN_POINT('',(0.1835,0.0015,-0.61937867965644));
#9473=CARTESIAN_POINT('',(0.1165,0.,-0.68637867965644));
#9474=CARTESIAN_POINT('',(0.11756066017178,0.,-0.68743933982822));
#9475=CARTESIAN_POINT('',(0.1835,0.,-0.61937867965644));
#9476=CARTESIAN_POINT('',(0.18456066017178,0.,-0.62043933982822));
#9477=CARTESIAN_POINT('',(0.1835,0.,-0.61937867965644));
#9478=CARTESIAN_POINT('',(0.1165,0.,-0.68637867965644));
#9479=CARTESIAN_POINT('',(0.117572365757992,-0.0015,-0.687427503607867));
#9480=CARTESIAN_POINT('',(0.117572365757992,0.0015,-0.687427503607866));
#9481=CARTESIAN_POINT('',(0.116465006151553,-0.0015,-0.688559718906835));
#9482=CARTESIAN_POINT('',(0.116465006151553,0.0015,-0.688559718906835));
#9483=CARTESIAN_POINT('',(0.115,-0.0015,-0.687960553389417));
#9484=CARTESIAN_POINT('',(0.115,0.0015,-0.687960553389417));
#9485=CARTESIAN_POINT('',(0.115,-0.0015,-0.68637867965644));
#9486=CARTESIAN_POINT('',(0.115,0.0015,-0.68637867965644));
#9487=CARTESIAN_POINT('',(0.1835,0.0015,-0.61937867965644));
#9488=CARTESIAN_POINT('',(0.1835,0.0015,-0.61937867965644));
#9489=CARTESIAN_POINT('',(0.1835,0.0015,-0.61937867965644));
#9490=CARTESIAN_POINT('',(0.1835,0.0015,-0.61937867965644));
#9491=CARTESIAN_POINT('',(0.1865,0.0015,-0.619378679656439));
#9492=CARTESIAN_POINT('',(0.1865,0.0015,-0.620184962962634));
#9493=CARTESIAN_POINT('',(0.186191448736927,0.0015,-0.620929871606632));
#9494=CARTESIAN_POINT('',(0.18562132034356,0.0015,-0.621499999999999));
#9495=CARTESIAN_POINT('',(0.1865,-0.0015,-0.619378679656439));
#9496=CARTESIAN_POINT('',(0.1865,-0.0015,-0.620184962962634));
#9497=CARTESIAN_POINT('',(0.186191448736927,-0.0015,-0.620929871606632));
#9498=CARTESIAN_POINT('',(0.18562132034356,-0.0015,-0.621499999999999));
#9499=CARTESIAN_POINT('',(0.1835,-0.0015,-0.61937867965644));
#9500=CARTESIAN_POINT('',(0.1835,-0.0015,-0.61937867965644));
#9501=CARTESIAN_POINT('',(0.1835,-0.0015,-0.61937867965644));
#9502=CARTESIAN_POINT('',(0.1835,-0.0015,-0.61937867965644));
#9503=CARTESIAN_POINT('',(0.1835,0.,-0.61937867965644));
#9504=CARTESIAN_POINT('',(0.1835,-0.0015,-0.61937867965644));
#9505=CARTESIAN_POINT('',(0.1835,-0.0015,-0.28062132034356));
#9506=CARTESIAN_POINT('',(0.1865,-0.00150000000000006,-0.61937867965644));
#9507=CARTESIAN_POINT('',(0.1865,-0.00150000000000006,-0.28062132034356));
#9508=CARTESIAN_POINT('',(0.1865,0.00150000000000006,-0.61937867965644));
#9509=CARTESIAN_POINT('',(0.1865,0.00150000000000006,-0.28062132034356));
#9510=CARTESIAN_POINT('',(0.1835,0.0015,-0.61937867965644));
#9511=CARTESIAN_POINT('',(0.1835,0.0015,-0.28062132034356));
#9512=CARTESIAN_POINT('',(0.1835,0.,-0.28062132034356));
#9513=CARTESIAN_POINT('',(0.1835,0.0015,-0.28062132034356));
#9514=CARTESIAN_POINT('',(0.1835,0.0015,-0.28062132034356));
#9515=CARTESIAN_POINT('',(0.1835,0.0015,-0.28062132034356));
#9516=CARTESIAN_POINT('',(0.1835,0.0015,-0.28062132034356));
#9517=CARTESIAN_POINT('',(0.185621320343561,0.00150000000000008,-0.278500000000001));
#9518=CARTESIAN_POINT('',(0.186191448736927,0.00150000000000006,-0.279070128393368));
#9519=CARTESIAN_POINT('',(0.1865,0.00150000000000003,-0.279815037037366));
#9520=CARTESIAN_POINT('',(0.1865,0.0015,-0.28062132034356));
#9521=CARTESIAN_POINT('',(0.185621320343561,-0.00149999999999992,-0.278500000000001));
#9522=CARTESIAN_POINT('',(0.186191448736927,-0.00149999999999994,-0.279070128393368));
#9523=CARTESIAN_POINT('',(0.1865,-0.00149999999999997,-0.279815037037366));
#9524=CARTESIAN_POINT('',(0.1865,-0.0015,-0.28062132034356));
#9525=CARTESIAN_POINT('',(0.1835,-0.0015,-0.280621320343559));
#9526=CARTESIAN_POINT('',(0.1835,-0.0015,-0.280621320343559));
#9527=CARTESIAN_POINT('',(0.1835,-0.0015,-0.280621320343559));
#9528=CARTESIAN_POINT('',(0.1835,-0.0015,-0.280621320343559));
#9529=CARTESIAN_POINT('',(0.1835,0.,-0.28062132034356));
#9530=CARTESIAN_POINT('',(0.115,-0.00150000000000002,-0.213621320343559));
#9531=CARTESIAN_POINT('',(0.115,0.00150000000000002,-0.213621320343559));
#9532=CARTESIAN_POINT('',(0.115,-0.00150000000000002,-0.212039446610582));
#9533=CARTESIAN_POINT('',(0.115,0.00150000000000002,-0.212039446610582));
#9534=CARTESIAN_POINT('',(0.116465006151554,-0.00150000000000002,-0.211440281093165));
#9535=CARTESIAN_POINT('',(0.116465006151554,0.00150000000000002,-0.211440281093165));
#9536=CARTESIAN_POINT('',(0.117572365757993,-0.00150000000000002,-0.212572496392133));
#9537=CARTESIAN_POINT('',(0.117572365757993,0.00150000000000002,-0.212572496392133));
#9538=CARTESIAN_POINT('',(0.1165,0.,-0.213621320343559));
#9539=CARTESIAN_POINT('',(0.11756066017178,0.,-0.21256066017178));
#9540=CARTESIAN_POINT('',(0.1165,0.,-0.213621320343559));
#9541=CARTESIAN_POINT('',(0.1835,-0.0015,-0.28062132034356));
#9542=CARTESIAN_POINT('',(0.11503097586719,-0.0015,-0.212152296210749));
#9543=CARTESIAN_POINT('',(0.18562132034356,-0.00150000000000016,-0.2785));
#9544=CARTESIAN_POINT('',(0.11715229621075,-0.00150000000000016,-0.210030975867189));
#9545=CARTESIAN_POINT('',(0.18562132034356,0.00150000000000067,-0.2785));
#9546=CARTESIAN_POINT('',(0.11715229621075,0.00150000000000067,-0.210030975867189));
#9547=CARTESIAN_POINT('',(0.1835,0.0015,-0.28062132034356));
#9548=CARTESIAN_POINT('',(0.115030975867189,0.0015,-0.212152296210749));
#9549=CARTESIAN_POINT('',(-0.00150000000000002,-0.115,-0.213621320343559));
#9550=CARTESIAN_POINT('',(0.00150000000000002,-0.115,-0.213621320343559));
#9551=CARTESIAN_POINT('',(-0.00150000000000002,-0.115,-0.212039446610582));
#9552=CARTESIAN_POINT('',(0.00150000000000002,-0.115,-0.212039446610582));
#9553=CARTESIAN_POINT('',(-0.00150000000000002,-0.116465006151554,-0.211440281093165));
#9554=CARTESIAN_POINT('',(0.00150000000000002,-0.116465006151554,-0.211440281093165));
#9555=CARTESIAN_POINT('',(-0.00150000000000002,-0.117572365757993,-0.212572496392133));
#9556=CARTESIAN_POINT('',(0.00150000000000002,-0.117572365757993,-0.212572496392133));
#9557=CARTESIAN_POINT('',(7.163388380899E-18,-0.1165,-0.213621320343559));
#9558=CARTESIAN_POINT('',(7.18590826874175E-18,-0.11756066017178,-0.21256066017178));
#9559=CARTESIAN_POINT('',(7.13834795146421E-18,-0.1165,-0.213621320343559));
#9560=CARTESIAN_POINT('',(-0.00149999999999999,-0.1835,-0.28062132034356));
#9561=CARTESIAN_POINT('',(-0.00149999999999999,-0.11503097586719,-0.212152296210749));
#9562=CARTESIAN_POINT('',(-0.00150000000000015,-0.18562132034356,-0.2785));
#9563=CARTESIAN_POINT('',(-0.00150000000000015,-0.11715229621075,-0.210030975867189));
#9564=CARTESIAN_POINT('',(0.00150000000000068,-0.18562132034356,-0.2785));
#9565=CARTESIAN_POINT('',(0.00150000000000067,-0.11715229621075,-0.210030975867189));
#9566=CARTESIAN_POINT('',(0.00150000000000001,-0.1835,-0.28062132034356));
#9567=CARTESIAN_POINT('',(0.00150000000000001,-0.115030975867189,-0.212152296210749));
#9568=CARTESIAN_POINT('',(1.12757025938492E-17,-0.1835,-0.28062132034356));
#9569=CARTESIAN_POINT('',(0.00150000000000001,-0.1835,-0.28062132034356));
#9570=CARTESIAN_POINT('',(0.00150000000000001,-0.1835,-0.28062132034356));
#9571=CARTESIAN_POINT('',(0.00150000000000001,-0.1835,-0.28062132034356));
#9572=CARTESIAN_POINT('',(0.00150000000000001,-0.1835,-0.28062132034356));
#9573=CARTESIAN_POINT('',(0.00150000000000009,-0.185621320343561,-0.278500000000001));
#9574=CARTESIAN_POINT('',(0.00150000000000007,-0.186191448736928,-0.279070128393369));
#9575=CARTESIAN_POINT('',(0.00150000000000004,-0.1865,-0.279815037037366));
#9576=CARTESIAN_POINT('',(0.00150000000000001,-0.1865,-0.28062132034356));
#9577=CARTESIAN_POINT('',(-0.00149999999999991,-0.185621320343561,-0.278500000000001));
#9578=CARTESIAN_POINT('',(-0.00149999999999993,-0.186191448736928,-0.279070128393368));
#9579=CARTESIAN_POINT('',(-0.00149999999999996,-0.1865,-0.279815037037366));
#9580=CARTESIAN_POINT('',(-0.00149999999999999,-0.1865,-0.28062132034356));
#9581=CARTESIAN_POINT('',(-0.00149999999999999,-0.1835,-0.28062132034356));
#9582=CARTESIAN_POINT('',(-0.00149999999999999,-0.1835,-0.280621320343559));
#9583=CARTESIAN_POINT('',(-0.00149999999999999,-0.1835,-0.280621320343559));
#9584=CARTESIAN_POINT('',(-0.00149999999999999,-0.1835,-0.280621320343559));
#9585=CARTESIAN_POINT('',(1.12736092005373E-17,-0.1835,-0.28062132034356));
#9586=CARTESIAN_POINT('',(-0.00149999999999999,-0.1835,-0.61937867965644));
#9587=CARTESIAN_POINT('',(-0.00149999999999999,-0.1835,-0.28062132034356));
#9588=CARTESIAN_POINT('',(-0.00150000000000005,-0.1865,-0.61937867965644));
#9589=CARTESIAN_POINT('',(-0.00150000000000005,-0.1865,-0.28062132034356));
#9590=CARTESIAN_POINT('',(0.00150000000000007,-0.1865,-0.61937867965644));
#9591=CARTESIAN_POINT('',(0.00150000000000007,-0.1865,-0.28062132034356));
#9592=CARTESIAN_POINT('',(0.00150000000000001,-0.1835,-0.61937867965644));
#9593=CARTESIAN_POINT('',(0.00150000000000001,-0.1835,-0.28062132034356));
#9594=CARTESIAN_POINT('',(1.12757025938492E-17,-0.1835,-0.61937867965644));
#9595=CARTESIAN_POINT('',(0.00150000000000001,-0.1835,-0.61937867965644));
#9596=CARTESIAN_POINT('',(0.00150000000000001,-0.1835,-0.61937867965644));
#9597=CARTESIAN_POINT('',(0.00150000000000001,-0.1835,-0.61937867965644));
#9598=CARTESIAN_POINT('',(0.00150000000000001,-0.1835,-0.61937867965644));
#9599=CARTESIAN_POINT('',(0.00150000000000001,-0.1865,-0.61937867965644));
#9600=CARTESIAN_POINT('',(0.00150000000000001,-0.1865,-0.620184962962634));
#9601=CARTESIAN_POINT('',(0.00150000000000001,-0.186191448736927,-0.620929871606632));
#9602=CARTESIAN_POINT('',(0.00150000000000001,-0.18562132034356,-0.621499999999999));
#9603=CARTESIAN_POINT('',(-0.00149999999999999,-0.1865,-0.61937867965644));
#9604=CARTESIAN_POINT('',(-0.00149999999999999,-0.1865,-0.620184962962634));
#9605=CARTESIAN_POINT('',(-0.00149999999999999,-0.186191448736927,-0.620929871606632));
#9606=CARTESIAN_POINT('',(-0.00149999999999999,-0.18562132034356,-0.621499999999999));
#9607=CARTESIAN_POINT('',(-0.00149999999999999,-0.1835,-0.61937867965644));
#9608=CARTESIAN_POINT('',(-0.00149999999999999,-0.1835,-0.61937867965644));
#9609=CARTESIAN_POINT('',(-0.00149999999999999,-0.1835,-0.61937867965644));
#9610=CARTESIAN_POINT('',(-0.00149999999999999,-0.1835,-0.61937867965644));
#9611=CARTESIAN_POINT('',(1.12736092005373E-17,-0.1835,-0.61937867965644));
#9612=CARTESIAN_POINT('',(1.12736092005373E-17,-0.18456066017178,-0.62043933982822));
#9613=CARTESIAN_POINT('',(1.12736092005373E-17,-0.1835,-0.61937867965644));
#9614=CARTESIAN_POINT('',(-0.00149999999999999,-0.115030975867189,-0.687847703789251));
#9615=CARTESIAN_POINT('',(-0.00149999999999999,-0.1835,-0.61937867965644));
#9616=CARTESIAN_POINT('',(-0.00150000000000088,-0.11715229621075,-0.689969024132811));
#9617=CARTESIAN_POINT('',(-0.00150000000000087,-0.185621320343561,-0.621500000000001));
#9618=CARTESIAN_POINT('',(0.00150000000000087,-0.11715229621075,-0.689969024132811));
#9619=CARTESIAN_POINT('',(0.00150000000000087,-0.185621320343561,-0.621500000000001));
#9620=CARTESIAN_POINT('',(0.00150000000000001,-0.115030975867189,-0.687847703789251));
#9621=CARTESIAN_POINT('',(0.00150000000000001,-0.1835,-0.61937867965644));
#9622=CARTESIAN_POINT('',(7.163388380899E-18,-0.1165,-0.68637867965644));
#9623=CARTESIAN_POINT('',(7.18590826874174E-18,-0.11756066017178,-0.68743933982822));
#9624=CARTESIAN_POINT('',(7.1383479514642E-18,-0.1165,-0.68637867965644));
#9625=CARTESIAN_POINT('',(-0.0015,-0.117572365757992,-0.687427503607866));
#9626=CARTESIAN_POINT('',(0.0015,-0.117572365757992,-0.687427503607866));
#9627=CARTESIAN_POINT('',(-0.0015,-0.116465006151553,-0.688559718906835));
#9628=CARTESIAN_POINT('',(0.0015,-0.116465006151553,-0.688559718906835));
#9629=CARTESIAN_POINT('',(-0.0015,-0.115,-0.687960553389418));
#9630=CARTESIAN_POINT('',(0.0015,-0.115,-0.687960553389418));
#9631=CARTESIAN_POINT('',(-0.0015,-0.115,-0.68637867965644));
#9632=CARTESIAN_POINT('',(0.0015,-0.115,-0.68637867965644));
#9633=CARTESIAN_POINT('',(-0.115,0.00150000000000001,-0.213621320343559));
#9634=CARTESIAN_POINT('',(-0.115,-0.00150000000000002,-0.213621320343559));
#9635=CARTESIAN_POINT('',(-0.115,0.00150000000000001,-0.212039446610582));
#9636=CARTESIAN_POINT('',(-0.115,-0.00150000000000002,-0.212039446610582));
#9637=CARTESIAN_POINT('',(-0.116465006151554,0.00150000000000001,-0.211440281093165));
#9638=CARTESIAN_POINT('',(-0.116465006151554,-0.00150000000000002,-0.211440281093165));
#9639=CARTESIAN_POINT('',(-0.117572365757993,0.00150000000000001,-0.212572496392133));
#9640=CARTESIAN_POINT('',(-0.117572365757993,-0.00150000000000002,-0.212572496392133));
#9641=CARTESIAN_POINT('',(-0.1165,-1.4326776761798E-17,-0.213621320343559));
#9642=CARTESIAN_POINT('',(-0.11756066017178,-1.43718165374835E-17,-0.21256066017178));
#9643=CARTESIAN_POINT('',(-0.1165,-1.42766959029284E-17,-0.213621320343559));
#9644=CARTESIAN_POINT('',(-0.1835,0.00149999999999998,-0.28062132034356));
#9645=CARTESIAN_POINT('',(-0.11503097586719,0.00149999999999999,-0.212152296210749));
#9646=CARTESIAN_POINT('',(-0.18562132034356,0.00150000000000013,-0.2785));
#9647=CARTESIAN_POINT('',(-0.11715229621075,0.00150000000000014,-0.210030975867189));
#9648=CARTESIAN_POINT('',(-0.18562132034356,-0.00150000000000069,-0.2785));
#9649=CARTESIAN_POINT('',(-0.11715229621075,-0.00150000000000068,-0.210030975867189));
#9650=CARTESIAN_POINT('',(-0.1835,-0.00150000000000002,-0.28062132034356));
#9651=CARTESIAN_POINT('',(-0.115030975867189,-0.00150000000000001,-0.212152296210749));
#9652=CARTESIAN_POINT('',(-0.1835,-2.25514051876985E-17,-0.28062132034356));
#9653=CARTESIAN_POINT('',(-0.18456066017178,-2.25514051876985E-17,-0.27956066017178));
#9654=CARTESIAN_POINT('',(-0.1835,-2.25514051876985E-17,-0.28062132034356));
#9655=CARTESIAN_POINT('',(-0.1835,-0.00150000000000002,-0.28062132034356));
#9656=CARTESIAN_POINT('',(-0.1835,-0.00150000000000002,-0.28062132034356));
#9657=CARTESIAN_POINT('',(-0.1835,-0.00150000000000002,-0.28062132034356));
#9658=CARTESIAN_POINT('',(-0.1835,-0.00150000000000002,-0.28062132034356));
#9659=CARTESIAN_POINT('',(-0.185621320343561,-0.0015000000000001,-0.278500000000001));
#9660=CARTESIAN_POINT('',(-0.186191448736927,-0.00150000000000008,-0.279070128393368));
#9661=CARTESIAN_POINT('',(-0.1865,-0.00150000000000005,-0.279815037037366));
#9662=CARTESIAN_POINT('',(-0.1865,-0.00150000000000002,-0.280621320343559));
#9663=CARTESIAN_POINT('',(-0.185621320343561,0.0014999999999999,-0.278500000000001));
#9664=CARTESIAN_POINT('',(-0.186191448736927,0.00149999999999992,-0.279070128393368));
#9665=CARTESIAN_POINT('',(-0.1865,0.00149999999999995,-0.279815037037366));
#9666=CARTESIAN_POINT('',(-0.1865,0.00149999999999998,-0.280621320343559));
#9667=CARTESIAN_POINT('',(-0.1835,0.00149999999999998,-0.280621320343559));
#9668=CARTESIAN_POINT('',(-0.1835,0.00149999999999998,-0.280621320343559));
#9669=CARTESIAN_POINT('',(-0.1835,0.00149999999999998,-0.28062132034356));
#9670=CARTESIAN_POINT('',(-0.1835,0.00149999999999998,-0.280621320343559));
#9671=CARTESIAN_POINT('',(-0.1835,-2.25472184010746E-17,-0.28062132034356));
#9672=CARTESIAN_POINT('',(-0.1835,0.00149999999999998,-0.61937867965644));
#9673=CARTESIAN_POINT('',(-0.1835,0.00149999999999998,-0.28062132034356));
#9674=CARTESIAN_POINT('',(-0.1865,0.00150000000000003,-0.61937867965644));
#9675=CARTESIAN_POINT('',(-0.1865,0.00150000000000003,-0.28062132034356));
#9676=CARTESIAN_POINT('',(-0.1865,-0.00150000000000008,-0.61937867965644));
#9677=CARTESIAN_POINT('',(-0.1865,-0.00150000000000008,-0.28062132034356));
#9678=CARTESIAN_POINT('',(-0.1835,-0.00150000000000002,-0.61937867965644));
#9679=CARTESIAN_POINT('',(-0.1835,-0.00150000000000002,-0.28062132034356));
#9680=CARTESIAN_POINT('',(-0.1835,-2.25514051876985E-17,-0.61937867965644));
#9681=CARTESIAN_POINT('',(-0.185,-2.25514051876985E-17,-0.61937867965644));
#9682=CARTESIAN_POINT('',(-0.1835,-2.25514051876985E-17,-0.61937867965644));
#9683=CARTESIAN_POINT('',(-0.1835,-0.00150000000000002,-0.61937867965644));
#9684=CARTESIAN_POINT('',(-0.1835,-0.00150000000000002,-0.61937867965644));
#9685=CARTESIAN_POINT('',(-0.1835,-0.00150000000000002,-0.61937867965644));
#9686=CARTESIAN_POINT('',(-0.1835,-0.00150000000000002,-0.61937867965644));
#9687=CARTESIAN_POINT('',(-0.1865,-0.00150000000000002,-0.61937867965644));
#9688=CARTESIAN_POINT('',(-0.1865,-0.00150000000000002,-0.620184962962634));
#9689=CARTESIAN_POINT('',(-0.186191448736927,-0.00150000000000002,-0.620929871606632));
#9690=CARTESIAN_POINT('',(-0.18562132034356,-0.00150000000000002,-0.621499999999999));
#9691=CARTESIAN_POINT('',(-0.1865,0.00149999999999998,-0.61937867965644));
#9692=CARTESIAN_POINT('',(-0.1865,0.00149999999999998,-0.620184962962634));
#9693=CARTESIAN_POINT('',(-0.186191448736927,0.00149999999999998,-0.620929871606632));
#9694=CARTESIAN_POINT('',(-0.18562132034356,0.00149999999999998,-0.621499999999999));
#9695=CARTESIAN_POINT('',(-0.1835,0.00149999999999998,-0.61937867965644));
#9696=CARTESIAN_POINT('',(-0.1835,0.00149999999999998,-0.61937867965644));
#9697=CARTESIAN_POINT('',(-0.1835,0.00149999999999998,-0.61937867965644));
#9698=CARTESIAN_POINT('',(-0.1835,0.00149999999999998,-0.61937867965644));
#9699=CARTESIAN_POINT('',(-0.1835,-2.25472184010746E-17,-0.61937867965644));
#9700=CARTESIAN_POINT('',(-0.115030975867189,0.00149999999999999,-0.687847703789251));
#9701=CARTESIAN_POINT('',(-0.1835,0.00149999999999998,-0.61937867965644));
#9702=CARTESIAN_POINT('',(-0.11715229621075,0.00150000000000085,-0.689969024132811));
#9703=CARTESIAN_POINT('',(-0.185621320343561,0.00150000000000084,-0.621500000000001));
#9704=CARTESIAN_POINT('',(-0.11715229621075,-0.00150000000000088,-0.689969024132811));
#9705=CARTESIAN_POINT('',(-0.185621320343561,-0.00150000000000089,-0.621500000000001));
#9706=CARTESIAN_POINT('',(-0.115030975867189,-0.00150000000000001,-0.687847703789251));
#9707=CARTESIAN_POINT('',(-0.1835,-0.00150000000000002,-0.61937867965644));
#9708=CARTESIAN_POINT('',(-0.1165,-1.4326776761798E-17,-0.68637867965644));
#9709=CARTESIAN_POINT('',(-0.11756066017178,-1.43718165374835E-17,-0.68743933982822));
#9710=CARTESIAN_POINT('',(-0.1165,-1.42766959029284E-17,-0.68637867965644));
#9711=CARTESIAN_POINT('',(-0.117572365757992,0.00149999999999999,-0.687427503607866));
#9712=CARTESIAN_POINT('',(-0.117572365757992,-0.0015,-0.687427503607866));
#9713=CARTESIAN_POINT('',(-0.116465006151553,0.00149999999999999,-0.688559718906835));
#9714=CARTESIAN_POINT('',(-0.116465006151553,-0.0015,-0.688559718906835));
#9715=CARTESIAN_POINT('',(-0.115,0.00149999999999999,-0.687960553389418));
#9716=CARTESIAN_POINT('',(-0.115,-0.0015,-0.687960553389418));
#9717=CARTESIAN_POINT('',(-0.115,0.00149999999999999,-0.68637867965644));
#9718=CARTESIAN_POINT('',(-0.115,-0.0015,-0.68637867965644));
#9719=CARTESIAN_POINT('',(0.,0.,0.));
#9720=CARTESIAN_POINT('',(0.092,0.,0.237));
#9721=CARTESIAN_POINT('',(0.092,0.,0.54));
#9722=CARTESIAN_POINT('',(0.092,0.184,0.237));
#9723=CARTESIAN_POINT('',(0.092,0.184,0.54));
#9724=CARTESIAN_POINT('',(-0.092,0.184,0.237));
#9725=CARTESIAN_POINT('',(-0.092,0.184,0.54));
#9726=CARTESIAN_POINT('',(-0.092,1.12667505521556E-17,0.237));
#9727=CARTESIAN_POINT('',(-0.092,1.12667505521556E-17,0.54));
#9728=CARTESIAN_POINT('',(0.,0.,0.237));
#9729=CARTESIAN_POINT('',(0.092,0.,0.237));
#9730=CARTESIAN_POINT('',(-0.092,1.12667505521556E-17,0.237));
#9731=CARTESIAN_POINT('',(-0.092,1.12667505521556E-17,0.22185));
#9732=CARTESIAN_POINT('',(-0.092,1.12667505521556E-17,0.55515));
#9733=CARTESIAN_POINT('',(-0.092,1.12667505521556E-17,0.54));
#9734=CARTESIAN_POINT('',(0.,0.,0.54));
#9735=CARTESIAN_POINT('',(0.092,0.,0.54));
#9736=CARTESIAN_POINT('',(0.092,0.,0.22185));
#9737=CARTESIAN_POINT('',(0.092,0.,0.55515));
#9738=CARTESIAN_POINT('',(0.,0.,0.94));
#9739=CARTESIAN_POINT('',(0.,0.,0.94));
#9740=CARTESIAN_POINT('',(0.,0.,0.94));
#9741=CARTESIAN_POINT('',(0.,0.,0.94));
#9742=CARTESIAN_POINT('',(-0.02210756,0.,0.92787757));
#9743=CARTESIAN_POINT('',(-0.02210756,0.04421512,0.92787757));
#9744=CARTESIAN_POINT('',(0.02210756,0.04421512,0.92787757));
#9745=CARTESIAN_POINT('',(0.02210756,0.,0.92787757));
#9746=CARTESIAN_POINT('',(-0.08962642,0.,0.77549768));
#9747=CARTESIAN_POINT('',(-0.08962642,0.17925284,0.77549768));
#9748=CARTESIAN_POINT('',(0.08962642,0.17925284,0.77549768));
#9749=CARTESIAN_POINT('',(0.08962642,0.,0.77549768));
#9750=CARTESIAN_POINT('',(-0.095,0.,0.54));
#9751=CARTESIAN_POINT('',(-0.095,0.19,0.54));
#9752=CARTESIAN_POINT('',(0.095,0.19,0.54));
#9753=CARTESIAN_POINT('',(0.095,0.,0.54));
#9754=CARTESIAN_POINT('',(0.,0.,0.94));
#9755=CARTESIAN_POINT('',(-0.02210756,0.,0.92787757));
#9756=CARTESIAN_POINT('',(-0.08962642,0.,0.77549768));
#9757=CARTESIAN_POINT('',(-0.095,0.,0.54));
#9758=CARTESIAN_POINT('',(0.,0.,0.94));
#9759=CARTESIAN_POINT('',(-0.095,0.,0.54));
#9760=CARTESIAN_POINT('',(0.,0.,0.94));
#9761=CARTESIAN_POINT('',(0.02210756,0.,0.92787757));
#9762=CARTESIAN_POINT('',(0.08962642,0.,0.77549768));
#9763=CARTESIAN_POINT('',(0.095,0.,0.54));
#9764=CARTESIAN_POINT('',(0.095,0.,0.54));
#9765=CARTESIAN_POINT('',(0.,0.,0.54));
#9766=CARTESIAN_POINT('',(0.075,-4.59242549680257E-18,0.207));
#9767=CARTESIAN_POINT('',(0.075,-4.59242549680257E-18,0.237));
#9768=CARTESIAN_POINT('',(0.075,0.15,0.207));
#9769=CARTESIAN_POINT('',(0.075,0.15,0.237));
#9770=CARTESIAN_POINT('',(-0.075,0.15,0.207));
#9771=CARTESIAN_POINT('',(-0.075,0.15,0.237));
#9772=CARTESIAN_POINT('',(-0.075,4.59242549680258E-18,0.207));
#9773=CARTESIAN_POINT('',(-0.075,4.59242549680258E-18,0.237));
#9774=CARTESIAN_POINT('',(-4.59242549680257E-18,8.43614877747295E-34,0.222));
#9775=CARTESIAN_POINT('',(-0.075,4.59242549680258E-18,0.222));
#9776=CARTESIAN_POINT('',(-0.0534714721328774,0.0525908895907164,0.222));
#9777=CARTESIAN_POINT('',(-0.075,4.59242549680258E-18,0.2055));
#9778=CARTESIAN_POINT('',(-0.075,4.59242549680258E-18,0.2385));
#9779=CARTESIAN_POINT('',(-0.075,4.59242549680258E-18,0.237));
#9780=CARTESIAN_POINT('',(0.,-4.59242549680257E-18,0.237));
#9781=CARTESIAN_POINT('',(0.075,-4.59242549680257E-18,0.237));
#9782=CARTESIAN_POINT('',(0.075,-4.59242549680257E-18,0.2055));
#9783=CARTESIAN_POINT('',(0.075,-4.59242549680257E-18,0.2385));
#9784=CARTESIAN_POINT('',(0.075,-4.59242549680257E-18,0.222));
#9785=CARTESIAN_POINT('',(4.59242549680257E-18,-2.81204959249098E-34,0.222));
#9786=CARTESIAN_POINT('',(0.0534714721328774,0.0525908895907164,0.222));
#9787=CARTESIAN_POINT('',(0.0534714721328774,0.0525908895907164,0.207));
#9788=CARTESIAN_POINT('',(0.0534714721328774,0.0525908895907164,0.207));
#9789=CARTESIAN_POINT('',(0.,-4.59242549680257E-18,0.207));
#9790=CARTESIAN_POINT('',(0.0525908895907164,0.0534714721328773,0.207));
#9791=CARTESIAN_POINT('',(0.0525908895907164,0.0534714721328774,0.207));
#9792=CARTESIAN_POINT('',(0.0525908895907164,0.0534714721328774,0.222));
#9793=CARTESIAN_POINT('',(5.62409918498197E-34,4.59242549680257E-18,0.222));
#9794=CARTESIAN_POINT('',(-0.0525908895907164,0.0534714721328774,0.222));
#9795=CARTESIAN_POINT('',(-0.0525908895907164,0.0534714721328774,0.207));
#9796=CARTESIAN_POINT('',(-0.0525908895907164,0.0534714721328773,0.207));
#9797=CARTESIAN_POINT('',(0.,-4.59242549680257E-18,0.207));
#9798=CARTESIAN_POINT('',(-0.0534714721328774,0.0525908895907164,0.207));
#9799=CARTESIAN_POINT('',(-0.0534714721328774,0.0525908895907164,0.207));
#9800=CARTESIAN_POINT('',(-0.065,3.9801020972289E-18,0.207));
#9801=CARTESIAN_POINT('',(-0.065,3.9801020972289E-18,0.237));
#9802=CARTESIAN_POINT('',(-0.065,-0.13,0.207));
#9803=CARTESIAN_POINT('',(-0.065,-0.13,0.237));
#9804=CARTESIAN_POINT('',(0.065,-0.13,0.207));
#9805=CARTESIAN_POINT('',(0.065,-0.13,0.237));
#9806=CARTESIAN_POINT('',(0.065,-3.9801020972289E-18,0.207));
#9807=CARTESIAN_POINT('',(0.065,-3.9801020972289E-18,0.237));
#9808=CARTESIAN_POINT('',(0.,-3.9801020972289E-18,0.207));
#9809=CARTESIAN_POINT('',(-0.015,-0.0632455532033676,0.207));
#9810=CARTESIAN_POINT('',(-0.065,3.9801020972289E-18,0.207));
#9811=CARTESIAN_POINT('',(-0.065,3.9801020972289E-18,0.2055));
#9812=CARTESIAN_POINT('',(-0.065,3.9801020972289E-18,0.2385));
#9813=CARTESIAN_POINT('',(-0.065,3.9801020972289E-18,0.237));
#9814=CARTESIAN_POINT('',(0.,-3.9801020972289E-18,0.237));
#9815=CARTESIAN_POINT('',(0.065,-3.9801020972289E-18,0.237));
#9816=CARTESIAN_POINT('',(0.065,-3.9801020972289E-18,0.2055));
#9817=CARTESIAN_POINT('',(0.065,-3.9801020972289E-18,0.2385));
#9818=CARTESIAN_POINT('',(0.065,-3.9801020972289E-18,0.207));
#9819=CARTESIAN_POINT('',(0.,-3.9801020972289E-18,0.207));
#9820=CARTESIAN_POINT('',(0.015,-0.0632455532033676,0.207));
#9821=CARTESIAN_POINT('',(0.015,-0.0632455532033676,0.207));
#9822=CARTESIAN_POINT('',(0.015,-0.0632455532033676,0.221));
#9823=CARTESIAN_POINT('',(0.,-3.9801020972289E-18,0.221));
#9824=CARTESIAN_POINT('',(-0.015,-0.0632455532033676,0.221));
#9825=CARTESIAN_POINT('',(-0.015,-0.0632455532033676,0.207));
#9826=CARTESIAN_POINT('',(0.065,-3.9801020972289E-18,0.207));
#9827=CARTESIAN_POINT('',(0.065,-3.9801020972289E-18,0.237));
#9828=CARTESIAN_POINT('',(0.065,0.13,0.207));
#9829=CARTESIAN_POINT('',(0.065,0.13,0.237));
#9830=CARTESIAN_POINT('',(-0.065,0.13,0.207));
#9831=CARTESIAN_POINT('',(-0.065,0.13,0.237));
#9832=CARTESIAN_POINT('',(-0.065,3.9801020972289E-18,0.207));
#9833=CARTESIAN_POINT('',(-0.065,3.9801020972289E-18,0.237));
#9834=CARTESIAN_POINT('',(0.,-3.9801020972289E-18,0.207));
#9835=CARTESIAN_POINT('',(-0.015,0.0632455532033676,0.207));
#9836=CARTESIAN_POINT('',(-0.015,0.0632455532033676,0.207));
#9837=CARTESIAN_POINT('',(-0.015,0.0632455532033676,0.221));
#9838=CARTESIAN_POINT('',(0.,-3.9801020972289E-18,0.221));
#9839=CARTESIAN_POINT('',(0.015,0.0632455532033676,0.221));
#9840=CARTESIAN_POINT('',(0.015,0.0632455532033676,0.207));
#9841=CARTESIAN_POINT('',(0.015,0.0632455532033676,0.207));
#9842=CARTESIAN_POINT('',(0.,-3.9801020972289E-18,0.207));
#9843=CARTESIAN_POINT('',(0.,-3.9801020972289E-18,0.237));
#9844=CARTESIAN_POINT('',(-0.075,4.59242549680258E-18,0.207));
#9845=CARTESIAN_POINT('',(-0.075,4.59242549680258E-18,0.237));
#9846=CARTESIAN_POINT('',(-0.075,-0.15,0.207));
#9847=CARTESIAN_POINT('',(-0.075,-0.15,0.237));
#9848=CARTESIAN_POINT('',(0.075,-0.15,0.207));
#9849=CARTESIAN_POINT('',(0.075,-0.15,0.237));
#9850=CARTESIAN_POINT('',(0.075,-4.59242549680257E-18,0.207));
#9851=CARTESIAN_POINT('',(0.075,-4.59242549680257E-18,0.237));
#9852=CARTESIAN_POINT('',(-4.59242549680257E-18,8.43614877747295E-34,0.222));
#9853=CARTESIAN_POINT('',(-0.0534714721328774,-0.0525908895907164,0.222));
#9854=CARTESIAN_POINT('',(-0.0534714721328774,-0.0525908895907164,0.207));
#9855=CARTESIAN_POINT('',(-0.0534714721328774,-0.0525908895907164,0.207));
#9856=CARTESIAN_POINT('',(0.,-4.59242549680257E-18,0.207));
#9857=CARTESIAN_POINT('',(-0.0525908895907164,-0.0534714721328774,0.207));
#9858=CARTESIAN_POINT('',(-0.0525908895907164,-0.0534714721328774,0.207));
#9859=CARTESIAN_POINT('',(-0.0525908895907164,-0.0534714721328774,0.222));
#9860=CARTESIAN_POINT('',(0.,-4.59242549680257E-18,0.222));
#9861=CARTESIAN_POINT('',(0.0525908895907164,-0.0534714721328774,0.222));
#9862=CARTESIAN_POINT('',(0.0525908895907164,-0.0534714721328774,0.207));
#9863=CARTESIAN_POINT('',(0.0525908895907164,-0.0534714721328774,0.207));
#9864=CARTESIAN_POINT('',(0.,-4.59242549680257E-18,0.207));
#9865=CARTESIAN_POINT('',(0.0534714721328774,-0.0525908895907164,0.207));
#9866=CARTESIAN_POINT('',(0.0534714721328774,-0.0525908895907164,0.207));
#9867=CARTESIAN_POINT('',(0.0534714721328774,-0.0525908895907164,0.222));
#9868=CARTESIAN_POINT('',(4.59242549680257E-18,-2.81204959249098E-34,0.222));
#9869=CARTESIAN_POINT('',(0.,-4.59242549680257E-18,0.237));
#9870=CARTESIAN_POINT('',(-0.096143434939967,-0.0968829651149039,0.54));
#9871=CARTESIAN_POINT('',(-0.096143434939967,0.0964732729522068,0.54));
#9872=CARTESIAN_POINT('',(0.0967159249344664,-0.0968829651149039,0.54));
#9873=CARTESIAN_POINT('',(0.0967159249344664,0.0964732729522068,0.54));
#9874=CARTESIAN_POINT('',(0.,0.,0.54));
#9875=CARTESIAN_POINT('',(0.,0.,0.54));
#9876=CARTESIAN_POINT('',(0.,0.,0.94));
#9877=CARTESIAN_POINT('',(0.,0.,0.94));
#9878=CARTESIAN_POINT('',(0.,0.,0.94));
#9879=CARTESIAN_POINT('',(0.,0.,0.94));
#9880=CARTESIAN_POINT('',(0.02210756,0.,0.92787757));
#9881=CARTESIAN_POINT('',(0.02210756,-0.04421512,0.92787757));
#9882=CARTESIAN_POINT('',(-0.02210756,-0.04421512,0.92787757));
#9883=CARTESIAN_POINT('',(-0.02210756,0.,0.92787757));
#9884=CARTESIAN_POINT('',(0.08962642,0.,0.77549768));
#9885=CARTESIAN_POINT('',(0.08962642,-0.17925284,0.77549768));
#9886=CARTESIAN_POINT('',(-0.08962642,-0.17925284,0.77549768));
#9887=CARTESIAN_POINT('',(-0.08962642,0.,0.77549768));
#9888=CARTESIAN_POINT('',(0.095,0.,0.54));
#9889=CARTESIAN_POINT('',(0.095,-0.19,0.54));
#9890=CARTESIAN_POINT('',(-0.095,-0.19,0.54));
#9891=CARTESIAN_POINT('',(-0.095,0.,0.54));
#9892=CARTESIAN_POINT('',(0.0931073264681786,-0.0938235030586438,0.237));
#9893=CARTESIAN_POINT('',(0.0931073264681786,0.0934267485431897,0.237));
#9894=CARTESIAN_POINT('',(-0.0936617378312727,-0.0938235030586438,0.237));
#9895=CARTESIAN_POINT('',(-0.0936617378312727,0.0934267485431897,0.237));
#9896=CARTESIAN_POINT('',(0.,0.,0.237));
#9897=CARTESIAN_POINT('',(-0.092,1.12667505521556E-17,0.237));
#9898=CARTESIAN_POINT('',(-0.092,1.12667505521556E-17,0.54));
#9899=CARTESIAN_POINT('',(-0.092,-0.184,0.237));
#9900=CARTESIAN_POINT('',(-0.092,-0.184,0.54));
#9901=CARTESIAN_POINT('',(0.092,-0.184,0.237));
#9902=CARTESIAN_POINT('',(0.092,-0.184,0.54));
#9903=CARTESIAN_POINT('',(0.092,0.,0.237));
#9904=CARTESIAN_POINT('',(0.092,0.,0.54));
#9905=CARTESIAN_POINT('',(-0.097405,0.097405,0.207));
#9906=CARTESIAN_POINT('',(-0.097405,-0.097405,0.207));
#9907=CARTESIAN_POINT('',(0.097405,0.097405,0.207));
#9908=CARTESIAN_POINT('',(0.097405,-0.097405,0.207));
#9909=CARTESIAN_POINT('',(-0.015,0.,0.207));
#9910=CARTESIAN_POINT('',(-0.015,0.08,0.207));
#9911=CARTESIAN_POINT('',(-0.015,0.,0.207));
#9912=CARTESIAN_POINT('',(-0.015,-0.08,0.207));
#9913=CARTESIAN_POINT('',(1.38777878078145E-17,-0.08,0.207));
#9914=CARTESIAN_POINT('',(0.015,-0.08,0.207));
#9915=CARTESIAN_POINT('',(0.015,0.,0.207));
#9916=CARTESIAN_POINT('',(0.015,0.,0.207));
#9917=CARTESIAN_POINT('',(0.015,0.08,0.207));
#9918=CARTESIAN_POINT('',(-1.38777878078145E-17,0.08,0.207));
#9919=CARTESIAN_POINT('',(2.08166817117217E-17,-3.46944695195361E-17,0.207));
#9920=CARTESIAN_POINT('',(0.0397966996654349,-0.0779260719896697,0.207));
#9921=CARTESIAN_POINT('',(-0.0397966996654349,-0.0779260719896697,0.207));
#9922=CARTESIAN_POINT('',(-0.0841454233451462,-0.0855543554126038,0.207));
#9923=CARTESIAN_POINT('',(-0.0855543554126038,-0.0841454233451462,0.207));
#9924=CARTESIAN_POINT('',(-0.0779260719896697,-0.0397966996654349,0.207));
#9925=CARTESIAN_POINT('',(-3.46944695195361E-17,-2.08166817117217E-17,0.207));
#9926=CARTESIAN_POINT('',(-0.0779260719896697,0.0397966996654349,0.207));
#9927=CARTESIAN_POINT('',(-0.0855543554126037,0.0841454233451462,0.207));
#9928=CARTESIAN_POINT('',(-0.0841454233451462,0.0855543554126038,0.207));
#9929=CARTESIAN_POINT('',(-0.0397966996654349,0.0779260719896697,0.207));
#9930=CARTESIAN_POINT('',(-2.08166817117217E-17,3.46944695195361E-17,0.207));
#9931=CARTESIAN_POINT('',(0.0397966996654349,0.0779260719896697,0.207));
#9932=CARTESIAN_POINT('',(0.0841454233451462,0.0855543554126038,0.207));
#9933=CARTESIAN_POINT('',(0.0855543554126038,0.0841454233451462,0.207));
#9934=CARTESIAN_POINT('',(0.0779260719896697,0.0397966996654349,0.207));
#9935=CARTESIAN_POINT('',(3.46944695195361E-17,2.08166817117217E-17,0.207));
#9936=CARTESIAN_POINT('',(0.0779260719896697,-0.0397966996654349,0.207));
#9937=CARTESIAN_POINT('',(0.0855543554126038,-0.0841454233451462,0.207));
#9938=CARTESIAN_POINT('',(0.0841454233451462,-0.0855543554126038,0.207));
#9939=CARTESIAN_POINT('',(0.0661740539025296,-0.0662883445523027,0.237));
#9940=CARTESIAN_POINT('',(0.0661740539025296,0.0660080288620362,0.237));
#9941=CARTESIAN_POINT('',(-0.0657823502220827,-0.0662883445523027,0.237));
#9942=CARTESIAN_POINT('',(-0.0657823502220827,0.0660080288620362,0.237));
#9943=CARTESIAN_POINT('',(0.0536936805123615,-0.069088629115336,0.22275));
#9944=CARTESIAN_POINT('',(0.0536936805123615,-0.069088629115336,0.20625));
#9945=CARTESIAN_POINT('',(0.0208182121746156,-0.0946384904488757,0.22275));
#9946=CARTESIAN_POINT('',(0.0208182121746156,-0.0946384904488757,0.20625));
#9947=CARTESIAN_POINT('',(-0.0208182121746154,-0.0946384904488757,0.22275));
#9948=CARTESIAN_POINT('',(-0.0208182121746154,-0.0946384904488757,0.20625));
#9949=CARTESIAN_POINT('',(-0.0536936805123614,-0.0690886291153361,0.22275));
#9950=CARTESIAN_POINT('',(-0.0536936805123614,-0.0690886291153361,0.20625));
#9951=CARTESIAN_POINT('',(0.0397966996654349,-0.0779260719896697,0.2145));
#9952=CARTESIAN_POINT('',(0.0397966996654349,-0.0779260719896697,0.222));
#9953=CARTESIAN_POINT('',(2.08166817117217E-17,-3.46944695195361E-17,0.222));
#9954=CARTESIAN_POINT('',(-0.0397966996654349,-0.0779260719896697,0.222));
#9955=CARTESIAN_POINT('',(-0.0397966996654349,-0.0779260719896697,0.2145));
#9956=CARTESIAN_POINT('',(-0.0585441782923855,-0.0515454574555983,0.222));
#9957=CARTESIAN_POINT('',(-0.0585441782923855,-0.0894260146772792,0.222));
#9958=CARTESIAN_POINT('',(0.0585441782923855,-0.0515454574555983,0.222));
#9959=CARTESIAN_POINT('',(0.0585441782923855,-0.0894260146772792,0.222));
#9960=CARTESIAN_POINT('',(-0.0841454233451462,-0.0855543554126038,0.222));
#9961=CARTESIAN_POINT('',(0.0841454233451462,-0.0855543554126038,0.222));
#9962=CARTESIAN_POINT('',(0.0591615399801372,-0.0481270181842672,0.20625));
#9963=CARTESIAN_POINT('',(0.0591615399801372,-0.0481270181842672,0.22275));
#9964=CARTESIAN_POINT('',(0.0461311093136233,-0.0568252260739149,0.20625));
#9965=CARTESIAN_POINT('',(0.0461311093136233,-0.0568252260739149,0.22275));
#9966=CARTESIAN_POINT('',(0.0388684140222881,-0.0707070199403995,0.20625));
#9967=CARTESIAN_POINT('',(0.0388684140222881,-0.0707070199403995,0.22275));
#9968=CARTESIAN_POINT('',(0.0391528397126544,-0.086371312004614,0.20625));
#9969=CARTESIAN_POINT('',(0.0391528397126544,-0.086371312004614,0.22275));
#9970=CARTESIAN_POINT('',(-0.0391528397126544,-0.086371312004614,0.20625));
#9971=CARTESIAN_POINT('',(-0.0391528397126544,-0.086371312004614,0.22275));
#9972=CARTESIAN_POINT('',(-0.0388684140222881,-0.0707070199403995,0.20625));
#9973=CARTESIAN_POINT('',(-0.0388684140222881,-0.0707070199403995,0.22275));
#9974=CARTESIAN_POINT('',(-0.0461311093136233,-0.0568252260739149,0.20625));
#9975=CARTESIAN_POINT('',(-0.0461311093136233,-0.0568252260739149,0.22275));
#9976=CARTESIAN_POINT('',(-0.0591615399801372,-0.0481270181842672,0.20625));
#9977=CARTESIAN_POINT('',(-0.0591615399801372,-0.0481270181842672,0.22275));
#9978=CARTESIAN_POINT('',(0.0690886291153361,0.0536936805123614,0.22275));
#9979=CARTESIAN_POINT('',(0.0690886291153361,0.0536936805123614,0.20625));
#9980=CARTESIAN_POINT('',(0.0946384904488757,0.0208182121746155,0.22275));
#9981=CARTESIAN_POINT('',(0.0946384904488757,0.0208182121746155,0.20625));
#9982=CARTESIAN_POINT('',(0.0946384904488757,-0.0208182121746155,0.22275));
#9983=CARTESIAN_POINT('',(0.0946384904488757,-0.0208182121746155,0.20625));
#9984=CARTESIAN_POINT('',(0.0690886291153361,-0.0536936805123614,0.22275));
#9985=CARTESIAN_POINT('',(0.0690886291153361,-0.0536936805123614,0.20625));
#9986=CARTESIAN_POINT('',(0.0779260719896697,0.0397966996654349,0.2145));
#9987=CARTESIAN_POINT('',(0.0779260719896697,0.0397966996654349,0.222));
#9988=CARTESIAN_POINT('',(3.46944695195361E-17,2.08166817117217E-17,0.222));
#9989=CARTESIAN_POINT('',(0.0779260719896697,-0.0397966996654349,0.222));
#9990=CARTESIAN_POINT('',(0.0779260719896697,-0.0397966996654349,0.2145));
#9991=CARTESIAN_POINT('',(0.0515454574555983,-0.0585441782923855,0.222));
#9992=CARTESIAN_POINT('',(0.0894260146772792,-0.0585441782923855,0.222));
#9993=CARTESIAN_POINT('',(0.0515454574555983,0.0585441782923855,0.222));
#9994=CARTESIAN_POINT('',(0.0894260146772792,0.0585441782923855,0.222));
#9995=CARTESIAN_POINT('',(0.0855543554126038,-0.0841454233451462,0.222));
#9996=CARTESIAN_POINT('',(0.0855543554126038,0.0841454233451462,0.222));
#9997=CARTESIAN_POINT('',(0.0481270181842672,0.0591615399801372,0.20625));
#9998=CARTESIAN_POINT('',(0.0481270181842672,0.0591615399801372,0.22275));
#9999=CARTESIAN_POINT('',(0.0568252260739148,0.0461311093136234,0.20625));
#10000=CARTESIAN_POINT('',(0.0568252260739148,0.0461311093136234,0.22275));
#10001=CARTESIAN_POINT('',(0.0707070199403995,0.0388684140222881,0.20625));
#10002=CARTESIAN_POINT('',(0.0707070199403995,0.0388684140222881,0.22275));
#10003=CARTESIAN_POINT('',(0.086371312004614,0.0391528397126544,0.20625));
#10004=CARTESIAN_POINT('',(0.086371312004614,0.0391528397126544,0.22275));
#10005=CARTESIAN_POINT('',(0.086371312004614,-0.0391528397126544,0.20625));
#10006=CARTESIAN_POINT('',(0.086371312004614,-0.0391528397126544,0.22275));
#10007=CARTESIAN_POINT('',(0.0707070199403995,-0.0388684140222881,0.20625));
#10008=CARTESIAN_POINT('',(0.0707070199403995,-0.0388684140222881,0.22275));
#10009=CARTESIAN_POINT('',(0.0568252260739149,-0.0461311093136233,0.20625));
#10010=CARTESIAN_POINT('',(0.0568252260739149,-0.0461311093136233,0.22275));
#10011=CARTESIAN_POINT('',(0.0481270181842673,-0.0591615399801372,0.20625));
#10012=CARTESIAN_POINT('',(0.0481270181842673,-0.0591615399801372,0.22275));
#10013=CARTESIAN_POINT('',(-0.0536936805123615,0.0690886291153361,0.22275));
#10014=CARTESIAN_POINT('',(-0.0536936805123615,0.0690886291153361,0.20625));
#10015=CARTESIAN_POINT('',(-0.0208182121746155,0.0946384904488757,0.22275));
#10016=CARTESIAN_POINT('',(-0.0208182121746155,0.0946384904488757,0.20625));
#10017=CARTESIAN_POINT('',(0.0208182121746155,0.0946384904488757,0.22275));
#10018=CARTESIAN_POINT('',(0.0208182121746155,0.0946384904488757,0.20625));
#10019=CARTESIAN_POINT('',(0.0536936805123614,0.0690886291153361,0.22275));
#10020=CARTESIAN_POINT('',(0.0536936805123614,0.0690886291153361,0.20625));
#10021=CARTESIAN_POINT('',(-0.0397966996654349,0.0779260719896697,0.2145));
#10022=CARTESIAN_POINT('',(-0.0397966996654349,0.0779260719896697,0.222));
#10023=CARTESIAN_POINT('',(-2.08166817117217E-17,3.46944695195361E-17,0.222));
#10024=CARTESIAN_POINT('',(0.0397966996654349,0.0779260719896697,0.222));
#10025=CARTESIAN_POINT('',(0.0397966996654349,0.0779260719896697,0.2145));
#10026=CARTESIAN_POINT('',(0.0585441782923855,0.0515454574555982,0.222));
#10027=CARTESIAN_POINT('',(0.0585441782923855,0.0894260146772792,0.222));
#10028=CARTESIAN_POINT('',(-0.0585441782923855,0.0515454574555983,0.222));
#10029=CARTESIAN_POINT('',(-0.0585441782923855,0.0894260146772792,0.222));
#10030=CARTESIAN_POINT('',(0.0841454233451462,0.0855543554126038,0.222));
#10031=CARTESIAN_POINT('',(-0.0841454233451462,0.0855543554126038,0.222));
#10032=CARTESIAN_POINT('',(-0.0591615399801373,0.0481270181842672,0.20625));
#10033=CARTESIAN_POINT('',(-0.0591615399801373,0.0481270181842672,0.22275));
#10034=CARTESIAN_POINT('',(-0.0461311093136234,0.0568252260739148,0.20625));
#10035=CARTESIAN_POINT('',(-0.0461311093136234,0.0568252260739148,0.22275));
#10036=CARTESIAN_POINT('',(-0.0388684140222881,0.0707070199403995,0.20625));
#10037=CARTESIAN_POINT('',(-0.0388684140222881,0.0707070199403995,0.22275));
#10038=CARTESIAN_POINT('',(-0.0391528397126544,0.086371312004614,0.20625));
#10039=CARTESIAN_POINT('',(-0.0391528397126544,0.086371312004614,0.22275));
#10040=CARTESIAN_POINT('',(0.0391528397126544,0.086371312004614,0.20625));
#10041=CARTESIAN_POINT('',(0.0391528397126544,0.086371312004614,0.22275));
#10042=CARTESIAN_POINT('',(0.0388684140222881,0.0707070199403995,0.20625));
#10043=CARTESIAN_POINT('',(0.0388684140222881,0.0707070199403995,0.22275));
#10044=CARTESIAN_POINT('',(0.0461311093136234,0.0568252260739148,0.20625));
#10045=CARTESIAN_POINT('',(0.0461311093136234,0.0568252260739148,0.22275));
#10046=CARTESIAN_POINT('',(0.0591615399801373,0.0481270181842672,0.20625));
#10047=CARTESIAN_POINT('',(0.0591615399801373,0.0481270181842672,0.22275));
#10048=CARTESIAN_POINT('',(-0.0690886291153361,-0.0536936805123614,0.22275));
#10049=CARTESIAN_POINT('',(-0.0690886291153361,-0.0536936805123614,0.20625));
#10050=CARTESIAN_POINT('',(-0.0946384904488757,-0.0208182121746155,0.22275));
#10051=CARTESIAN_POINT('',(-0.0946384904488757,-0.0208182121746155,0.20625));
#10052=CARTESIAN_POINT('',(-0.0946384904488757,0.0208182121746155,0.22275));
#10053=CARTESIAN_POINT('',(-0.0946384904488757,0.0208182121746155,0.20625));
#10054=CARTESIAN_POINT('',(-0.0690886291153361,0.0536936805123614,0.22275));
#10055=CARTESIAN_POINT('',(-0.0690886291153361,0.0536936805123614,0.20625));
#10056=CARTESIAN_POINT('',(-0.0779260719896697,-0.0397966996654349,0.2145));
#10057=CARTESIAN_POINT('',(-0.0779260719896697,-0.0397966996654349,0.222));
#10058=CARTESIAN_POINT('',(-3.46944695195361E-17,-2.08166817117217E-17,
0.222));
#10059=CARTESIAN_POINT('',(-0.0779260719896697,0.0397966996654349,0.222));
#10060=CARTESIAN_POINT('',(-0.0779260719896697,0.0397966996654349,0.2145));
#10061=CARTESIAN_POINT('',(-0.0515454574555982,0.0585441782923855,0.222));
#10062=CARTESIAN_POINT('',(-0.0894260146772792,0.0585441782923855,0.222));
#10063=CARTESIAN_POINT('',(-0.0515454574555983,-0.0585441782923855,0.222));
#10064=CARTESIAN_POINT('',(-0.0894260146772792,-0.0585441782923855,0.222));
#10065=CARTESIAN_POINT('',(-0.0855543554126037,0.0841454233451462,0.222));
#10066=CARTESIAN_POINT('',(-0.0855543554126038,-0.0841454233451462,0.222));
#10067=CARTESIAN_POINT('',(-0.0481270181842672,-0.0591615399801372,0.20625));
#10068=CARTESIAN_POINT('',(-0.0481270181842672,-0.0591615399801372,0.22275));
#10069=CARTESIAN_POINT('',(-0.0568252260739149,-0.0461311093136233,0.20625));
#10070=CARTESIAN_POINT('',(-0.0568252260739149,-0.0461311093136233,0.22275));
#10071=CARTESIAN_POINT('',(-0.0707070199403995,-0.0388684140222881,0.20625));
#10072=CARTESIAN_POINT('',(-0.0707070199403995,-0.0388684140222881,0.22275));
#10073=CARTESIAN_POINT('',(-0.086371312004614,-0.0391528397126544,0.20625));
#10074=CARTESIAN_POINT('',(-0.086371312004614,-0.0391528397126544,0.22275));
#10075=CARTESIAN_POINT('',(-0.086371312004614,0.0391528397126544,0.20625));
#10076=CARTESIAN_POINT('',(-0.086371312004614,0.0391528397126544,0.22275));
#10077=CARTESIAN_POINT('',(-0.0707070199403995,0.0388684140222881,0.20625));
#10078=CARTESIAN_POINT('',(-0.0707070199403995,0.0388684140222881,0.22275));
#10079=CARTESIAN_POINT('',(-0.0568252260739148,0.0461311093136233,0.20625));
#10080=CARTESIAN_POINT('',(-0.0568252260739148,0.0461311093136233,0.22275));
#10081=CARTESIAN_POINT('',(-0.0481270181842672,0.0591615399801372,0.20625));
#10082=CARTESIAN_POINT('',(-0.0481270181842672,0.0591615399801372,0.22275));
#10083=CARTESIAN_POINT('',(-0.0165,-0.08,0.2063));
#10084=CARTESIAN_POINT('',(-0.0165,-0.08,0.2217));
#10085=CARTESIAN_POINT('',(0.0165,-0.08,0.2063));
#10086=CARTESIAN_POINT('',(0.0165,-0.08,0.2217));
#10087=CARTESIAN_POINT('',(-0.015,-0.08,0.215));
#10088=CARTESIAN_POINT('',(-0.015,-0.08,0.221));
#10089=CARTESIAN_POINT('',(1.38777878078145E-17,-0.08,0.221));
#10090=CARTESIAN_POINT('',(0.015,-0.08,0.221));
#10091=CARTESIAN_POINT('',(0.015,-0.08,0.215));
#10092=CARTESIAN_POINT('',(0.015,-0.088,0.2217));
#10093=CARTESIAN_POINT('',(0.015,0.088,0.2217));
#10094=CARTESIAN_POINT('',(0.015,-0.088,0.2063));
#10095=CARTESIAN_POINT('',(0.015,0.088,0.2063));
#10096=CARTESIAN_POINT('',(0.015,0.,0.221));
#10097=CARTESIAN_POINT('',(-0.015,-0.088,0.2217));
#10098=CARTESIAN_POINT('',(-0.015,0.088,0.2217));
#10099=CARTESIAN_POINT('',(-0.015,-0.088,0.2063));
#10100=CARTESIAN_POINT('',(-0.015,0.088,0.2063));
#10101=CARTESIAN_POINT('',(-0.015,0.,0.221));
#10102=CARTESIAN_POINT('',(-0.015,-0.088,0.2217));
#10103=CARTESIAN_POINT('',(-0.015,0.088,0.2217));
#10104=CARTESIAN_POINT('',(-0.015,-0.088,0.2063));
#10105=CARTESIAN_POINT('',(-0.015,0.088,0.2063));
#10106=CARTESIAN_POINT('',(-0.015,0.08,0.215));
#10107=CARTESIAN_POINT('',(-0.015,0.08,0.221));
#10108=CARTESIAN_POINT('',(-0.015,0.,0.221));
#10109=CARTESIAN_POINT('',(0.015,-0.088,0.2217));
#10110=CARTESIAN_POINT('',(0.015,0.088,0.2217));
#10111=CARTESIAN_POINT('',(0.015,-0.088,0.2063));
#10112=CARTESIAN_POINT('',(0.015,0.088,0.2063));
#10113=CARTESIAN_POINT('',(0.015,0.,0.221));
#10114=CARTESIAN_POINT('',(0.015,0.08,0.221));
#10115=CARTESIAN_POINT('',(0.015,0.08,0.215));
#10116=CARTESIAN_POINT('',(-0.0165,0.08,0.2063));
#10117=CARTESIAN_POINT('',(-0.0165,0.08,0.2217));
#10118=CARTESIAN_POINT('',(0.0165,0.08,0.2063));
#10119=CARTESIAN_POINT('',(0.0165,0.08,0.2217));
#10120=CARTESIAN_POINT('',(-1.38777878078145E-17,0.08,0.221));
#10121=CARTESIAN_POINT('',(-0.0165,0.088,0.221));
#10122=CARTESIAN_POINT('',(-0.0165,-0.088,0.221));
#10123=CARTESIAN_POINT('',(0.0165,0.088,0.221));
#10124=CARTESIAN_POINT('',(0.0165,-0.088,0.221));
#10125=CARTESIAN_POINT('',(-0.0165,0.088,0.221));
#10126=CARTESIAN_POINT('',(-0.0165,-0.088,0.221));
#10127=CARTESIAN_POINT('',(0.0165,0.088,0.221));
#10128=CARTESIAN_POINT('',(0.0165,-0.088,0.221));
#10129=CARTESIAN_POINT('',(-1.73472347597681E-18,0.,0.935071712485329));
#10130=CARTESIAN_POINT('',(-1.73472347597681E-18,3.46944695195361E-18,0.935071712485329));
#10131=CARTESIAN_POINT('',(1.73472347597681E-18,3.46944695195361E-18,0.935071712485329));
#10132=CARTESIAN_POINT('',(1.73472347597681E-18,0.,0.935071712485329));
#10133=CARTESIAN_POINT('',(0.000628237323689498,0.,0.934514006851596));
#10134=CARTESIAN_POINT('',(0.000628237323689498,-0.001256474647379,0.934514006851596));
#10135=CARTESIAN_POINT('',(-0.000628237323689498,-0.001256474647379,0.934514006851596));
#10136=CARTESIAN_POINT('',(-0.000628237323689498,0.,0.934514006851596));
#10137=CARTESIAN_POINT('',(0.0013291281162708,0.,0.933814883842809));
#10138=CARTESIAN_POINT('',(0.0013291281162708,-0.0026582562325416,0.933814883842809));
#10139=CARTESIAN_POINT('',(-0.0013291281162708,-0.0026582562325416,0.933814883842809));
#10140=CARTESIAN_POINT('',(-0.0013291281162708,0.,0.933814883842809));
#10141=CARTESIAN_POINT('',(0.00283460038584566,0.,0.932145474391137));
#10142=CARTESIAN_POINT('',(0.00283460038584566,-0.00566920077169132,0.932145474391137));
#10143=CARTESIAN_POINT('',(-0.00283460038584566,-0.00566920077169132,0.932145474391137));
#10144=CARTESIAN_POINT('',(-0.00283460038584566,0.,0.932145474391137));
#10145=CARTESIAN_POINT('',(0.00363973385712975,0.,0.931175339298911));
#10146=CARTESIAN_POINT('',(0.00363973385712975,-0.0072794677142595,0.93117533929891));
#10147=CARTESIAN_POINT('',(-0.00363973385712975,-0.0072794677142595,0.93117533929891));
#10148=CARTESIAN_POINT('',(-0.00363973385712975,0.,0.931175339298911));
#10149=CARTESIAN_POINT('',(0.00533252488508028,0.,0.928974910821926));
#10150=CARTESIAN_POINT('',(0.00533252488508028,-0.0106650497701606,0.928974910821926));
#10151=CARTESIAN_POINT('',(-0.00533252488508028,-0.0106650497701606,0.928974910821926));
#10152=CARTESIAN_POINT('',(-0.00533252488508028,0.,0.928974910821926));
#10153=CARTESIAN_POINT('',(0.00622040536757583,0.,0.927744604532691));
#10154=CARTESIAN_POINT('',(0.00622040536757583,-0.0124408107351517,0.927744604532691));
#10155=CARTESIAN_POINT('',(-0.00622040536757583,-0.0124408107351517,0.927744604532691));
#10156=CARTESIAN_POINT('',(-0.00622040536757583,0.,0.927744604532691));
#10157=CARTESIAN_POINT('',(0.00806513456650494,0.,0.925032078429336));
#10158=CARTESIAN_POINT('',(0.00806513456650494,-0.0161302691330099,0.925032078429336));
#10159=CARTESIAN_POINT('',(-0.00806513456650494,-0.0161302691330099,0.925032078429336));
#10160=CARTESIAN_POINT('',(-0.00806513456650494,0.,0.925032078429336));
#10161=CARTESIAN_POINT('',(0.00902207568005635,0.,0.923549833837158));
#10162=CARTESIAN_POINT('',(0.00902207568005635,-0.0180441513601127,0.923549833837158));
#10163=CARTESIAN_POINT('',(-0.00902207568005635,-0.0180441513601127,0.923549833837158));
#10164=CARTESIAN_POINT('',(-0.00902207568005635,0.,0.923549833837158));
#10165=CARTESIAN_POINT('',(0.0119812875447579,0.,0.918734892808388));
#10166=CARTESIAN_POINT('',(0.0119812875447579,-0.0239625750895158,0.918734892808388));
#10167=CARTESIAN_POINT('',(-0.0119812875447579,-0.0239625750895158,0.918734892808388));
#10168=CARTESIAN_POINT('',(-0.0119812875447579,0.,0.918734892808388));
#10169=CARTESIAN_POINT('',(0.0140715994273492,0.,0.915034289641488));
#10170=CARTESIAN_POINT('',(0.0140715994273492,-0.0281431988546984,0.915034289641488));
#10171=CARTESIAN_POINT('',(-0.0140715994273492,-0.0281431988546984,0.915034289641488));
#10172=CARTESIAN_POINT('',(-0.0140715994273492,0.,0.915034289641488));
#10173=CARTESIAN_POINT('',(0.018424467985618,0.,0.906691605061935));
#10174=CARTESIAN_POINT('',(0.018424467985618,-0.036848935971236,0.906691605061935));
#10175=CARTESIAN_POINT('',(-0.018424467985618,-0.036848935971236,0.906691605061935));
#10176=CARTESIAN_POINT('',(-0.018424467985618,0.,0.906691605061935));
#10177=CARTESIAN_POINT('',(0.02068736786296,0.,0.902049303522684));
#10178=CARTESIAN_POINT('',(0.02068736786296,-0.04137473572592,0.902049303522684));
#10179=CARTESIAN_POINT('',(-0.02068736786296,-0.04137473572592,0.902049303522684));
#10180=CARTESIAN_POINT('',(-0.02068736786296,0.,0.902049303522684));
#10181=CARTESIAN_POINT('',(0.0276555740243959,0.,0.886757697039382));
#10182=CARTESIAN_POINT('',(0.0276555740243959,-0.0553111480487919,0.886757697039381));
#10183=CARTESIAN_POINT('',(-0.0276555740243959,-0.0553111480487919,0.886757697039381));
#10184=CARTESIAN_POINT('',(-0.0276555740243959,0.,0.886757697039382));
#10185=CARTESIAN_POINT('',(0.0325400422222593,0.,0.874744196062299));
#10186=CARTESIAN_POINT('',(0.0325400422222593,-0.0650800844445187,0.874744196062299));
#10187=CARTESIAN_POINT('',(-0.0325400422222593,-0.0650800844445187,0.874744196062299));
#10188=CARTESIAN_POINT('',(-0.0325400422222593,0.,0.874744196062299));
#10189=CARTESIAN_POINT('',(0.0423944315429427,0.,0.84730208481387));
#10190=CARTESIAN_POINT('',(0.0423944315429427,-0.0847888630858853,0.84730208481387));
#10191=CARTESIAN_POINT('',(-0.0423944315429427,-0.0847888630858853,0.84730208481387));
#10192=CARTESIAN_POINT('',(-0.0423944315429427,0.,0.84730208481387));
#10193=CARTESIAN_POINT('',(0.0473649109570063,0.,0.831872880606382));
#10194=CARTESIAN_POINT('',(0.0473649109570063,-0.0947298219140125,0.831872880606382));
#10195=CARTESIAN_POINT('',(-0.0473649109570063,-0.0947298219140125,0.831872880606382));
#10196=CARTESIAN_POINT('',(-0.0473649109570063,0.,0.831872880606382));
#10197=CARTESIAN_POINT('',(0.0618359432799755,0.,0.780773079521991));
#10198=CARTESIAN_POINT('',(0.0618359432799755,-0.123671886559951,0.780773079521991));
#10199=CARTESIAN_POINT('',(-0.0618359432799755,-0.123671886559951,0.780773079521991));
#10200=CARTESIAN_POINT('',(-0.0618359432799755,0.,0.780773079521991));
#10201=CARTESIAN_POINT('',(0.0708958857711761,0.,0.740290739721951));
#10202=CARTESIAN_POINT('',(0.0708958857711761,-0.141791771542352,0.740290739721951));
#10203=CARTESIAN_POINT('',(-0.0708958857711761,-0.141791771542352,0.740290739721951));
#10204=CARTESIAN_POINT('',(-0.0708958857711761,0.,0.740290739721951));
#10205=CARTESIAN_POINT('',(0.0813490944628534,0.,0.67115654398416));
#10206=CARTESIAN_POINT('',(0.0813490944628534,-0.162698188925707,0.67115654398416));
#10207=CARTESIAN_POINT('',(-0.0813490944628534,-0.162698188925707,0.67115654398416));
#10208=CARTESIAN_POINT('',(-0.0813490944628534,0.,0.67115654398416));
#10209=CARTESIAN_POINT('',(0.0843108840701482,0.,0.646709769662945));
#10210=CARTESIAN_POINT('',(0.0843108840701482,-0.168621768140296,0.646709769662945));
#10211=CARTESIAN_POINT('',(-0.0843108840701482,-0.168621768140296,0.646709769662945));
#10212=CARTESIAN_POINT('',(-0.0843108840701482,0.,0.646709769662945));
#10213=CARTESIAN_POINT('',(0.0882515628767791,0.,0.601649499946531));
#10214=CARTESIAN_POINT('',(0.0882515628767791,-0.176503125753558,0.601649499946531));
#10215=CARTESIAN_POINT('',(-0.0882515628767791,-0.176503125753558,0.601649499946531));
#10216=CARTESIAN_POINT('',(-0.0882515628767791,0.,0.601649499946531));
#10217=CARTESIAN_POINT('',(0.0899574745945332,0.,0.575133089480016));
#10218=CARTESIAN_POINT('',(0.0899574745945332,-0.179914949189066,0.575133089480016));
#10219=CARTESIAN_POINT('',(-0.0899574745945332,-0.179914949189066,0.575133089480016));
#10220=CARTESIAN_POINT('',(-0.0899574745945332,0.,0.575133089480016));
#10221=CARTESIAN_POINT('',(0.0908262430354854,0.,0.547408652587142));
#10222=CARTESIAN_POINT('',(0.0908262430354853,-0.181652486070971,0.547408652587144));
#10223=CARTESIAN_POINT('',(-0.0908262430354853,-0.181652486070971,0.547408652587144));
#10224=CARTESIAN_POINT('',(-0.0908262430354854,0.,0.547408652587142));
#10225=CARTESIAN_POINT('',(0.0909902056108777,0.,0.540380457330307));
#10226=CARTESIAN_POINT('',(0.0909902056108777,-0.181980411221755,0.540380457330307));
#10227=CARTESIAN_POINT('',(-0.0909902056108777,-0.181980411221755,0.540380457330307));
#10228=CARTESIAN_POINT('',(-0.0909902056108777,0.,0.540380457330307));
#10229=CARTESIAN_POINT('',(0.0909945917975043,0.,0.540190658242961));
#10230=CARTESIAN_POINT('',(0.0909945917975043,-0.181989183595009,0.540190658242961));
#10231=CARTESIAN_POINT('',(-0.0909945917975043,-0.181989183595009,0.540190658242961));
#10232=CARTESIAN_POINT('',(-0.0909945917975043,0.,0.540190658242961));
#10233=CARTESIAN_POINT('',(0.0909989556154373,0.,0.540000000000337));
#10234=CARTESIAN_POINT('',(0.0909989556154373,-0.181997911230875,0.540000000000337));
#10235=CARTESIAN_POINT('',(-0.0909989556154373,-0.181997911230875,0.540000000000337));
#10236=CARTESIAN_POINT('',(-0.0909989556154373,0.,0.540000000000337));
#10237=CARTESIAN_POINT('',(1.73472347597681E-18,0.,0.935071712485329));
#10238=CARTESIAN_POINT('',(-0.000628237323689498,0.,0.934514006851596));
#10239=CARTESIAN_POINT('',(-0.0013291281162708,0.,0.933814883842809));
#10240=CARTESIAN_POINT('',(-0.00283460038584566,0.,0.932145474391137));
#10241=CARTESIAN_POINT('',(-0.00363973385712975,0.,0.931175339298911));
#10242=CARTESIAN_POINT('',(-0.00533252488508028,0.,0.928974910821926));
#10243=CARTESIAN_POINT('',(-0.00622040536757583,0.,0.927744604532691));
#10244=CARTESIAN_POINT('',(-0.00806513456650494,0.,0.925032078429336));
#10245=CARTESIAN_POINT('',(-0.00902207568005635,0.,0.923549833837158));
#10246=CARTESIAN_POINT('',(-0.0119812875447579,0.,0.918734892808388));
#10247=CARTESIAN_POINT('',(-0.0140715994273492,0.,0.915034289641488));
#10248=CARTESIAN_POINT('',(-0.018424467985618,0.,0.906691605061935));
#10249=CARTESIAN_POINT('',(-0.02068736786296,0.,0.902049303522684));
#10250=CARTESIAN_POINT('',(-0.0276555740243959,0.,0.886757697039382));
#10251=CARTESIAN_POINT('',(-0.0325400422222593,0.,0.874744196062299));
#10252=CARTESIAN_POINT('',(-0.0423944315429427,0.,0.84730208481387));
#10253=CARTESIAN_POINT('',(-0.0473649109570063,0.,0.831872880606382));
#10254=CARTESIAN_POINT('',(-0.0618359432799755,0.,0.780773079521991));
#10255=CARTESIAN_POINT('',(-0.0708958857711761,0.,0.740290739721951));
#10256=CARTESIAN_POINT('',(-0.0813490944628534,0.,0.67115654398416));
#10257=CARTESIAN_POINT('',(-0.0843108840701482,0.,0.646709769662945));
#10258=CARTESIAN_POINT('',(-0.0882515628767791,0.,0.601649499946531));
#10259=CARTESIAN_POINT('',(-0.0899574745945332,0.,0.575133089480016));
#10260=CARTESIAN_POINT('',(-0.0908262430354854,0.,0.547408652587142));
#10261=CARTESIAN_POINT('',(-0.0909909131305841,0.,0.540350129759322));
#10262=CARTESIAN_POINT('',(-0.0909959888565226,0.,0.540130158753511));
#10263=CARTESIAN_POINT('',(-0.0910010409134446,0.,0.539908751854505));
#10264=CARTESIAN_POINT('',(3.03576608295941E-18,0.,0.935071712485329));
#10265=CARTESIAN_POINT('',(-0.0909989556007317,0.,0.54));
#10266=CARTESIAN_POINT('',(-1.73472347597681E-18,0.,0.935071712485329));
#10267=CARTESIAN_POINT('',(0.000628237323689498,0.,0.934514006851596));
#10268=CARTESIAN_POINT('',(0.0013291281162708,0.,0.933814883842809));
#10269=CARTESIAN_POINT('',(0.00283460038584566,0.,0.932145474391137));
#10270=CARTESIAN_POINT('',(0.00363973385712975,0.,0.931175339298911));
#10271=CARTESIAN_POINT('',(0.00533252488508028,0.,0.928974910821926));
#10272=CARTESIAN_POINT('',(0.00622040536757583,0.,0.927744604532691));
#10273=CARTESIAN_POINT('',(0.00806513456650494,0.,0.925032078429336));
#10274=CARTESIAN_POINT('',(0.00902207568005635,0.,0.923549833837158));
#10275=CARTESIAN_POINT('',(0.0119812875447579,0.,0.918734892808388));
#10276=CARTESIAN_POINT('',(0.0140715994273492,0.,0.915034289641488));
#10277=CARTESIAN_POINT('',(0.018424467985618,0.,0.906691605061935));
#10278=CARTESIAN_POINT('',(0.02068736786296,0.,0.902049303522684));
#10279=CARTESIAN_POINT('',(0.0276555740243959,0.,0.886757697039382));
#10280=CARTESIAN_POINT('',(0.0325400422222593,0.,0.874744196062299));
#10281=CARTESIAN_POINT('',(0.0423944315429427,0.,0.84730208481387));
#10282=CARTESIAN_POINT('',(0.0473649109570063,0.,0.831872880606382));
#10283=CARTESIAN_POINT('',(0.0618359432799755,0.,0.780773079521991));
#10284=CARTESIAN_POINT('',(0.0708958857711761,0.,0.740290739721951));
#10285=CARTESIAN_POINT('',(0.0813490944628534,0.,0.67115654398416));
#10286=CARTESIAN_POINT('',(0.0843108840701482,0.,0.646709769662945));
#10287=CARTESIAN_POINT('',(0.0882515628767791,0.,0.601649499946531));
#10288=CARTESIAN_POINT('',(0.0899574745945332,0.,0.575133089480016));
#10289=CARTESIAN_POINT('',(0.0908262430354854,0.,0.547408652587142));
#10290=CARTESIAN_POINT('',(0.0909909131305841,0.,0.540350129759322));
#10291=CARTESIAN_POINT('',(0.0909959888565226,0.,0.540130158753511));
#10292=CARTESIAN_POINT('',(0.0910010409134446,0.,0.539908751854505));
#10293=CARTESIAN_POINT('',(0.0909989556007317,0.,0.54));
#10294=CARTESIAN_POINT('',(0.,0.,0.54));
#10295=CARTESIAN_POINT('',(-0.089,1.08993565124114E-17,0.24));
#10296=CARTESIAN_POINT('',(-0.089,1.08993565124114E-17,0.54));
#10297=CARTESIAN_POINT('',(-0.089,-0.178,0.24));
#10298=CARTESIAN_POINT('',(-0.089,-0.178,0.54));
#10299=CARTESIAN_POINT('',(0.089,-0.178,0.24));
#10300=CARTESIAN_POINT('',(0.089,-0.178,0.54));
#10301=CARTESIAN_POINT('',(0.089,0.,0.24));
#10302=CARTESIAN_POINT('',(0.089,0.,0.54));
#10303=CARTESIAN_POINT('',(0.,0.,0.24));
#10304=CARTESIAN_POINT('',(-0.089,1.08993565124114E-17,0.24));
#10305=CARTESIAN_POINT('',(0.089,0.,0.24));
#10306=CARTESIAN_POINT('',(-0.089,1.08993565124114E-17,0.225));
#10307=CARTESIAN_POINT('',(-0.089,1.08993565124114E-17,0.555));
#10308=CARTESIAN_POINT('',(-0.089,1.08993565124114E-17,0.54));
#10309=CARTESIAN_POINT('',(0.,0.,0.54));
#10310=CARTESIAN_POINT('',(0.089,0.,0.54));
#10311=CARTESIAN_POINT('',(0.089,0.,0.225));
#10312=CARTESIAN_POINT('',(0.089,0.,0.555));
#10313=CARTESIAN_POINT('',(0.0926426121999496,-0.0928026172732461,0.54));
#10314=CARTESIAN_POINT('',(0.0926426121999496,0.0924101798108962,0.54));
#10315=CARTESIAN_POINT('',(-0.0920942333410936,-0.0928026172732461,0.54));
#10316=CARTESIAN_POINT('',(-0.0920942333410936,0.0924101798108962,0.54));
#10317=CARTESIAN_POINT('',(0.,0.,0.54));
#10318=CARTESIAN_POINT('',(0.,0.,0.54));
#10319=CARTESIAN_POINT('',(0.0900712179963901,-0.0907640410023837,0.24));
#10320=CARTESIAN_POINT('',(0.0900712179963901,0.0903802241341727,0.24));
#10321=CARTESIAN_POINT('',(-0.0906075507280791,-0.0907640410023837,0.24));
#10322=CARTESIAN_POINT('',(-0.0906075507280791,0.0903802241341727,0.24));
#10323=CARTESIAN_POINT('',(0.,0.,0.24));
#10324=CARTESIAN_POINT('',(0.089,0.,0.24));
#10325=CARTESIAN_POINT('',(0.089,0.,0.54));
#10326=CARTESIAN_POINT('',(0.089,0.178,0.24));
#10327=CARTESIAN_POINT('',(0.089,0.178,0.54));
#10328=CARTESIAN_POINT('',(-0.089,0.178,0.24));
#10329=CARTESIAN_POINT('',(-0.089,0.178,0.54));
#10330=CARTESIAN_POINT('',(-0.089,1.08993565124114E-17,0.24));
#10331=CARTESIAN_POINT('',(-0.089,1.08993565124114E-17,0.54));
#10332=CARTESIAN_POINT('',(1.73472347597681E-18,0.,0.935071712485329));
#10333=CARTESIAN_POINT('',(1.73472347597681E-18,-3.46944695195361E-18,0.935071712485329));
#10334=CARTESIAN_POINT('',(-1.73472347597681E-18,-3.46944695195361E-18,
0.935071712485329));
#10335=CARTESIAN_POINT('',(-1.73472347597681E-18,0.,0.935071712485329));
#10336=CARTESIAN_POINT('',(-0.000628237323689498,0.,0.934514006851596));
#10337=CARTESIAN_POINT('',(-0.000628237323689498,0.001256474647379,0.934514006851596));
#10338=CARTESIAN_POINT('',(0.000628237323689498,0.001256474647379,0.934514006851596));
#10339=CARTESIAN_POINT('',(0.000628237323689498,0.,0.934514006851596));
#10340=CARTESIAN_POINT('',(-0.0013291281162708,0.,0.933814883842809));
#10341=CARTESIAN_POINT('',(-0.0013291281162708,0.0026582562325416,0.933814883842809));
#10342=CARTESIAN_POINT('',(0.0013291281162708,0.0026582562325416,0.933814883842809));
#10343=CARTESIAN_POINT('',(0.0013291281162708,0.,0.933814883842809));
#10344=CARTESIAN_POINT('',(-0.00283460038584566,0.,0.932145474391137));
#10345=CARTESIAN_POINT('',(-0.00283460038584566,0.00566920077169132,0.932145474391137));
#10346=CARTESIAN_POINT('',(0.00283460038584566,0.00566920077169132,0.932145474391137));
#10347=CARTESIAN_POINT('',(0.00283460038584566,0.,0.932145474391137));
#10348=CARTESIAN_POINT('',(-0.00363973385712975,0.,0.931175339298911));
#10349=CARTESIAN_POINT('',(-0.00363973385712975,0.0072794677142595,0.93117533929891));
#10350=CARTESIAN_POINT('',(0.00363973385712975,0.0072794677142595,0.93117533929891));
#10351=CARTESIAN_POINT('',(0.00363973385712975,0.,0.931175339298911));
#10352=CARTESIAN_POINT('',(-0.00533252488508028,0.,0.928974910821926));
#10353=CARTESIAN_POINT('',(-0.00533252488508028,0.0106650497701606,0.928974910821926));
#10354=CARTESIAN_POINT('',(0.00533252488508028,0.0106650497701606,0.928974910821926));
#10355=CARTESIAN_POINT('',(0.00533252488508028,0.,0.928974910821926));
#10356=CARTESIAN_POINT('',(-0.00622040536757583,0.,0.927744604532691));
#10357=CARTESIAN_POINT('',(-0.00622040536757583,0.0124408107351517,0.927744604532691));
#10358=CARTESIAN_POINT('',(0.00622040536757583,0.0124408107351517,0.927744604532691));
#10359=CARTESIAN_POINT('',(0.00622040536757583,0.,0.927744604532691));
#10360=CARTESIAN_POINT('',(-0.00806513456650494,0.,0.925032078429336));
#10361=CARTESIAN_POINT('',(-0.00806513456650494,0.0161302691330099,0.925032078429336));
#10362=CARTESIAN_POINT('',(0.00806513456650494,0.0161302691330099,0.925032078429336));
#10363=CARTESIAN_POINT('',(0.00806513456650494,0.,0.925032078429336));
#10364=CARTESIAN_POINT('',(-0.00902207568005635,0.,0.923549833837158));
#10365=CARTESIAN_POINT('',(-0.00902207568005635,0.0180441513601127,0.923549833837158));
#10366=CARTESIAN_POINT('',(0.00902207568005635,0.0180441513601127,0.923549833837158));
#10367=CARTESIAN_POINT('',(0.00902207568005635,0.,0.923549833837158));
#10368=CARTESIAN_POINT('',(-0.0119812875447579,0.,0.918734892808388));
#10369=CARTESIAN_POINT('',(-0.0119812875447579,0.0239625750895158,0.918734892808388));
#10370=CARTESIAN_POINT('',(0.0119812875447579,0.0239625750895158,0.918734892808388));
#10371=CARTESIAN_POINT('',(0.0119812875447579,0.,0.918734892808388));
#10372=CARTESIAN_POINT('',(-0.0140715994273492,0.,0.915034289641488));
#10373=CARTESIAN_POINT('',(-0.0140715994273492,0.0281431988546984,0.915034289641488));
#10374=CARTESIAN_POINT('',(0.0140715994273492,0.0281431988546984,0.915034289641488));
#10375=CARTESIAN_POINT('',(0.0140715994273492,0.,0.915034289641488));
#10376=CARTESIAN_POINT('',(-0.018424467985618,0.,0.906691605061935));
#10377=CARTESIAN_POINT('',(-0.018424467985618,0.036848935971236,0.906691605061935));
#10378=CARTESIAN_POINT('',(0.018424467985618,0.036848935971236,0.906691605061935));
#10379=CARTESIAN_POINT('',(0.018424467985618,0.,0.906691605061935));
#10380=CARTESIAN_POINT('',(-0.02068736786296,0.,0.902049303522684));
#10381=CARTESIAN_POINT('',(-0.02068736786296,0.04137473572592,0.902049303522684));
#10382=CARTESIAN_POINT('',(0.02068736786296,0.04137473572592,0.902049303522684));
#10383=CARTESIAN_POINT('',(0.02068736786296,0.,0.902049303522684));
#10384=CARTESIAN_POINT('',(-0.0276555740243959,0.,0.886757697039382));
#10385=CARTESIAN_POINT('',(-0.0276555740243959,0.0553111480487919,0.886757697039381));
#10386=CARTESIAN_POINT('',(0.0276555740243959,0.0553111480487919,0.886757697039381));
#10387=CARTESIAN_POINT('',(0.0276555740243959,0.,0.886757697039382));
#10388=CARTESIAN_POINT('',(-0.0325400422222593,0.,0.874744196062299));
#10389=CARTESIAN_POINT('',(-0.0325400422222593,0.0650800844445187,0.874744196062299));
#10390=CARTESIAN_POINT('',(0.0325400422222593,0.0650800844445187,0.874744196062299));
#10391=CARTESIAN_POINT('',(0.0325400422222593,0.,0.874744196062299));
#10392=CARTESIAN_POINT('',(-0.0423944315429427,0.,0.84730208481387));
#10393=CARTESIAN_POINT('',(-0.0423944315429427,0.0847888630858853,0.84730208481387));
#10394=CARTESIAN_POINT('',(0.0423944315429427,0.0847888630858853,0.84730208481387));
#10395=CARTESIAN_POINT('',(0.0423944315429427,0.,0.84730208481387));
#10396=CARTESIAN_POINT('',(-0.0473649109570063,0.,0.831872880606382));
#10397=CARTESIAN_POINT('',(-0.0473649109570063,0.0947298219140125,0.831872880606382));
#10398=CARTESIAN_POINT('',(0.0473649109570063,0.0947298219140125,0.831872880606382));
#10399=CARTESIAN_POINT('',(0.0473649109570063,0.,0.831872880606382));
#10400=CARTESIAN_POINT('',(-0.0618359432799755,0.,0.780773079521991));
#10401=CARTESIAN_POINT('',(-0.0618359432799755,0.123671886559951,0.780773079521991));
#10402=CARTESIAN_POINT('',(0.0618359432799755,0.123671886559951,0.780773079521991));
#10403=CARTESIAN_POINT('',(0.0618359432799755,0.,0.780773079521991));
#10404=CARTESIAN_POINT('',(-0.0708958857711761,0.,0.740290739721951));
#10405=CARTESIAN_POINT('',(-0.0708958857711761,0.141791771542352,0.740290739721951));
#10406=CARTESIAN_POINT('',(0.0708958857711761,0.141791771542352,0.740290739721951));
#10407=CARTESIAN_POINT('',(0.0708958857711761,0.,0.740290739721951));
#10408=CARTESIAN_POINT('',(-0.0813490944628534,0.,0.67115654398416));
#10409=CARTESIAN_POINT('',(-0.0813490944628534,0.162698188925707,0.67115654398416));
#10410=CARTESIAN_POINT('',(0.0813490944628534,0.162698188925707,0.67115654398416));
#10411=CARTESIAN_POINT('',(0.0813490944628534,0.,0.67115654398416));
#10412=CARTESIAN_POINT('',(-0.0843108840701482,0.,0.646709769662945));
#10413=CARTESIAN_POINT('',(-0.0843108840701482,0.168621768140296,0.646709769662945));
#10414=CARTESIAN_POINT('',(0.0843108840701482,0.168621768140296,0.646709769662945));
#10415=CARTESIAN_POINT('',(0.0843108840701482,0.,0.646709769662945));
#10416=CARTESIAN_POINT('',(-0.0882515628767791,0.,0.601649499946531));
#10417=CARTESIAN_POINT('',(-0.0882515628767791,0.176503125753558,0.601649499946531));
#10418=CARTESIAN_POINT('',(0.0882515628767791,0.176503125753558,0.601649499946531));
#10419=CARTESIAN_POINT('',(0.0882515628767791,0.,0.601649499946531));
#10420=CARTESIAN_POINT('',(-0.0899574745945332,0.,0.575133089480016));
#10421=CARTESIAN_POINT('',(-0.0899574745945332,0.179914949189066,0.575133089480016));
#10422=CARTESIAN_POINT('',(0.0899574745945332,0.179914949189066,0.575133089480016));
#10423=CARTESIAN_POINT('',(0.0899574745945332,0.,0.575133089480016));
#10424=CARTESIAN_POINT('',(-0.0908262430354854,0.,0.547408652587142));
#10425=CARTESIAN_POINT('',(-0.0908262430354853,0.181652486070971,0.547408652587144));
#10426=CARTESIAN_POINT('',(0.0908262430354853,0.181652486070971,0.547408652587144));
#10427=CARTESIAN_POINT('',(0.0908262430354854,0.,0.547408652587142));
#10428=CARTESIAN_POINT('',(-0.0909902056108777,0.,0.540380457330307));
#10429=CARTESIAN_POINT('',(-0.0909902056108777,0.181980411221755,0.540380457330307));
#10430=CARTESIAN_POINT('',(0.0909902056108777,0.181980411221755,0.540380457330307));
#10431=CARTESIAN_POINT('',(0.0909902056108777,0.,0.540380457330307));
#10432=CARTESIAN_POINT('',(-0.0909945917975043,0.,0.540190658242961));
#10433=CARTESIAN_POINT('',(-0.0909945917975043,0.181989183595009,0.540190658242961));
#10434=CARTESIAN_POINT('',(0.0909945917975043,0.181989183595009,0.540190658242961));
#10435=CARTESIAN_POINT('',(0.0909945917975043,0.,0.540190658242961));
#10436=CARTESIAN_POINT('',(-0.0909989556154373,0.,0.540000000000337));
#10437=CARTESIAN_POINT('',(-0.0909989556154373,0.181997911230875,0.540000000000337));
#10438=CARTESIAN_POINT('',(0.0909989556154373,0.181997911230875,0.540000000000337));
#10439=CARTESIAN_POINT('',(0.0909989556154373,0.,0.540000000000337));
#10440=CARTESIAN_POINT('',(0.,0.,0.));
#10441=CARTESIAN_POINT('',(-0.0914138126514911,0.,0.1885));
#10442=CARTESIAN_POINT('',(-0.0914138126514911,-0.182827625302982,0.1885));
#10443=CARTESIAN_POINT('',(0.0914138126514911,-0.182827625302982,0.1885));
#10444=CARTESIAN_POINT('',(0.0914138126514911,0.,0.1885));
#10445=CARTESIAN_POINT('',(-0.0914138126514911,0.,0.1515));
#10446=CARTESIAN_POINT('',(-0.0914138126514911,-0.182827625302982,0.1515));
#10447=CARTESIAN_POINT('',(0.0914138126514911,-0.182827625302982,0.1515));
#10448=CARTESIAN_POINT('',(0.0914138126514911,0.,0.1515));
#10449=CARTESIAN_POINT('',(-0.0544138126514911,0.,0.1515));
#10450=CARTESIAN_POINT('',(-0.0544138126514911,-0.108827625302982,0.1515));
#10451=CARTESIAN_POINT('',(0.0544138126514911,-0.108827625302982,0.1515));
#10452=CARTESIAN_POINT('',(0.0544138126514911,0.,0.1515));
#10453=CARTESIAN_POINT('',(-0.0544138126514911,0.,0.1885));
#10454=CARTESIAN_POINT('',(-0.0544138126514911,-0.108827625302982,0.1885));
#10455=CARTESIAN_POINT('',(0.0544138126514911,-0.108827625302982,0.1885));
#10456=CARTESIAN_POINT('',(0.0544138126514911,0.,0.1885));
#10457=CARTESIAN_POINT('',(0.0914138126514911,0.,0.1885));
#10458=CARTESIAN_POINT('',(0.0914138126514911,0.182827625302982,0.1885));
#10459=CARTESIAN_POINT('',(-0.0914138126514911,0.182827625302982,0.1885));
#10460=CARTESIAN_POINT('',(-0.0914138126514911,0.,0.1885));
#10461=CARTESIAN_POINT('',(-0.0914138126514911,-0.182827625302982,0.1885));
#10462=CARTESIAN_POINT('',(0.0914138126514911,-0.182827625302982,0.1885));
#10463=CARTESIAN_POINT('',(0.0914138126514911,0.,0.1885));
#10464=CARTESIAN_POINT('',(-0.0914138126514911,0.,0.1885));
#10465=CARTESIAN_POINT('',(0.0914138126514911,0.,0.1885));
#10466=CARTESIAN_POINT('',(-0.0544138126514911,0.,0.1885));
#10467=CARTESIAN_POINT('',(-0.0544138126514911,0.,0.2255));
#10468=CARTESIAN_POINT('',(-0.0914138126514911,0.,0.2255));
#10469=CARTESIAN_POINT('',(-0.0914138126514911,0.,0.1885));
#10470=CARTESIAN_POINT('',(-0.0914138126514911,0.,0.1515));
#10471=CARTESIAN_POINT('',(-0.0544138126514911,0.,0.1515));
#10472=CARTESIAN_POINT('',(-0.0544138126514911,0.,0.1885));
#10473=CARTESIAN_POINT('',(-0.0544138126514911,0.,0.1885));
#10474=CARTESIAN_POINT('',(0.0544138126514911,0.,0.1885));
#10475=CARTESIAN_POINT('',(0.0544138126514911,0.108827625302982,0.1885));
#10476=CARTESIAN_POINT('',(-0.0544138126514911,0.108827625302982,0.1885));
#10477=CARTESIAN_POINT('',(-0.0544138126514911,0.,0.1885));
#10478=CARTESIAN_POINT('',(-0.0544138126514911,-0.108827625302982,0.1885));
#10479=CARTESIAN_POINT('',(0.0544138126514911,-0.108827625302982,0.1885));
#10480=CARTESIAN_POINT('',(0.0544138126514911,0.,0.1885));
#10481=CARTESIAN_POINT('',(0.0544138126514911,0.,0.1885));
#10482=CARTESIAN_POINT('',(0.0544138126514911,0.,0.1885));
#10483=CARTESIAN_POINT('',(0.0544138126514911,0.,0.2255));
#10484=CARTESIAN_POINT('',(0.0914138126514911,0.,0.2255));
#10485=CARTESIAN_POINT('',(0.0914138126514911,0.,0.1885));
#10486=CARTESIAN_POINT('',(0.0914138126514911,0.,0.1515));
#10487=CARTESIAN_POINT('',(0.0544138126514911,0.,0.1515));
#10488=CARTESIAN_POINT('',(0.0544138126514911,0.,0.1885));
#10489=CARTESIAN_POINT('',(-0.0544138126514911,0.,0.1885));
#10490=CARTESIAN_POINT('',(-0.0544138126514911,-0.108827625302982,0.1885));
#10491=CARTESIAN_POINT('',(0.0544138126514911,-0.108827625302982,0.1885));
#10492=CARTESIAN_POINT('',(0.0544138126514911,0.,0.1885));
#10493=CARTESIAN_POINT('',(-0.0544138126514911,0.,0.2255));
#10494=CARTESIAN_POINT('',(-0.0544138126514911,-0.108827625302982,0.2255));
#10495=CARTESIAN_POINT('',(0.0544138126514911,-0.108827625302982,0.2255));
#10496=CARTESIAN_POINT('',(0.0544138126514911,0.,0.2255));
#10497=CARTESIAN_POINT('',(-0.0914138126514911,0.,0.2255));
#10498=CARTESIAN_POINT('',(-0.0914138126514911,-0.182827625302982,0.2255));
#10499=CARTESIAN_POINT('',(0.0914138126514911,-0.182827625302982,0.2255));
#10500=CARTESIAN_POINT('',(0.0914138126514911,0.,0.2255));
#10501=CARTESIAN_POINT('',(-0.0914138126514911,0.,0.1885));
#10502=CARTESIAN_POINT('',(-0.0914138126514911,-0.182827625302982,0.1885));
#10503=CARTESIAN_POINT('',(0.0914138126514911,-0.182827625302982,0.1885));
#10504=CARTESIAN_POINT('',(0.0914138126514911,0.,0.1885));
#10505=CARTESIAN_POINT('',(-0.0544138126514911,0.,0.1885));
#10506=CARTESIAN_POINT('',(-0.0544138126514911,0.,0.2255));
#10507=CARTESIAN_POINT('',(-0.0914138126514911,0.,0.2255));
#10508=CARTESIAN_POINT('',(-0.0914138126514911,0.,0.1885));
#10509=CARTESIAN_POINT('',(-0.0914138126514911,0.,0.1515));
#10510=CARTESIAN_POINT('',(-0.0544138126514911,0.,0.1515));
#10511=CARTESIAN_POINT('',(-0.0544138126514911,0.,0.1885));
#10512=CARTESIAN_POINT('',(0.0544138126514911,0.,0.1885));
#10513=CARTESIAN_POINT('',(0.0544138126514911,0.,0.2255));
#10514=CARTESIAN_POINT('',(0.0914138126514911,0.,0.2255));
#10515=CARTESIAN_POINT('',(0.0914138126514911,0.,0.1885));
#10516=CARTESIAN_POINT('',(0.0914138126514911,0.,0.1515));
#10517=CARTESIAN_POINT('',(0.0544138126514911,0.,0.1515));
#10518=CARTESIAN_POINT('',(0.0544138126514911,0.,0.1885));
#10519=CARTESIAN_POINT('',(0.0544138126514911,0.,0.1885));
#10520=CARTESIAN_POINT('',(0.0544138126514911,0.108827625302982,0.1885));
#10521=CARTESIAN_POINT('',(-0.0544138126514911,0.108827625302982,0.1885));
#10522=CARTESIAN_POINT('',(-0.0544138126514911,0.,0.1885));
#10523=CARTESIAN_POINT('',(0.0544138126514911,0.,0.2255));
#10524=CARTESIAN_POINT('',(0.0544138126514911,0.108827625302982,0.2255));
#10525=CARTESIAN_POINT('',(-0.0544138126514911,0.108827625302982,0.2255));
#10526=CARTESIAN_POINT('',(-0.0544138126514911,0.,0.2255));
#10527=CARTESIAN_POINT('',(0.0914138126514911,0.,0.2255));
#10528=CARTESIAN_POINT('',(0.0914138126514911,0.182827625302982,0.2255));
#10529=CARTESIAN_POINT('',(-0.0914138126514911,0.182827625302982,0.2255));
#10530=CARTESIAN_POINT('',(-0.0914138126514911,0.,0.2255));
#10531=CARTESIAN_POINT('',(0.0914138126514911,0.,0.1885));
#10532=CARTESIAN_POINT('',(0.0914138126514911,0.182827625302982,0.1885));
#10533=CARTESIAN_POINT('',(-0.0914138126514911,0.182827625302982,0.1885));
#10534=CARTESIAN_POINT('',(-0.0914138126514911,0.,0.1885));
#10535=CARTESIAN_POINT('',(0.0544138126514911,0.,0.1885));
#10536=CARTESIAN_POINT('',(0.0544138126514911,0.108827625302982,0.1885));
#10537=CARTESIAN_POINT('',(-0.0544138126514911,0.108827625302982,0.1885));
#10538=CARTESIAN_POINT('',(-0.0544138126514911,0.,0.1885));
#10539=CARTESIAN_POINT('',(-0.0544138126514911,-0.108827625302982,0.1885));
#10540=CARTESIAN_POINT('',(0.0544138126514911,-0.108827625302982,0.1885));
#10541=CARTESIAN_POINT('',(0.0544138126514911,0.,0.1885));
#10542=CARTESIAN_POINT('',(0.0914138126514911,0.,0.1885));
#10543=CARTESIAN_POINT('',(0.0914138126514911,0.182827625302982,0.1885));
#10544=CARTESIAN_POINT('',(-0.0914138126514911,0.182827625302982,0.1885));
#10545=CARTESIAN_POINT('',(-0.0914138126514911,0.,0.1885));
#10546=CARTESIAN_POINT('',(-0.0914138126514911,-0.182827625302982,0.1885));
#10547=CARTESIAN_POINT('',(0.0914138126514911,-0.182827625302982,0.1885));
#10548=CARTESIAN_POINT('',(0.0914138126514911,0.,0.1885));
#10549=CARTESIAN_POINT('',(0.0914138126514911,0.,0.1885));
#10550=CARTESIAN_POINT('',(0.0914138126514911,0.182827625302982,0.1885));
#10551=CARTESIAN_POINT('',(-0.0914138126514911,0.182827625302982,0.1885));
#10552=CARTESIAN_POINT('',(-0.0914138126514911,0.,0.1885));
#10553=CARTESIAN_POINT('',(0.0914138126514911,0.,0.1515));
#10554=CARTESIAN_POINT('',(0.0914138126514911,0.182827625302982,0.1515));
#10555=CARTESIAN_POINT('',(-0.0914138126514911,0.182827625302982,0.1515));
#10556=CARTESIAN_POINT('',(-0.0914138126514911,0.,0.1515));
#10557=CARTESIAN_POINT('',(0.0544138126514911,0.,0.1515));
#10558=CARTESIAN_POINT('',(0.0544138126514911,0.108827625302982,0.1515));
#10559=CARTESIAN_POINT('',(-0.0544138126514911,0.108827625302982,0.1515));
#10560=CARTESIAN_POINT('',(-0.0544138126514911,0.,0.1515));
#10561=CARTESIAN_POINT('',(0.0544138126514911,0.,0.1885));
#10562=CARTESIAN_POINT('',(0.0544138126514911,0.108827625302982,0.1885));
#10563=CARTESIAN_POINT('',(-0.0544138126514911,0.108827625302982,0.1885));
#10564=CARTESIAN_POINT('',(-0.0544138126514911,0.,0.1885));
#10565=CARTESIAN_POINT('',(0.,0.,0.));
#10566=CARTESIAN_POINT('',(-0.049,6.00076931582203E-18,-0.75));
#10567=CARTESIAN_POINT('',(-0.049,6.00076931582203E-18,-0.744));
#10568=CARTESIAN_POINT('',(-0.049,-0.098,-0.75));
#10569=CARTESIAN_POINT('',(-0.049,-0.098,-0.744));
#10570=CARTESIAN_POINT('',(0.049,-0.098,-0.75));
#10571=CARTESIAN_POINT('',(0.049,-0.098,-0.744));
#10572=CARTESIAN_POINT('',(0.049,0.,-0.75));
#10573=CARTESIAN_POINT('',(0.049,0.,-0.744));
#10574=CARTESIAN_POINT('',(0.,0.,-0.75));
#10575=CARTESIAN_POINT('',(-0.049,6.00076931582203E-18,-0.75));
#10576=CARTESIAN_POINT('',(0.049,0.,-0.75));
#10577=CARTESIAN_POINT('',(-0.049,6.00076931582203E-18,-0.7503));
#10578=CARTESIAN_POINT('',(-0.049,6.00076931582203E-18,-0.7437));
#10579=CARTESIAN_POINT('',(-0.049,6.00076931582203E-18,-0.744));
#10580=CARTESIAN_POINT('',(0.,0.,-0.744));
#10581=CARTESIAN_POINT('',(0.049,0.,-0.744));
#10582=CARTESIAN_POINT('',(0.049,0.,-0.7503));
#10583=CARTESIAN_POINT('',(0.049,0.,-0.7437));
#10584=CARTESIAN_POINT('',(0.113,0.,-0.75));
#10585=CARTESIAN_POINT('',(0.113,0.,-0.744));
#10586=CARTESIAN_POINT('',(0.113,0.226,-0.75));
#10587=CARTESIAN_POINT('',(0.113,0.226,-0.744));
#10588=CARTESIAN_POINT('',(-0.113,0.226,-0.75));
#10589=CARTESIAN_POINT('',(-0.113,0.226,-0.744));
#10590=CARTESIAN_POINT('',(-0.113,1.38385088303651E-17,-0.75));
#10591=CARTESIAN_POINT('',(-0.113,1.38385088303651E-17,-0.744));
#10592=CARTESIAN_POINT('',(0.,0.,-0.75));
#10593=CARTESIAN_POINT('',(0.113,0.,-0.75));
#10594=CARTESIAN_POINT('',(-0.113,1.38385088303651E-17,-0.75));
#10595=CARTESIAN_POINT('',(-0.113,1.38385088303651E-17,-0.7503));
#10596=CARTESIAN_POINT('',(-0.113,1.38385088303651E-17,-0.7437));
#10597=CARTESIAN_POINT('',(-0.113,1.38385088303651E-17,-0.744));
#10598=CARTESIAN_POINT('',(0.,0.,-0.744));
#10599=CARTESIAN_POINT('',(0.113,0.,-0.744));
#10600=CARTESIAN_POINT('',(0.113,0.,-0.7503));
#10601=CARTESIAN_POINT('',(0.113,0.,-0.7437));
#10602=CARTESIAN_POINT('',(-0.115041047553628,-0.115239737452465,-0.744));
#10603=CARTESIAN_POINT('',(-0.115041047553628,0.114752419406309,-0.744));
#10604=CARTESIAN_POINT('',(0.114360085770698,-0.115239737452465,-0.744));
#10605=CARTESIAN_POINT('',(0.114360085770698,0.114752419406309,-0.744));
#10606=CARTESIAN_POINT('',(0.,0.,-0.744));
#10607=CARTESIAN_POINT('',(0.,0.,-0.744));
#10608=CARTESIAN_POINT('',(-0.113,1.38385088303651E-17,-0.75));
#10609=CARTESIAN_POINT('',(-0.113,1.38385088303651E-17,-0.744));
#10610=CARTESIAN_POINT('',(-0.113,-0.226,-0.75));
#10611=CARTESIAN_POINT('',(-0.113,-0.226,-0.744));
#10612=CARTESIAN_POINT('',(0.113,-0.226,-0.75));
#10613=CARTESIAN_POINT('',(0.113,-0.226,-0.744));
#10614=CARTESIAN_POINT('',(0.113,0.,-0.75));
#10615=CARTESIAN_POINT('',(0.113,0.,-0.744));
#10616=CARTESIAN_POINT('',(0.,0.,-0.75));
#10617=CARTESIAN_POINT('',(0.114360085770698,-0.115239737452465,-0.75));
#10618=CARTESIAN_POINT('',(0.114360085770698,0.114752419406309,-0.75));
#10619=CARTESIAN_POINT('',(-0.115041047553628,-0.115239737452465,-0.75));
#10620=CARTESIAN_POINT('',(-0.115041047553628,0.114752419406309,-0.75));
#10621=CARTESIAN_POINT('',(0.,0.,-0.75));
#10622=CARTESIAN_POINT('',(0.049,0.,-0.75));
#10623=CARTESIAN_POINT('',(0.049,0.,-0.744));
#10624=CARTESIAN_POINT('',(0.049,0.098,-0.75));
#10625=CARTESIAN_POINT('',(0.049,0.098,-0.744));
#10626=CARTESIAN_POINT('',(-0.049,0.098,-0.75));
#10627=CARTESIAN_POINT('',(-0.049,0.098,-0.744));
#10628=CARTESIAN_POINT('',(-0.049,6.00076931582203E-18,-0.75));
#10629=CARTESIAN_POINT('',(-0.049,6.00076931582203E-18,-0.744));
#10630=CARTESIAN_POINT('',(0.,0.,0.));
#10631=CARTESIAN_POINT('',(0.113,0.,-0.42));
#10632=CARTESIAN_POINT('',(0.113,0.,-0.418));
#10633=CARTESIAN_POINT('',(0.113,0.226,-0.42));
#10634=CARTESIAN_POINT('',(0.113,0.226,-0.418));
#10635=CARTESIAN_POINT('',(-0.113,0.226,-0.42));
#10636=CARTESIAN_POINT('',(-0.113,0.226,-0.418));
#10637=CARTESIAN_POINT('',(-0.113,1.38385088303651E-17,-0.42));
#10638=CARTESIAN_POINT('',(-0.113,1.38385088303651E-17,-0.418));
#10639=CARTESIAN_POINT('',(0.,0.,-0.42));
#10640=CARTESIAN_POINT('',(0.113,0.,-0.42));
#10641=CARTESIAN_POINT('',(-0.113,1.38385088303651E-17,-0.42));
#10642=CARTESIAN_POINT('',(-0.113,1.38385088303651E-17,-0.4201));
#10643=CARTESIAN_POINT('',(-0.113,1.38385088303651E-17,-0.4179));
#10644=CARTESIAN_POINT('',(-0.113,1.38385088303651E-17,-0.418));
#10645=CARTESIAN_POINT('',(0.,0.,-0.418));
#10646=CARTESIAN_POINT('',(0.113,0.,-0.418));
#10647=CARTESIAN_POINT('',(0.113,0.,-0.4201));
#10648=CARTESIAN_POINT('',(0.113,0.,-0.4179));
#10649=CARTESIAN_POINT('',(-0.113,1.38385088303651E-17,-0.42));
#10650=CARTESIAN_POINT('',(-0.113,1.38385088303651E-17,-0.418));
#10651=CARTESIAN_POINT('',(-0.113,-0.226,-0.42));
#10652=CARTESIAN_POINT('',(-0.113,-0.226,-0.418));
#10653=CARTESIAN_POINT('',(0.113,-0.226,-0.42));
#10654=CARTESIAN_POINT('',(0.113,-0.226,-0.418));
#10655=CARTESIAN_POINT('',(0.113,0.,-0.42));
#10656=CARTESIAN_POINT('',(0.113,0.,-0.418));
#10657=CARTESIAN_POINT('',(0.,0.,-0.42));
#10658=CARTESIAN_POINT('',(0.,0.,-0.418));
#10659=CARTESIAN_POINT('',(0.114360085770698,-0.115239737452465,-0.42));
#10660=CARTESIAN_POINT('',(0.114360085770698,0.114752419406309,-0.42));
#10661=CARTESIAN_POINT('',(-0.115041047553628,-0.115239737452465,-0.42));
#10662=CARTESIAN_POINT('',(-0.115041047553628,0.114752419406309,-0.42));
#10663=CARTESIAN_POINT('',(0.114360085770698,-0.115239737452465,-0.418));
#10664=CARTESIAN_POINT('',(0.114360085770698,0.114752419406309,-0.418));
#10665=CARTESIAN_POINT('',(-0.115041047553628,-0.115239737452465,-0.418));
#10666=CARTESIAN_POINT('',(-0.115041047553628,0.114752419406309,-0.418));
#10667=CARTESIAN_POINT('',(0.,0.,0.));
#10668=CARTESIAN_POINT('',(-0.00375,-0.00649519052838329,0.185));
#10669=CARTESIAN_POINT('',(0.00375,-0.00649519052838329,0.185));
#10670=CARTESIAN_POINT('',(-0.00375,-0.00649519052838329,0.21));
#10671=CARTESIAN_POINT('',(0.00375,-0.00649519052838329,0.21));
#10672=CARTESIAN_POINT('',(8.67361737988404E-19,-0.00649519052838329,0.21));
#10673=CARTESIAN_POINT('',(-0.00375,-0.00649519052838329,0.21));
#10674=CARTESIAN_POINT('',(0.00375,-0.00649519052838329,0.21));
#10675=CARTESIAN_POINT('',(-0.00375,-0.00649519052838329,0.225));
#10676=CARTESIAN_POINT('',(-0.00375,-0.00649519052838329,0.185));
#10677=CARTESIAN_POINT('',(8.67361737988404E-19,-0.00649519052838329,0.185));
#10678=CARTESIAN_POINT('',(0.00375,-0.00649519052838329,0.185));
#10679=CARTESIAN_POINT('',(0.00375,-0.00649519052838329,0.225));
#10680=CARTESIAN_POINT('',(0.0076875,0.000324759526419169,0.183));
#10681=CARTESIAN_POINT('',(0.0076875,0.000324759526419169,0.227));
#10682=CARTESIAN_POINT('',(0.0035625,-0.00681995005480246,0.183));
#10683=CARTESIAN_POINT('',(0.0035625,-0.00681995005480246,0.227));
#10684=CARTESIAN_POINT('',(0.005625,-0.00324759526419164,0.21));
#10685=CARTESIAN_POINT('',(0.0075,3.46944695195361E-18,0.21));
#10686=CARTESIAN_POINT('',(0.005625,-0.00324759526419164,0.185));
#10687=CARTESIAN_POINT('',(0.0075,3.46944695195361E-18,0.185));
#10688=CARTESIAN_POINT('',(0.0075,3.46944695195361E-18,0.225));
#10689=CARTESIAN_POINT('',(0.0035625,0.00681995005480246,0.183));
#10690=CARTESIAN_POINT('',(0.0035625,0.00681995005480246,0.227));
#10691=CARTESIAN_POINT('',(0.0076875,-0.000324759526419163,0.183));
#10692=CARTESIAN_POINT('',(0.0076875,-0.000324759526419163,0.227));
#10693=CARTESIAN_POINT('',(0.005625,0.00324759526419165,0.21));
#10694=CARTESIAN_POINT('',(0.00375,0.00649519052838329,0.21));
#10695=CARTESIAN_POINT('',(0.005625,0.00324759526419165,0.185));
#10696=CARTESIAN_POINT('',(0.00375,0.00649519052838329,0.185));
#10697=CARTESIAN_POINT('',(0.00375,0.00649519052838329,0.225));
#10698=CARTESIAN_POINT('',(-0.004125,0.00649519052838329,0.183));
#10699=CARTESIAN_POINT('',(-0.004125,0.00649519052838329,0.227));
#10700=CARTESIAN_POINT('',(0.004125,0.00649519052838329,0.183));
#10701=CARTESIAN_POINT('',(0.004125,0.00649519052838329,0.227));
#10702=CARTESIAN_POINT('',(2.60208521396521E-18,0.00649519052838329,0.21));
#10703=CARTESIAN_POINT('',(-0.00375,0.00649519052838329,0.21));
#10704=CARTESIAN_POINT('',(2.60208521396521E-18,0.00649519052838329,0.185));
#10705=CARTESIAN_POINT('',(-0.00375,0.00649519052838329,0.185));
#10706=CARTESIAN_POINT('',(-0.00375,0.00649519052838329,0.225));
#10707=CARTESIAN_POINT('',(-0.0076875,-0.000324759526419161,0.183));
#10708=CARTESIAN_POINT('',(-0.0076875,-0.000324759526419161,0.227));
#10709=CARTESIAN_POINT('',(-0.0035625,0.00681995005480246,0.183));
#10710=CARTESIAN_POINT('',(-0.0035625,0.00681995005480246,0.227));
#10711=CARTESIAN_POINT('',(-0.005625,0.00324759526419164,0.21));
#10712=CARTESIAN_POINT('',(-0.0075,6.93889390390723E-18,0.21));
#10713=CARTESIAN_POINT('',(-0.005625,0.00324759526419164,0.185));
#10714=CARTESIAN_POINT('',(-0.0075,6.93889390390723E-18,0.185));
#10715=CARTESIAN_POINT('',(-0.0075,6.93889390390723E-18,0.225));
#10716=CARTESIAN_POINT('',(-0.0035625,-0.00681995005480246,0.183));
#10717=CARTESIAN_POINT('',(-0.0035625,-0.00681995005480246,0.227));
#10718=CARTESIAN_POINT('',(-0.0076875,0.000324759526419173,0.183));
#10719=CARTESIAN_POINT('',(-0.0076875,0.000324759526419173,0.227));
#10720=CARTESIAN_POINT('',(-0.005625,-0.00324759526419164,0.21));
#10721=CARTESIAN_POINT('',(-0.005625,-0.00324759526419164,0.185));
#10722=CARTESIAN_POINT('',(-0.033,-0.03,0.16925));
#10723=CARTESIAN_POINT('',(-0.033,-0.03,0.18575));
#10724=CARTESIAN_POINT('',(0.033,-0.03,0.16925));
#10725=CARTESIAN_POINT('',(0.033,-0.03,0.18575));
#10726=CARTESIAN_POINT('',(-1.21430643318376E-17,-0.03,0.17));
#10727=CARTESIAN_POINT('',(0.03,-0.03,0.17));
#10728=CARTESIAN_POINT('',(-0.03,-0.03,0.17));
#10729=CARTESIAN_POINT('',(0.03,-0.03,0.185));
#10730=CARTESIAN_POINT('',(0.03,-0.03,0.185));
#10731=CARTESIAN_POINT('',(-1.21430643318376E-17,-0.03,0.185));
#10732=CARTESIAN_POINT('',(-0.03,-0.03,0.185));
#10733=CARTESIAN_POINT('',(-0.03,-0.03,0.185));
#10734=CARTESIAN_POINT('',(0.03,0.033,0.16925));
#10735=CARTESIAN_POINT('',(0.03,0.033,0.18575));
#10736=CARTESIAN_POINT('',(0.03,-0.033,0.16925));
#10737=CARTESIAN_POINT('',(0.03,-0.033,0.18575));
#10738=CARTESIAN_POINT('',(0.03,6.93889390390723E-18,0.17));
#10739=CARTESIAN_POINT('',(0.03,0.03,0.17));
#10740=CARTESIAN_POINT('',(0.03,0.03,0.185));
#10741=CARTESIAN_POINT('',(0.03,0.03,0.185));
#10742=CARTESIAN_POINT('',(0.03,6.93889390390723E-18,0.185));
#10743=CARTESIAN_POINT('',(-0.033,0.03,0.18575));
#10744=CARTESIAN_POINT('',(0.033,0.03,0.18575));
#10745=CARTESIAN_POINT('',(-0.033,0.03,0.16925));
#10746=CARTESIAN_POINT('',(0.033,0.03,0.16925));
#10747=CARTESIAN_POINT('',(-1.04083408558608E-17,0.03,0.17));
#10748=CARTESIAN_POINT('',(-0.03,0.03,0.17));
#10749=CARTESIAN_POINT('',(-0.03,0.03,0.185));
#10750=CARTESIAN_POINT('',(-0.03,0.03,0.185));
#10751=CARTESIAN_POINT('',(-1.04083408558608E-17,0.03,0.185));
#10752=CARTESIAN_POINT('',(-0.03,0.033,0.16925));
#10753=CARTESIAN_POINT('',(-0.03,0.033,0.18575));
#10754=CARTESIAN_POINT('',(-0.03,-0.033,0.16925));
#10755=CARTESIAN_POINT('',(-0.03,-0.033,0.18575));
#10756=CARTESIAN_POINT('',(-0.03,-3.46944695195361E-18,0.17));
#10757=CARTESIAN_POINT('',(-0.03,-3.46944695195361E-18,0.185));
#10758=CARTESIAN_POINT('',(-0.033,-0.033,0.185));
#10759=CARTESIAN_POINT('',(-0.033,0.033,0.185));
#10760=CARTESIAN_POINT('',(0.033,-0.033,0.185));
#10761=CARTESIAN_POINT('',(0.033,0.033,0.185));
#10762=CARTESIAN_POINT('',(-0.033,-0.033,0.17));
#10763=CARTESIAN_POINT('',(-0.033,0.033,0.17));
#10764=CARTESIAN_POINT('',(0.033,-0.033,0.17));
#10765=CARTESIAN_POINT('',(0.033,0.033,0.17));
#10766=CARTESIAN_POINT('',(-0.0165,-0.088,0.22));
#10767=CARTESIAN_POINT('',(-0.0165,0.088,0.22));
#10768=CARTESIAN_POINT('',(0.0165,-0.088,0.22));
#10769=CARTESIAN_POINT('',(0.0165,0.088,0.22));
#10770=CARTESIAN_POINT('',(1.7347234759768E-18,0.08,0.22));
#10771=CARTESIAN_POINT('',(-0.015,0.08,0.22));
#10772=CARTESIAN_POINT('',(0.015,0.08,0.22));
#10773=CARTESIAN_POINT('',(-0.015,-0.08,0.22));
#10774=CARTESIAN_POINT('',(-0.015,-0.08,0.22));
#10775=CARTESIAN_POINT('',(1.7347234759768E-18,-0.08,0.22));
#10776=CARTESIAN_POINT('',(0.015,-0.08,0.22));
#10777=CARTESIAN_POINT('',(0.015,-0.08,0.22));
#10778=CARTESIAN_POINT('',(8.67361737988404E-19,-0.00649519052838329,0.22));
#10779=CARTESIAN_POINT('',(-0.00375,-0.00649519052838329,0.22));
#10780=CARTESIAN_POINT('',(0.00375,-0.00649519052838329,0.22));
#10781=CARTESIAN_POINT('',(-0.005625,-0.00324759526419164,0.22));
#10782=CARTESIAN_POINT('',(-0.0075,7.37257477290143E-18,0.22));
#10783=CARTESIAN_POINT('',(-0.005625,0.00324759526419164,0.22));
#10784=CARTESIAN_POINT('',(-0.00375,0.00649519052838329,0.22));
#10785=CARTESIAN_POINT('',(2.60208521396521E-18,0.00649519052838329,0.22));
#10786=CARTESIAN_POINT('',(0.00375,0.00649519052838329,0.22));
#10787=CARTESIAN_POINT('',(0.005625,0.00324759526419165,0.22));
#10788=CARTESIAN_POINT('',(0.0075,3.46944695195361E-18,0.22));
#10789=CARTESIAN_POINT('',(0.005625,-0.00324759526419164,0.22));
#10790=CARTESIAN_POINT('',(-0.0165,-0.088,0.21));
#10791=CARTESIAN_POINT('',(-0.0165,0.088,0.21));
#10792=CARTESIAN_POINT('',(0.0165,-0.088,0.21));
#10793=CARTESIAN_POINT('',(0.0165,0.088,0.21));
#10794=CARTESIAN_POINT('',(0.,0.08,0.21));
#10795=CARTESIAN_POINT('',(-0.015,0.08,0.21));
#10796=CARTESIAN_POINT('',(0.015,0.08,0.21));
#10797=CARTESIAN_POINT('',(0.015,-0.08,0.21));
#10798=CARTESIAN_POINT('',(0.015,-0.08,0.21));
#10799=CARTESIAN_POINT('',(0.,-0.08,0.21));
#10800=CARTESIAN_POINT('',(-0.015,-0.08,0.21));
#10801=CARTESIAN_POINT('',(-0.015,-0.08,0.21));
#10802=CARTESIAN_POINT('',(-0.015,-0.088,0.2205));
#10803=CARTESIAN_POINT('',(-0.015,0.088,0.2205));
#10804=CARTESIAN_POINT('',(-0.015,-0.088,0.2095));
#10805=CARTESIAN_POINT('',(-0.015,0.088,0.2095));
#10806=CARTESIAN_POINT('',(-0.015,0.08,0.215));
#10807=CARTESIAN_POINT('',(-0.015,-0.08,0.215));
#10808=CARTESIAN_POINT('',(0.015,-0.088,0.2205));
#10809=CARTESIAN_POINT('',(0.015,0.088,0.2205));
#10810=CARTESIAN_POINT('',(0.015,-0.088,0.2095));
#10811=CARTESIAN_POINT('',(0.015,0.088,0.2095));
#10812=CARTESIAN_POINT('',(0.015,0.08,0.215));
#10813=CARTESIAN_POINT('',(0.015,-0.08,0.215));
#10814=CARTESIAN_POINT('',(-0.0165,-0.08,0.2095));
#10815=CARTESIAN_POINT('',(-0.0165,-0.08,0.2205));
#10816=CARTESIAN_POINT('',(0.0165,-0.08,0.2095));
#10817=CARTESIAN_POINT('',(0.0165,-0.08,0.2205));
#10818=CARTESIAN_POINT('',(-0.0165,0.08,0.2095));
#10819=CARTESIAN_POINT('',(-0.0165,0.08,0.2205));
#10820=CARTESIAN_POINT('',(0.0165,0.08,0.2095));
#10821=CARTESIAN_POINT('',(0.0165,0.08,0.2205));
#10822=CARTESIAN_POINT('',(-0.00825,-0.00714470958122162,0.225));
#10823=CARTESIAN_POINT('',(-0.00825,0.00714470958122162,0.225));
#10824=CARTESIAN_POINT('',(0.00825,-0.00714470958122162,0.225));
#10825=CARTESIAN_POINT('',(0.00825,0.00714470958122162,0.225));
#10826=CARTESIAN_POINT('',(8.67361737988404E-19,-0.00649519052838329,0.225));
#10827=CARTESIAN_POINT('',(-0.00375,-0.00649519052838329,0.225));
#10828=CARTESIAN_POINT('',(0.00375,-0.00649519052838329,0.225));
#10829=CARTESIAN_POINT('',(0.005625,-0.00324759526419164,0.225));
#10830=CARTESIAN_POINT('',(0.0075,3.46944695195361E-18,0.225));
#10831=CARTESIAN_POINT('',(0.005625,0.00324759526419165,0.225));
#10832=CARTESIAN_POINT('',(0.00375,0.00649519052838329,0.225));
#10833=CARTESIAN_POINT('',(2.60208521396521E-18,0.00649519052838329,0.225));
#10834=CARTESIAN_POINT('',(-0.00375,0.00649519052838329,0.225));
#10835=CARTESIAN_POINT('',(-0.005625,0.00324759526419164,0.225));
#10836=CARTESIAN_POINT('',(-0.0075,6.93889390390723E-18,0.225));
#10837=CARTESIAN_POINT('',(-0.005625,-0.00324759526419164,0.225));
#10838=CARTESIAN_POINT('',(-0.0035625,-0.00681995005480246,0.183));
#10839=CARTESIAN_POINT('',(-0.0035625,-0.00681995005480246,0.227));
#10840=CARTESIAN_POINT('',(-0.0076875,0.000324759526419173,0.183));
#10841=CARTESIAN_POINT('',(-0.0076875,0.000324759526419173,0.227));
#10842=CARTESIAN_POINT('',(-0.0075,6.93889390390723E-18,0.225));
#10843=CARTESIAN_POINT('',(-0.00375,-0.00649519052838329,0.225));
#10844=CARTESIAN_POINT('',(-0.0076875,-0.000324759526419161,0.183));
#10845=CARTESIAN_POINT('',(-0.0076875,-0.000324759526419161,0.227));
#10846=CARTESIAN_POINT('',(-0.0035625,0.00681995005480246,0.183));
#10847=CARTESIAN_POINT('',(-0.0035625,0.00681995005480246,0.227));
#10848=CARTESIAN_POINT('',(-0.00375,0.00649519052838329,0.225));
#10849=CARTESIAN_POINT('',(-0.004125,0.00649519052838329,0.183));
#10850=CARTESIAN_POINT('',(-0.004125,0.00649519052838329,0.227));
#10851=CARTESIAN_POINT('',(0.004125,0.00649519052838329,0.183));
#10852=CARTESIAN_POINT('',(0.004125,0.00649519052838329,0.227));
#10853=CARTESIAN_POINT('',(0.00375,0.00649519052838329,0.225));
#10854=CARTESIAN_POINT('',(0.0035625,0.00681995005480246,0.183));
#10855=CARTESIAN_POINT('',(0.0035625,0.00681995005480246,0.227));
#10856=CARTESIAN_POINT('',(0.0076875,-0.000324759526419163,0.183));
#10857=CARTESIAN_POINT('',(0.0076875,-0.000324759526419163,0.227));
#10858=CARTESIAN_POINT('',(0.0075,3.46944695195361E-18,0.225));
#10859=CARTESIAN_POINT('',(0.0076875,0.000324759526419169,0.183));
#10860=CARTESIAN_POINT('',(0.0076875,0.000324759526419169,0.227));
#10861=CARTESIAN_POINT('',(0.0035625,-0.00681995005480246,0.183));
#10862=CARTESIAN_POINT('',(0.0035625,-0.00681995005480246,0.227));
#10863=CARTESIAN_POINT('',(0.00375,-0.00649519052838329,0.225));
#10864=CARTESIAN_POINT('',(-0.00375,-0.00649519052838329,0.22));
#10865=CARTESIAN_POINT('',(0.00375,-0.00649519052838329,0.22));
#10866=CARTESIAN_POINT('',(-0.00375,-0.00649519052838329,0.225));
#10867=CARTESIAN_POINT('',(0.00375,-0.00649519052838329,0.225));
#10868=CARTESIAN_POINT('',(0.,0.,0.));
#10869=CARTESIAN_POINT('',(0.0765571812682171,0.,0.269684532864643));
#10870=CARTESIAN_POINT('',(0.0765571812682171,0.153114362536434,0.269684532864643));
#10871=CARTESIAN_POINT('',(-0.0765571812682173,0.153114362536434,0.269684532864643));
#10872=CARTESIAN_POINT('',(-0.0765571812682173,0.,0.269684532864643));
#10873=CARTESIAN_POINT('',(-0.0765571812682173,-0.153114362536434,0.269684532864643));
#10874=CARTESIAN_POINT('',(0.0765571812682171,-0.153114362536434,0.269684532864643));
#10875=CARTESIAN_POINT('',(0.0765571812682171,0.,0.269684532864643));
#10876=CARTESIAN_POINT('',(0.0802051868887669,0.,0.250561017696788));
#10877=CARTESIAN_POINT('',(0.0802051868887669,0.160410373777534,0.250561017696788));
#10878=CARTESIAN_POINT('',(-0.0802051868887671,0.160410373777534,0.250561017696788));
#10879=CARTESIAN_POINT('',(-0.0802051868887671,0.,0.250561017696788));
#10880=CARTESIAN_POINT('',(-0.0802051868887671,-0.160410373777534,0.250561017696788));
#10881=CARTESIAN_POINT('',(0.0802051868887669,-0.160410373777534,0.250561017696788));
#10882=CARTESIAN_POINT('',(0.0802051868887669,0.,0.250561017696788));
#10883=CARTESIAN_POINT('',(0.0664389823032115,0.,0.236794813111233));
#10884=CARTESIAN_POINT('',(0.0664389823032115,0.132877964606423,0.236794813111233));
#10885=CARTESIAN_POINT('',(-0.0664389823032117,0.132877964606423,0.236794813111233));
#10886=CARTESIAN_POINT('',(-0.0664389823032117,0.,0.236794813111233));
#10887=CARTESIAN_POINT('',(-0.0664389823032117,-0.132877964606423,0.236794813111233));
#10888=CARTESIAN_POINT('',(0.0664389823032115,-0.132877964606423,0.236794813111233));
#10889=CARTESIAN_POINT('',(0.0664389823032115,0.,0.236794813111233));
#10890=CARTESIAN_POINT('',(0.0473154671353568,0.,0.240442818731783));
#10891=CARTESIAN_POINT('',(0.0473154671353568,0.0946309342707138,0.240442818731783));
#10892=CARTESIAN_POINT('',(-0.0473154671353569,0.0946309342707138,0.240442818731783));
#10893=CARTESIAN_POINT('',(-0.047315467135357,0.,0.240442818731783));
#10894=CARTESIAN_POINT('',(-0.0473154671353569,-0.0946309342707138,0.240442818731783));
#10895=CARTESIAN_POINT('',(0.0473154671353568,-0.0946309342707138,0.240442818731783));
#10896=CARTESIAN_POINT('',(0.0473154671353568,0.,0.240442818731783));
#10897=CARTESIAN_POINT('',(-7.31597700143042E-17,0.,0.265));
#10898=CARTESIAN_POINT('',(-0.0770000000000001,9.42978035343462E-18,0.265));
#10899=CARTESIAN_POINT('',(0.0769999999999999,0.,0.265));
#10900=CARTESIAN_POINT('',(-0.0765571812682173,0.,0.269684532864643));
#10901=CARTESIAN_POINT('',(-0.0802051868887671,0.,0.250561017696788));
#10902=CARTESIAN_POINT('',(-0.0664389823032117,0.,0.236794813111233));
#10903=CARTESIAN_POINT('',(-0.047315467135357,0.,0.240442818731783));
#10904=CARTESIAN_POINT('',(-0.0520000000000001,0.,0.24));
#10905=CARTESIAN_POINT('',(-7.37487881600168E-17,0.,0.24));
#10906=CARTESIAN_POINT('',(0.0519999999999999,0.,0.24));
#10907=CARTESIAN_POINT('',(0.0765571812682171,0.,0.269684532864643));
#10908=CARTESIAN_POINT('',(0.0802051868887669,0.,0.250561017696788));
#10909=CARTESIAN_POINT('',(0.0664389823032115,0.,0.236794813111233));
#10910=CARTESIAN_POINT('',(0.0473154671353568,0.,0.240442818731783));
#10911=CARTESIAN_POINT('',(0.0769999999999999,0.,0.265));
#10912=CARTESIAN_POINT('',(0.0769999999999999,0.,0.615));
#10913=CARTESIAN_POINT('',(0.0769999999999999,0.154,0.265));
#10914=CARTESIAN_POINT('',(0.0769999999999999,0.154,0.615));
#10915=CARTESIAN_POINT('',(-0.0770000000000001,0.154,0.265));
#10916=CARTESIAN_POINT('',(-0.077,0.154,0.615));
#10917=CARTESIAN_POINT('',(-0.0770000000000001,9.42978035343462E-18,0.265));
#10918=CARTESIAN_POINT('',(-0.0770000000000001,9.42978035343462E-18,0.615));
#10919=CARTESIAN_POINT('',(-7.31597700143042E-17,0.,0.265));
#10920=CARTESIAN_POINT('',(-0.0770000000000001,9.42978035343462E-18,0.2475));
#10921=CARTESIAN_POINT('',(-0.0770000000000001,9.42978035343462E-18,0.6325));
#10922=CARTESIAN_POINT('',(-0.0770000000000001,0.,0.615));
#10923=CARTESIAN_POINT('',(-6.4913515974328E-17,0.,0.615));
#10924=CARTESIAN_POINT('',(0.0769999999999999,0.,0.615));
#10925=CARTESIAN_POINT('',(0.0769999999999999,0.,0.2475));
#10926=CARTESIAN_POINT('',(0.0769999999999999,0.,0.6325));
#10927=CARTESIAN_POINT('',(0.0473154671353568,0.,0.639557181268217));
#10928=CARTESIAN_POINT('',(0.0473154671353568,0.0946309342707138,0.639557181268217));
#10929=CARTESIAN_POINT('',(-0.047315467135357,0.0946309342707138,0.639557181268217));
#10930=CARTESIAN_POINT('',(-0.047315467135357,0.,0.639557181268217));
#10931=CARTESIAN_POINT('',(-0.047315467135357,-0.0946309342707138,0.639557181268217));
#10932=CARTESIAN_POINT('',(0.0473154671353568,-0.0946309342707138,0.639557181268217));
#10933=CARTESIAN_POINT('',(0.0473154671353568,0.,0.639557181268217));
#10934=CARTESIAN_POINT('',(0.0664389823032115,0.,0.643205186888767));
#10935=CARTESIAN_POINT('',(0.0664389823032115,0.132877964606423,0.643205186888767));
#10936=CARTESIAN_POINT('',(-0.0664389823032117,0.132877964606423,0.643205186888767));
#10937=CARTESIAN_POINT('',(-0.0664389823032117,0.,0.643205186888767));
#10938=CARTESIAN_POINT('',(-0.0664389823032117,-0.132877964606423,0.643205186888767));
#10939=CARTESIAN_POINT('',(0.0664389823032115,-0.132877964606423,0.643205186888767));
#10940=CARTESIAN_POINT('',(0.0664389823032115,0.,0.643205186888767));
#10941=CARTESIAN_POINT('',(0.0802051868887669,0.,0.629438982303212));
#10942=CARTESIAN_POINT('',(0.0802051868887669,0.160410373777534,0.629438982303212));
#10943=CARTESIAN_POINT('',(-0.0802051868887671,0.160410373777534,0.629438982303212));
#10944=CARTESIAN_POINT('',(-0.0802051868887671,0.,0.629438982303212));
#10945=CARTESIAN_POINT('',(-0.0802051868887671,-0.160410373777534,0.629438982303212));
#10946=CARTESIAN_POINT('',(0.0802051868887669,-0.160410373777534,0.629438982303212));
#10947=CARTESIAN_POINT('',(0.0802051868887669,0.,0.629438982303212));
#10948=CARTESIAN_POINT('',(0.0765571812682172,0.,0.610315467135357));
#10949=CARTESIAN_POINT('',(0.0765571812682172,0.153114362536434,0.610315467135357));
#10950=CARTESIAN_POINT('',(-0.0765571812682173,0.153114362536434,0.610315467135357));
#10951=CARTESIAN_POINT('',(-0.0765571812682173,0.,0.610315467135357));
#10952=CARTESIAN_POINT('',(-0.0765571812682173,-0.153114362536434,0.610315467135357));
#10953=CARTESIAN_POINT('',(0.0765571812682172,-0.153114362536434,0.610315467135357));
#10954=CARTESIAN_POINT('',(0.0765571812682172,0.,0.610315467135357));
#10955=CARTESIAN_POINT('',(-6.43244978286155E-17,0.,0.64));
#10956=CARTESIAN_POINT('',(-0.0520000000000001,0.,0.64));
#10957=CARTESIAN_POINT('',(0.0519999999999999,0.,0.64));
#10958=CARTESIAN_POINT('',(-0.047315467135357,0.,0.639557181268217));
#10959=CARTESIAN_POINT('',(-0.0664389823032117,0.,0.643205186888767));
#10960=CARTESIAN_POINT('',(-0.0802051868887671,0.,0.629438982303212));
#10961=CARTESIAN_POINT('',(-0.0765571812682173,0.,0.610315467135357));
#10962=CARTESIAN_POINT('',(-6.4913515974328E-17,0.,0.615));
#10963=CARTESIAN_POINT('',(0.0473154671353568,0.,0.639557181268217));
#10964=CARTESIAN_POINT('',(0.0664389823032115,0.,0.643205186888767));
#10965=CARTESIAN_POINT('',(0.0802051868887669,0.,0.629438982303212));
#10966=CARTESIAN_POINT('',(0.0765571812682172,0.,0.610315467135357));
#10967=CARTESIAN_POINT('',(0.0473154671353568,0.,0.639557181268217));
#10968=CARTESIAN_POINT('',(0.0473154671353568,0.0946309342707138,0.639557181268217));
#10969=CARTESIAN_POINT('',(-0.047315467135357,0.0946309342707138,0.639557181268217));
#10970=CARTESIAN_POINT('',(-0.047315467135357,0.,0.639557181268217));
#10971=CARTESIAN_POINT('',(-0.047315467135357,-0.0946309342707138,0.639557181268217));
#10972=CARTESIAN_POINT('',(0.0473154671353568,-0.0946309342707138,0.639557181268217));
#10973=CARTESIAN_POINT('',(0.0473154671353568,0.,0.639557181268217));
#10974=CARTESIAN_POINT('',(0.0664389823032115,0.,0.643205186888767));
#10975=CARTESIAN_POINT('',(0.0664389823032115,0.132877964606423,0.643205186888767));
#10976=CARTESIAN_POINT('',(-0.0664389823032117,0.132877964606423,0.643205186888767));
#10977=CARTESIAN_POINT('',(-0.0664389823032117,0.,0.643205186888767));
#10978=CARTESIAN_POINT('',(-0.0664389823032117,-0.132877964606423,0.643205186888767));
#10979=CARTESIAN_POINT('',(0.0664389823032115,-0.132877964606423,0.643205186888767));
#10980=CARTESIAN_POINT('',(0.0664389823032115,0.,0.643205186888767));
#10981=CARTESIAN_POINT('',(0.0802051868887669,0.,0.629438982303212));
#10982=CARTESIAN_POINT('',(0.0802051868887669,0.160410373777534,0.629438982303212));
#10983=CARTESIAN_POINT('',(-0.0802051868887671,0.160410373777534,0.629438982303212));
#10984=CARTESIAN_POINT('',(-0.0802051868887671,0.,0.629438982303212));
#10985=CARTESIAN_POINT('',(-0.0802051868887671,-0.160410373777534,0.629438982303212));
#10986=CARTESIAN_POINT('',(0.0802051868887669,-0.160410373777534,0.629438982303212));
#10987=CARTESIAN_POINT('',(0.0802051868887669,0.,0.629438982303212));
#10988=CARTESIAN_POINT('',(0.0765571812682172,0.,0.610315467135357));
#10989=CARTESIAN_POINT('',(0.0765571812682172,0.153114362536434,0.610315467135357));
#10990=CARTESIAN_POINT('',(-0.0765571812682173,0.153114362536434,0.610315467135357));
#10991=CARTESIAN_POINT('',(-0.0765571812682173,0.,0.610315467135357));
#10992=CARTESIAN_POINT('',(-0.0765571812682173,-0.153114362536434,0.610315467135357));
#10993=CARTESIAN_POINT('',(0.0765571812682172,-0.153114362536434,0.610315467135357));
#10994=CARTESIAN_POINT('',(0.0765571812682172,0.,0.610315467135357));
#10995=CARTESIAN_POINT('',(-6.43244978286155E-17,0.,0.64));
#10996=CARTESIAN_POINT('',(-0.0770000000000001,9.42978035343462E-18,0.265));
#10997=CARTESIAN_POINT('',(-0.0770000000000001,9.42978035343462E-18,0.615));
#10998=CARTESIAN_POINT('',(-0.0770000000000001,-0.154,0.265));
#10999=CARTESIAN_POINT('',(-0.0770000000000001,-0.154,0.615));
#11000=CARTESIAN_POINT('',(0.0769999999999999,-0.154,0.265));
#11001=CARTESIAN_POINT('',(0.0769999999999999,-0.154,0.615));
#11002=CARTESIAN_POINT('',(0.0769999999999999,0.,0.265));
#11003=CARTESIAN_POINT('',(0.0769999999999999,0.,0.615));
#11004=CARTESIAN_POINT('',(0.0765571812682171,0.,0.269684532864643));
#11005=CARTESIAN_POINT('',(0.0765571812682171,0.153114362536434,0.269684532864643));
#11006=CARTESIAN_POINT('',(-0.0765571812682173,0.153114362536434,0.269684532864643));
#11007=CARTESIAN_POINT('',(-0.0765571812682173,0.,0.269684532864643));
#11008=CARTESIAN_POINT('',(-0.0765571812682173,-0.153114362536434,0.269684532864643));
#11009=CARTESIAN_POINT('',(0.0765571812682171,-0.153114362536434,0.269684532864643));
#11010=CARTESIAN_POINT('',(0.0765571812682171,0.,0.269684532864643));
#11011=CARTESIAN_POINT('',(0.0802051868887669,0.,0.250561017696788));
#11012=CARTESIAN_POINT('',(0.0802051868887669,0.160410373777534,0.250561017696788));
#11013=CARTESIAN_POINT('',(-0.0802051868887671,0.160410373777534,0.250561017696788));
#11014=CARTESIAN_POINT('',(-0.0802051868887671,0.,0.250561017696788));
#11015=CARTESIAN_POINT('',(-0.0802051868887671,-0.160410373777534,0.250561017696788));
#11016=CARTESIAN_POINT('',(0.0802051868887669,-0.160410373777534,0.250561017696788));
#11017=CARTESIAN_POINT('',(0.0802051868887669,0.,0.250561017696788));
#11018=CARTESIAN_POINT('',(0.0664389823032115,0.,0.236794813111233));
#11019=CARTESIAN_POINT('',(0.0664389823032115,0.132877964606423,0.236794813111233));
#11020=CARTESIAN_POINT('',(-0.0664389823032117,0.132877964606423,0.236794813111233));
#11021=CARTESIAN_POINT('',(-0.0664389823032117,0.,0.236794813111233));
#11022=CARTESIAN_POINT('',(-0.0664389823032117,-0.132877964606423,0.236794813111233));
#11023=CARTESIAN_POINT('',(0.0664389823032115,-0.132877964606423,0.236794813111233));
#11024=CARTESIAN_POINT('',(0.0664389823032115,0.,0.236794813111233));
#11025=CARTESIAN_POINT('',(0.0473154671353568,0.,0.240442818731783));
#11026=CARTESIAN_POINT('',(0.0473154671353568,0.0946309342707138,0.240442818731783));
#11027=CARTESIAN_POINT('',(-0.0473154671353569,0.0946309342707138,0.240442818731783));
#11028=CARTESIAN_POINT('',(-0.047315467135357,0.,0.240442818731783));
#11029=CARTESIAN_POINT('',(-0.0473154671353569,-0.0946309342707138,0.240442818731783));
#11030=CARTESIAN_POINT('',(0.0473154671353568,-0.0946309342707138,0.240442818731783));
#11031=CARTESIAN_POINT('',(0.0473154671353568,0.,0.240442818731783));
#11032=CARTESIAN_POINT('',(-7.37487881600168E-17,0.,0.24));
#11033=CARTESIAN_POINT('',(0.0526258801776661,-0.0530306756418421,0.24));
#11034=CARTESIAN_POINT('',(0.0526258801776661,0.052806423089629,0.24));
#11035=CARTESIAN_POINT('',(-0.0529392431220238,-0.0530306756418421,0.24));
#11036=CARTESIAN_POINT('',(-0.0529392431220238,0.052806423089629,0.24));
#11037=CARTESIAN_POINT('',(0.0526258801776661,-0.0530306756418421,0.64));
#11038=CARTESIAN_POINT('',(0.0526258801776661,0.052806423089629,0.64));
#11039=CARTESIAN_POINT('',(-0.0529392431220238,-0.0530306756418421,0.64));
#11040=CARTESIAN_POINT('',(-0.0529392431220238,0.052806423089629,0.64));
#11041=CARTESIAN_POINT('',(0.,0.,0.));
#11042=CARTESIAN_POINT('',(-0.03,0.,0.1825));
#11043=CARTESIAN_POINT('',(-0.03,-0.06,0.1825));
#11044=CARTESIAN_POINT('',(0.03,-0.06,0.1825));
#11045=CARTESIAN_POINT('',(0.03,0.,0.1825));
#11046=CARTESIAN_POINT('',(-0.03,0.,0.2075));
#11047=CARTESIAN_POINT('',(-0.03,-0.06,0.2075));
#11048=CARTESIAN_POINT('',(0.03,-0.06,0.2075));
#11049=CARTESIAN_POINT('',(0.03,0.,0.2075));
#11050=CARTESIAN_POINT('',(-0.055,0.,0.2075));
#11051=CARTESIAN_POINT('',(-0.055,-0.11,0.2075));
#11052=CARTESIAN_POINT('',(0.055,-0.11,0.2075));
#11053=CARTESIAN_POINT('',(0.055,0.,0.2075));
#11054=CARTESIAN_POINT('',(-0.055,0.,0.1825));
#11055=CARTESIAN_POINT('',(-0.055,-0.11,0.1825));
#11056=CARTESIAN_POINT('',(0.055,-0.11,0.1825));
#11057=CARTESIAN_POINT('',(0.055,0.,0.1825));
#11058=CARTESIAN_POINT('',(-0.055,0.,0.1575));
#11059=CARTESIAN_POINT('',(-0.055,-0.11,0.1575));
#11060=CARTESIAN_POINT('',(0.055,-0.11,0.1575));
#11061=CARTESIAN_POINT('',(0.055,0.,0.1575));
#11062=CARTESIAN_POINT('',(-0.03,0.,0.1575));
#11063=CARTESIAN_POINT('',(-0.03,-0.06,0.1575));
#11064=CARTESIAN_POINT('',(0.03,-0.06,0.1575));
#11065=CARTESIAN_POINT('',(0.03,0.,0.1575));
#11066=CARTESIAN_POINT('',(-0.03,0.,0.1825));
#11067=CARTESIAN_POINT('',(-0.03,-0.06,0.1825));
#11068=CARTESIAN_POINT('',(0.03,-0.06,0.1825));
#11069=CARTESIAN_POINT('',(0.03,0.,0.1825));
#11070=CARTESIAN_POINT('',(-0.03,3.46944695195361E-18,0.1825));
#11071=CARTESIAN_POINT('',(-0.03,-0.00129134011387618,0.183333556125732));
#11072=CARTESIAN_POINT('',(-0.03,-0.00259592775672096,0.184175671124132));
#11073=CARTESIAN_POINT('',(-0.03,-0.00390087930051024,0.185));
#11074=CARTESIAN_POINT('',(-0.03,3.46944695195361E-18,0.1825));
#11075=CARTESIAN_POINT('',(-0.03,-0.00390087930051025,0.185));
#11076=CARTESIAN_POINT('',(-0.03,0.,0.1825));
#11077=CARTESIAN_POINT('',(-0.03,0.,0.2075));
#11078=CARTESIAN_POINT('',(-0.055,0.,0.2075));
#11079=CARTESIAN_POINT('',(-0.055,0.,0.1825));
#11080=CARTESIAN_POINT('',(-0.055,0.,0.1575));
#11081=CARTESIAN_POINT('',(-0.03,0.,0.1575));
#11082=CARTESIAN_POINT('',(-0.03,0.,0.1825));
#11083=CARTESIAN_POINT('',(-0.03,7.98587945584041E-18,0.1825));
#11084=CARTESIAN_POINT('',(-0.03,-0.0023064766890677,0.181011176295119));
#11085=CARTESIAN_POINT('',(-0.03,-0.00692361915869594,0.17802894976437));
#11086=CARTESIAN_POINT('',(-0.03,-0.0141367528651035,0.173991723052285));
#11087=CARTESIAN_POINT('',(-0.03,-0.0217271036947218,0.170952211486652));
#11088=CARTESIAN_POINT('',(-0.03,-0.0272273262460881,0.170011759636078));
#11089=CARTESIAN_POINT('',(-0.03,-0.03,0.170000216639822));
#11090=CARTESIAN_POINT('',(-0.03,-0.03,0.170000216639822));
#11091=CARTESIAN_POINT('',(3.46944695195361E-18,-0.03,0.1825));
#11092=CARTESIAN_POINT('',(-0.00229095558349507,-0.03,0.1810211951219));
#11093=CARTESIAN_POINT('',(-0.00691495529640114,-0.03,0.178036272525645));
#11094=CARTESIAN_POINT('',(-0.0140432297997116,-0.03,0.174039679950805));
#11095=CARTESIAN_POINT('',(-0.020409257332972,-0.03,0.171471147380367));
#11096=CARTESIAN_POINT('',(-0.0258614213170381,-0.03,0.170244541314638));
#11097=CARTESIAN_POINT('',(-0.0286095690487665,-0.03,0.170006005182106));
#11098=CARTESIAN_POINT('',(-0.03,-0.03,0.170000216639822));
#11099=CARTESIAN_POINT('',(3.46944695195361E-18,-0.03,0.1825));
#11100=CARTESIAN_POINT('',(2.65229215496962E-18,-0.03,0.1825));
#11101=CARTESIAN_POINT('',(0.00230647668895364,-0.03,0.181011176294942));
#11102=CARTESIAN_POINT('',(0.00692361915874902,-0.03,0.178028949764452));
#11103=CARTESIAN_POINT('',(0.0141367528650891,-0.03,0.173991723052263));
#11104=CARTESIAN_POINT('',(0.0217271036947259,-0.03,0.170952211486658));
#11105=CARTESIAN_POINT('',(0.0272273262460881,-0.03,0.170011759636078));
#11106=CARTESIAN_POINT('',(0.03,-0.03,0.170000216639822));
#11107=CARTESIAN_POINT('',(0.03,-0.03,0.170000216639822));
#11108=CARTESIAN_POINT('',(0.03,-0.03,0.170000216639822));
#11109=CARTESIAN_POINT('',(0.03,-0.0272326411403013,0.170011737509492));
#11110=CARTESIAN_POINT('',(0.03,-0.0231962927259209,0.170691704827269));
#11111=CARTESIAN_POINT('',(0.03,-0.0179654550782171,0.17246037587259));
#11112=CARTESIAN_POINT('',(0.03,-0.0129413268193003,0.174658863348948));
#11113=CARTESIAN_POINT('',(0.03,-0.00812835619006563,0.177354747345221));
#11114=CARTESIAN_POINT('',(0.03,-0.00347046576498933,0.180259836608898));
#11115=CARTESIAN_POINT('',(0.03,-0.00114622538969323,0.181760114988331));
#11116=CARTESIAN_POINT('',(0.03,-5.6591332924694E-16,0.1825));
#11117=CARTESIAN_POINT('',(0.03,-3.46944695195361E-18,0.1825));
#11118=CARTESIAN_POINT('',(0.03,0.,0.1825));
#11119=CARTESIAN_POINT('',(0.03,0.,0.2075));
#11120=CARTESIAN_POINT('',(0.055,0.,0.2075));
#11121=CARTESIAN_POINT('',(0.055,0.,0.1825));
#11122=CARTESIAN_POINT('',(0.055,0.,0.1575));
#11123=CARTESIAN_POINT('',(0.03,0.,0.1575));
#11124=CARTESIAN_POINT('',(0.03,0.,0.1825));
#11125=CARTESIAN_POINT('',(0.03,-6.30808536718839E-18,0.1825));
#11126=CARTESIAN_POINT('',(0.03,-0.00129728333025434,0.183337392453989));
#11127=CARTESIAN_POINT('',(0.03,-0.00259531202784047,0.184175282172451));
#11128=CARTESIAN_POINT('',(0.03,-0.00390087930051035,0.185));
#11129=CARTESIAN_POINT('',(0.03,-0.00390087930051038,0.185));
#11130=CARTESIAN_POINT('',(0.,0.,0.185));
#11131=CARTESIAN_POINT('',(0.00390087930051032,-0.03,0.185));
#11132=CARTESIAN_POINT('',(0.00390087930051033,-0.03,0.185));
#11133=CARTESIAN_POINT('',(0.00259540150832866,-0.03,0.184175338696657));
#11134=CARTESIAN_POINT('',(0.00129222152223776,-0.03,0.183334125072197));
#11135=CARTESIAN_POINT('',(6.74176623618259E-18,-0.03,0.1825));
#11136=CARTESIAN_POINT('',(-6.22999081969943E-18,-0.03,0.1825));
#11137=CARTESIAN_POINT('',(-0.00129588356166655,-0.03,0.183336488907483));
#11138=CARTESIAN_POINT('',(-0.0025951233552226,-0.03,0.184175162989262));
#11139=CARTESIAN_POINT('',(-0.00390087930051031,-0.03,0.185));
#11140=CARTESIAN_POINT('',(-0.00390087930051031,-0.03,0.185));
#11141=CARTESIAN_POINT('',(0.,0.,0.185));
#11142=CARTESIAN_POINT('',(0.03,0.,0.1825));
#11143=CARTESIAN_POINT('',(0.03,0.06,0.1825));
#11144=CARTESIAN_POINT('',(-0.03,0.06,0.1825));
#11145=CARTESIAN_POINT('',(-0.03,0.,0.1825));
#11146=CARTESIAN_POINT('',(0.03,0.,0.2075));
#11147=CARTESIAN_POINT('',(0.03,0.06,0.2075));
#11148=CARTESIAN_POINT('',(-0.03,0.06,0.2075));
#11149=CARTESIAN_POINT('',(-0.03,0.,0.2075));
#11150=CARTESIAN_POINT('',(0.055,0.,0.2075));
#11151=CARTESIAN_POINT('',(0.055,0.11,0.2075));
#11152=CARTESIAN_POINT('',(-0.055,0.11,0.2075));
#11153=CARTESIAN_POINT('',(-0.055,0.,0.2075));
#11154=CARTESIAN_POINT('',(0.055,0.,0.1825));
#11155=CARTESIAN_POINT('',(0.055,0.11,0.1825));
#11156=CARTESIAN_POINT('',(-0.055,0.11,0.1825));
#11157=CARTESIAN_POINT('',(-0.055,0.,0.1825));
#11158=CARTESIAN_POINT('',(0.055,0.,0.1575));
#11159=CARTESIAN_POINT('',(0.055,0.11,0.1575));
#11160=CARTESIAN_POINT('',(-0.055,0.11,0.1575));
#11161=CARTESIAN_POINT('',(-0.055,0.,0.1575));
#11162=CARTESIAN_POINT('',(0.03,0.,0.1575));
#11163=CARTESIAN_POINT('',(0.03,0.06,0.1575));
#11164=CARTESIAN_POINT('',(-0.03,0.06,0.1575));
#11165=CARTESIAN_POINT('',(-0.03,0.,0.1575));
#11166=CARTESIAN_POINT('',(0.03,0.,0.1825));
#11167=CARTESIAN_POINT('',(0.03,0.06,0.1825));
#11168=CARTESIAN_POINT('',(-0.03,0.06,0.1825));
#11169=CARTESIAN_POINT('',(-0.03,0.,0.1825));
#11170=CARTESIAN_POINT('',(-0.03,1.10538581666161E-17,0.1825));
#11171=CARTESIAN_POINT('',(-0.03,0.00129588356158427,0.18333648890761));
#11172=CARTESIAN_POINT('',(-0.03,0.00259512335522254,0.184175162989262));
#11173=CARTESIAN_POINT('',(-0.03,0.00390087930051025,0.185));
#11174=CARTESIAN_POINT('',(-0.03,0.00390087930051025,0.185));
#11175=CARTESIAN_POINT('',(0.,0.,0.185));
#11176=CARTESIAN_POINT('',(-0.00390087930051029,0.03,0.185));
#11177=CARTESIAN_POINT('',(-0.00390087930051029,0.03,0.185));
#11178=CARTESIAN_POINT('',(-0.00259513612038845,0.03,0.184175171052929));
#11179=CARTESIAN_POINT('',(-0.00129756532469881,0.03,0.183337574480558));
#11180=CARTESIAN_POINT('',(-3.57753112808179E-18,0.03,0.1825));
#11181=CARTESIAN_POINT('',(0.,0.03,0.1825));
#11182=CARTESIAN_POINT('',(0.,0.03,0.1825));
#11183=CARTESIAN_POINT('',(0.00129134011397395,0.03,0.183333556125579));
#11184=CARTESIAN_POINT('',(0.00259592775672113,0.03,0.184175671124132));
#11185=CARTESIAN_POINT('',(0.00390087930051028,0.03,0.185));
#11186=CARTESIAN_POINT('',(0.00390087930051029,0.03,0.185));
#11187=CARTESIAN_POINT('',(0.,0.,0.185));
#11188=CARTESIAN_POINT('',(0.03,0.00390087930051037,0.185));
#11189=CARTESIAN_POINT('',(0.03,0.00390087930051037,0.185));
#11190=CARTESIAN_POINT('',(0.03,0.00259513612038852,0.184175171052929));
#11191=CARTESIAN_POINT('',(0.03,0.00129756532469751,0.18333757448056));
#11192=CARTESIAN_POINT('',(0.03,-1.21408938100879E-17,0.1825));
#11193=CARTESIAN_POINT('',(0.03,-3.46944695195361E-18,0.1825));
#11194=CARTESIAN_POINT('',(0.03,0.00229095558369831,0.181021195122217));
#11195=CARTESIAN_POINT('',(0.03,0.00691495529630552,0.178036272525498));
#11196=CARTESIAN_POINT('',(0.03,0.0140432297997371,0.174039679950846));
#11197=CARTESIAN_POINT('',(0.03,0.0204092573329542,0.171471147380366));
#11198=CARTESIAN_POINT('',(0.03,0.0258614213170363,0.170244541314639));
#11199=CARTESIAN_POINT('',(0.03,0.0286095690487664,0.170006005182106));
#11200=CARTESIAN_POINT('',(0.03,0.03,0.170000216639822));
#11201=CARTESIAN_POINT('',(0.03,0.03,0.170000216639822));
#11202=CARTESIAN_POINT('',(0.03,0.03,0.170000216639822));
#11203=CARTESIAN_POINT('',(0.0272326411403013,0.03,0.170011737509492));
#11204=CARTESIAN_POINT('',(0.0231962927259206,0.03,0.170691704827269));
#11205=CARTESIAN_POINT('',(0.0179654550782171,0.03,0.17246037587259));
#11206=CARTESIAN_POINT('',(0.0129413268192993,0.03,0.174658863348947));
#11207=CARTESIAN_POINT('',(0.00812835619007041,0.03,0.177354747345229));
#11208=CARTESIAN_POINT('',(0.00347046576498036,0.03,0.180259836608885));
#11209=CARTESIAN_POINT('',(0.00114622538971182,0.03,0.181760114988361));
#11210=CARTESIAN_POINT('',(3.31386209246454E-19,0.03,0.1825));
#11211=CARTESIAN_POINT('',(-4.33680868994201E-19,0.03,0.1825));
#11212=CARTESIAN_POINT('',(-0.00230953913598205,0.03,0.181009199494542));
#11213=CARTESIAN_POINT('',(-0.00692647791814878,0.03,0.178027002061057));
#11214=CARTESIAN_POINT('',(-0.0141449845479241,0.03,0.173987758101153));
#11215=CARTESIAN_POINT('',(-0.0217390549937401,0.03,0.170947232581218));
#11216=CARTESIAN_POINT('',(-0.02724490435488,0.03,0.170011686456158));
#11217=CARTESIAN_POINT('',(-0.03,0.03,0.170000216639822));
#11218=CARTESIAN_POINT('',(-0.03,0.03,0.170000216639822));
#11219=CARTESIAN_POINT('',(-0.03,0.03,0.170000216639822));
#11220=CARTESIAN_POINT('',(-0.03,0.027242494482532,0.170011696488765));
#11221=CARTESIAN_POINT('',(-0.03,0.0231893086869939,0.17069252705187));
#11222=CARTESIAN_POINT('',(-0.03,0.0179590551892775,0.172463146282882));
#11223=CARTESIAN_POINT('',(-0.03,0.0129444183818593,0.174657798862858));
#11224=CARTESIAN_POINT('',(-0.03,0.00693915983186244,0.178019737453843));
#11225=CARTESIAN_POINT('',(-0.03,0.00229792194779161,0.181016698354271));
#11226=CARTESIAN_POINT('',(-0.03,1.67164262230492E-17,0.1825));
#11227=CARTESIAN_POINT('',(-0.03,0.00374428457631331,0.185));
#11228=CARTESIAN_POINT('',(-0.03,0.03,0.185));
#11229=CARTESIAN_POINT('',(-0.00374428457631335,0.00374428457631331,0.185));
#11230=CARTESIAN_POINT('',(-0.00374428457631335,0.03,0.185));
#11231=CARTESIAN_POINT('',(-0.03,-3.46944695195361E-18,0.185));
#11232=CARTESIAN_POINT('',(-0.03,0.03,0.185));
#11233=CARTESIAN_POINT('',(-1.04083408558608E-17,0.03,0.185));
#11234=CARTESIAN_POINT('',(-0.03,0.03,0.16991021793966));
#11235=CARTESIAN_POINT('',(-0.03,0.03,0.185));
#11236=CARTESIAN_POINT('',(-0.03,-0.000179999999999989,0.16991021793966));
#11237=CARTESIAN_POINT('',(-0.03,-0.000179999999999989,0.185));
#11238=CARTESIAN_POINT('',(-0.03,0.03,0.185));
#11239=CARTESIAN_POINT('',(-0.033,0.03,0.185754489103017));
#11240=CARTESIAN_POINT('',(0.033,0.03,0.185754489103017));
#11241=CARTESIAN_POINT('',(-0.033,0.03,0.169155728836643));
#11242=CARTESIAN_POINT('',(0.033,0.03,0.169155728836643));
#11243=CARTESIAN_POINT('',(0.00374428457631334,0.00374428457631343,0.185));
#11244=CARTESIAN_POINT('',(0.00374428457631334,0.03,0.185));
#11245=CARTESIAN_POINT('',(0.03,0.00374428457631343,0.185));
#11246=CARTESIAN_POINT('',(0.03,0.03,0.185));
#11247=CARTESIAN_POINT('',(-1.04083408558608E-17,0.03,0.185));
#11248=CARTESIAN_POINT('',(0.03,0.03,0.185));
#11249=CARTESIAN_POINT('',(0.03,6.93889390390723E-18,0.185));
#11250=CARTESIAN_POINT('',(-0.033,0.03,0.185754489103017));
#11251=CARTESIAN_POINT('',(0.033,0.03,0.185754489103017));
#11252=CARTESIAN_POINT('',(-0.033,0.03,0.169155728836643));
#11253=CARTESIAN_POINT('',(0.033,0.03,0.169155728836643));
#11254=CARTESIAN_POINT('',(0.03,0.03,0.185));
#11255=CARTESIAN_POINT('',(0.03,0.03,0.16991021793966));
#11256=CARTESIAN_POINT('',(0.03,0.03,0.185));
#11257=CARTESIAN_POINT('',(0.03,-0.000180000000000014,0.16991021793966));
#11258=CARTESIAN_POINT('',(0.03,-0.000180000000000013,0.185));
#11259=CARTESIAN_POINT('',(0.00374428457631338,-0.03,0.185));
#11260=CARTESIAN_POINT('',(0.00374428457631338,-0.00374428457631344,0.185));
#11261=CARTESIAN_POINT('',(0.03,-0.03,0.185));
#11262=CARTESIAN_POINT('',(0.03,-0.00374428457631344,0.185));
#11263=CARTESIAN_POINT('',(0.03,6.93889390390723E-18,0.185));
#11264=CARTESIAN_POINT('',(0.03,-0.03,0.185));
#11265=CARTESIAN_POINT('',(-1.21430643318376E-17,-0.03,0.185));
#11266=CARTESIAN_POINT('',(0.03,0.000179999999999996,0.16991021793966));
#11267=CARTESIAN_POINT('',(0.03,0.000179999999999996,0.185));
#11268=CARTESIAN_POINT('',(0.03,-0.03,0.16991021793966));
#11269=CARTESIAN_POINT('',(0.03,-0.03,0.185));
#11270=CARTESIAN_POINT('',(0.03,-0.03,0.185));
#11271=CARTESIAN_POINT('',(-0.00018,-0.03,0.16991021793966));
#11272=CARTESIAN_POINT('',(-0.00018,-0.03,0.185));
#11273=CARTESIAN_POINT('',(0.03,-0.03,0.16991021793966));
#11274=CARTESIAN_POINT('',(0.03,-0.03,0.185));
#11275=CARTESIAN_POINT('',(-0.03,0.000180000000000007,0.16991021793966));
#11276=CARTESIAN_POINT('',(-0.03,0.000180000000000007,0.185));
#11277=CARTESIAN_POINT('',(-0.03,-0.03,0.16991021793966));
#11278=CARTESIAN_POINT('',(-0.03,-0.03,0.185));
#11279=CARTESIAN_POINT('',(-0.03,-3.46944695195361E-18,0.185));
#11280=CARTESIAN_POINT('',(-0.03,-0.03,0.185));
#11281=CARTESIAN_POINT('',(-0.03,-0.03,0.185));
#11282=CARTESIAN_POINT('',(-0.03,-0.03,0.185));
#11283=CARTESIAN_POINT('',(-0.03,-0.0037442845763133,0.185));
#11284=CARTESIAN_POINT('',(-0.00374428457631338,-0.03,0.185));
#11285=CARTESIAN_POINT('',(-0.00374428457631338,-0.0037442845763133,0.185));
#11286=CARTESIAN_POINT('',(-1.21430643318376E-17,-0.03,0.185));
#11287=CARTESIAN_POINT('',(-0.03,-0.03,0.16991021793966));
#11288=CARTESIAN_POINT('',(-0.03,-0.03,0.185));
#11289=CARTESIAN_POINT('',(0.00018,-0.03,0.16991021793966));
#11290=CARTESIAN_POINT('',(0.00018,-0.03,0.185));
#11291=MECHANICAL_DESIGN_GEOMETRIC_PRESENTATION_REPRESENTATION('',(#5715),
#11305);
#11292=MECHANICAL_DESIGN_GEOMETRIC_PRESENTATION_REPRESENTATION('',(#5716),
#11306);
#11293=MECHANICAL_DESIGN_GEOMETRIC_PRESENTATION_REPRESENTATION('',(#5717),
#11307);
#11294=MECHANICAL_DESIGN_GEOMETRIC_PRESENTATION_REPRESENTATION('',(#5718),
#11308);
#11295=MECHANICAL_DESIGN_GEOMETRIC_PRESENTATION_REPRESENTATION('',(#5719),
#11309);
#11296=MECHANICAL_DESIGN_GEOMETRIC_PRESENTATION_REPRESENTATION('',(#5720),
#11310);
#11297=MECHANICAL_DESIGN_GEOMETRIC_PRESENTATION_REPRESENTATION('',(#5721),
#11311);
#11298=MECHANICAL_DESIGN_GEOMETRIC_PRESENTATION_REPRESENTATION('',(#5722),
#11312);
#11299=MECHANICAL_DESIGN_GEOMETRIC_PRESENTATION_REPRESENTATION('',(#5723),
#11313);
#11300=MECHANICAL_DESIGN_GEOMETRIC_PRESENTATION_REPRESENTATION('',(#5724),
#11314);
#11301=MECHANICAL_DESIGN_GEOMETRIC_PRESENTATION_REPRESENTATION('',(#5725),
#11315);
#11302=MECHANICAL_DESIGN_GEOMETRIC_PRESENTATION_REPRESENTATION('',(#5726),
#11316);
#11303=MECHANICAL_DESIGN_GEOMETRIC_PRESENTATION_REPRESENTATION('',(#5727),
#11317);
#11304=MECHANICAL_DESIGN_GEOMETRIC_PRESENTATION_REPRESENTATION('',(#5728),
#11318);
#11305=(
GEOMETRIC_REPRESENTATION_CONTEXT(3)
GLOBAL_UNCERTAINTY_ASSIGNED_CONTEXT((#11319))
GLOBAL_UNIT_ASSIGNED_CONTEXT((#11361,#11347,#11333))
REPRESENTATION_CONTEXT('upper_ring','TOP_LEVEL_ASSEMBLY_PART')
);
#11306=(
GEOMETRIC_REPRESENTATION_CONTEXT(3)
GLOBAL_UNCERTAINTY_ASSIGNED_CONTEXT((#11320))
GLOBAL_UNIT_ASSIGNED_CONTEXT((#11362,#11348,#11334))
REPRESENTATION_CONTEXT('fin_can','TOP_LEVEL_ASSEMBLY_PART')
);
#11307=(
GEOMETRIC_REPRESENTATION_CONTEXT(3)
GLOBAL_UNCERTAINTY_ASSIGNED_CONTEXT((#11321))
GLOBAL_UNIT_ASSIGNED_CONTEXT((#11363,#11349,#11335))
REPRESENTATION_CONTEXT('sat_section','TOP_LEVEL_ASSEMBLY_PART')
);
#11308=(
GEOMETRIC_REPRESENTATION_CONTEXT(3)
GLOBAL_UNCERTAINTY_ASSIGNED_CONTEXT((#11322))
GLOBAL_UNIT_ASSIGNED_CONTEXT((#11364,#11350,#11336))
REPRESENTATION_CONTEXT('mid_ring','TOP_LEVEL_ASSEMBLY_PART')
);
#11309=(
GEOMETRIC_REPRESENTATION_CONTEXT(3)
GLOBAL_UNCERTAINTY_ASSIGNED_CONTEXT((#11323))
GLOBAL_UNIT_ASSIGNED_CONTEXT((#11365,#11351,#11337))
REPRESENTATION_CONTEXT('motor','TOP_LEVEL_ASSEMBLY_PART')
);
#11310=(
GEOMETRIC_REPRESENTATION_CONTEXT(3)
GLOBAL_UNCERTAINTY_ASSIGNED_CONTEXT((#11324))
GLOBAL_UNIT_ASSIGNED_CONTEXT((#11366,#11352,#11338))
REPRESENTATION_CONTEXT('transition','TOP_LEVEL_ASSEMBLY_PART')
);
#11311=(
GEOMETRIC_REPRESENTATION_CONTEXT(3)
GLOBAL_UNCERTAINTY_ASSIGNED_CONTEXT((#11325))
GLOBAL_UNIT_ASSIGNED_CONTEXT((#11367,#11353,#11339))
REPRESENTATION_CONTEXT('motor_housing','TOP_LEVEL_ASSEMBLY_PART')
);
#11312=(
GEOMETRIC_REPRESENTATION_CONTEXT(3)
GLOBAL_UNCERTAINTY_ASSIGNED_CONTEXT((#11326))
GLOBAL_UNIT_ASSIGNED_CONTEXT((#11368,#11354,#11340))
REPRESENTATION_CONTEXT('nosecone','TOP_LEVEL_ASSEMBLY_PART')
);
#11313=(
GEOMETRIC_REPRESENTATION_CONTEXT(3)
GLOBAL_UNCERTAINTY_ASSIGNED_CONTEXT((#11327))
GLOBAL_UNIT_ASSIGNED_CONTEXT((#11369,#11355,#11341))
REPRESENTATION_CONTEXT('bottom_recovery','TOP_LEVEL_ASSEMBLY_PART')
);
#11314=(
GEOMETRIC_REPRESENTATION_CONTEXT(3)
GLOBAL_UNCERTAINTY_ASSIGNED_CONTEXT((#11328))
GLOBAL_UNIT_ASSIGNED_CONTEXT((#11370,#11356,#11342))
REPRESENTATION_CONTEXT('lower_ring','TOP_LEVEL_ASSEMBLY_PART')
);
#11315=(
GEOMETRIC_REPRESENTATION_CONTEXT(3)
GLOBAL_UNCERTAINTY_ASSIGNED_CONTEXT((#11329))
GLOBAL_UNIT_ASSIGNED_CONTEXT((#11371,#11357,#11343))
REPRESENTATION_CONTEXT('bulk_head','TOP_LEVEL_ASSEMBLY_PART')
);
#11316=(
GEOMETRIC_REPRESENTATION_CONTEXT(3)
GLOBAL_UNCERTAINTY_ASSIGNED_CONTEXT((#11330))
GLOBAL_UNIT_ASSIGNED_CONTEXT((#11372,#11358,#11344))
REPRESENTATION_CONTEXT('servo','TOP_LEVEL_ASSEMBLY_PART')
);
#11317=(
GEOMETRIC_REPRESENTATION_CONTEXT(3)
GLOBAL_UNCERTAINTY_ASSIGNED_CONTEXT((#11331))
GLOBAL_UNIT_ASSIGNED_CONTEXT((#11373,#11359,#11345))
REPRESENTATION_CONTEXT('sat','TOP_LEVEL_ASSEMBLY_PART')
);
#11318=(
GEOMETRIC_REPRESENTATION_CONTEXT(3)
GLOBAL_UNCERTAINTY_ASSIGNED_CONTEXT((#11332))
GLOBAL_UNIT_ASSIGNED_CONTEXT((#11374,#11360,#11346))
REPRESENTATION_CONTEXT('top_recovery','TOP_LEVEL_ASSEMBLY_PART')
);
#11319=UNCERTAINTY_MEASURE_WITH_UNIT(LENGTH_MEASURE(1.E-8),#11361,
'DISTANCE_ACCURACY_VALUE','Maximum Tolerance applied to model');
#11320=UNCERTAINTY_MEASURE_WITH_UNIT(LENGTH_MEASURE(3.03247972047975E-5),
#11362,'DISTANCE_ACCURACY_VALUE','Maximum Tolerance applied to model');
#11321=UNCERTAINTY_MEASURE_WITH_UNIT(LENGTH_MEASURE(1.E-8),#11363,
'DISTANCE_ACCURACY_VALUE','Maximum Tolerance applied to model');
#11322=UNCERTAINTY_MEASURE_WITH_UNIT(LENGTH_MEASURE(1.E-8),#11364,
'DISTANCE_ACCURACY_VALUE','Maximum Tolerance applied to model');
#11323=UNCERTAINTY_MEASURE_WITH_UNIT(LENGTH_MEASURE(1.E-8),#11365,
'DISTANCE_ACCURACY_VALUE','Maximum Tolerance applied to model');
#11324=UNCERTAINTY_MEASURE_WITH_UNIT(LENGTH_MEASURE(1.E-8),#11366,
'DISTANCE_ACCURACY_VALUE','Maximum Tolerance applied to model');
#11325=UNCERTAINTY_MEASURE_WITH_UNIT(LENGTH_MEASURE(1.E-8),#11367,
'DISTANCE_ACCURACY_VALUE','Maximum Tolerance applied to model');
#11326=UNCERTAINTY_MEASURE_WITH_UNIT(LENGTH_MEASURE(1.E-8),#11368,
'DISTANCE_ACCURACY_VALUE','Maximum Tolerance applied to model');
#11327=UNCERTAINTY_MEASURE_WITH_UNIT(LENGTH_MEASURE(1.E-8),#11369,
'DISTANCE_ACCURACY_VALUE','Maximum Tolerance applied to model');
#11328=UNCERTAINTY_MEASURE_WITH_UNIT(LENGTH_MEASURE(1.E-8),#11370,
'DISTANCE_ACCURACY_VALUE','Maximum Tolerance applied to model');
#11329=UNCERTAINTY_MEASURE_WITH_UNIT(LENGTH_MEASURE(1.E-8),#11371,
'DISTANCE_ACCURACY_VALUE','Maximum Tolerance applied to model');
#11330=UNCERTAINTY_MEASURE_WITH_UNIT(LENGTH_MEASURE(1.E-8),#11372,
'DISTANCE_ACCURACY_VALUE','Maximum Tolerance applied to model');
#11331=UNCERTAINTY_MEASURE_WITH_UNIT(LENGTH_MEASURE(1.E-8),#11373,
'DISTANCE_ACCURACY_VALUE','Maximum Tolerance applied to model');
#11332=UNCERTAINTY_MEASURE_WITH_UNIT(LENGTH_MEASURE(2.E-5),#11374,
'DISTANCE_ACCURACY_VALUE','Maximum Tolerance applied to model');
#11333=(
NAMED_UNIT(*)
SI_UNIT($,.STERADIAN.)
SOLID_ANGLE_UNIT()
);
#11334=(
NAMED_UNIT(*)
SI_UNIT($,.STERADIAN.)
SOLID_ANGLE_UNIT()
);
#11335=(
NAMED_UNIT(*)
SI_UNIT($,.STERADIAN.)
SOLID_ANGLE_UNIT()
);
#11336=(
NAMED_UNIT(*)
SI_UNIT($,.STERADIAN.)
SOLID_ANGLE_UNIT()
);
#11337=(
NAMED_UNIT(*)
SI_UNIT($,.STERADIAN.)
SOLID_ANGLE_UNIT()
);
#11338=(
NAMED_UNIT(*)
SI_UNIT($,.STERADIAN.)
SOLID_ANGLE_UNIT()
);
#11339=(
NAMED_UNIT(*)
SI_UNIT($,.STERADIAN.)
SOLID_ANGLE_UNIT()
);
#11340=(
NAMED_UNIT(*)
SI_UNIT($,.STERADIAN.)
SOLID_ANGLE_UNIT()
);
#11341=(
NAMED_UNIT(*)
SI_UNIT($,.STERADIAN.)
SOLID_ANGLE_UNIT()
);
#11342=(
NAMED_UNIT(*)
SI_UNIT($,.STERADIAN.)
SOLID_ANGLE_UNIT()
);
#11343=(
NAMED_UNIT(*)
SI_UNIT($,.STERADIAN.)
SOLID_ANGLE_UNIT()
);
#11344=(
NAMED_UNIT(*)
SI_UNIT($,.STERADIAN.)
SOLID_ANGLE_UNIT()
);
#11345=(
NAMED_UNIT(*)
SI_UNIT($,.STERADIAN.)
SOLID_ANGLE_UNIT()
);
#11346=(
NAMED_UNIT(*)
SI_UNIT($,.STERADIAN.)
SOLID_ANGLE_UNIT()
);
#11347=(
NAMED_UNIT(*)
PLANE_ANGLE_UNIT()
SI_UNIT($,.RADIAN.)
);
#11348=(
NAMED_UNIT(*)
PLANE_ANGLE_UNIT()
SI_UNIT($,.RADIAN.)
);
#11349=(
NAMED_UNIT(*)
PLANE_ANGLE_UNIT()
SI_UNIT($,.RADIAN.)
);
#11350=(
NAMED_UNIT(*)
PLANE_ANGLE_UNIT()
SI_UNIT($,.RADIAN.)
);
#11351=(
NAMED_UNIT(*)
PLANE_ANGLE_UNIT()
SI_UNIT($,.RADIAN.)
);
#11352=(
NAMED_UNIT(*)
PLANE_ANGLE_UNIT()
SI_UNIT($,.RADIAN.)
);
#11353=(
NAMED_UNIT(*)
PLANE_ANGLE_UNIT()
SI_UNIT($,.RADIAN.)
);
#11354=(
NAMED_UNIT(*)
PLANE_ANGLE_UNIT()
SI_UNIT($,.RADIAN.)
);
#11355=(
NAMED_UNIT(*)
PLANE_ANGLE_UNIT()
SI_UNIT($,.RADIAN.)
);
#11356=(
NAMED_UNIT(*)
PLANE_ANGLE_UNIT()
SI_UNIT($,.RADIAN.)
);
#11357=(
NAMED_UNIT(*)
PLANE_ANGLE_UNIT()
SI_UNIT($,.RADIAN.)
);
#11358=(
NAMED_UNIT(*)
PLANE_ANGLE_UNIT()
SI_UNIT($,.RADIAN.)
);
#11359=(
NAMED_UNIT(*)
PLANE_ANGLE_UNIT()
SI_UNIT($,.RADIAN.)
);
#11360=(
NAMED_UNIT(*)
PLANE_ANGLE_UNIT()
SI_UNIT($,.RADIAN.)
);
#11361=(
LENGTH_UNIT()
NAMED_UNIT(*)
SI_UNIT($,.METRE.)
);
#11362=(
LENGTH_UNIT()
NAMED_UNIT(*)
SI_UNIT($,.METRE.)
);
#11363=(
LENGTH_UNIT()
NAMED_UNIT(*)
SI_UNIT($,.METRE.)
);
#11364=(
LENGTH_UNIT()
NAMED_UNIT(*)
SI_UNIT($,.METRE.)
);
#11365=(
LENGTH_UNIT()
NAMED_UNIT(*)
SI_UNIT($,.METRE.)
);
#11366=(
LENGTH_UNIT()
NAMED_UNIT(*)
SI_UNIT($,.METRE.)
);
#11367=(
LENGTH_UNIT()
NAMED_UNIT(*)
SI_UNIT($,.METRE.)
);
#11368=(
LENGTH_UNIT()
NAMED_UNIT(*)
SI_UNIT($,.METRE.)
);
#11369=(
LENGTH_UNIT()
NAMED_UNIT(*)
SI_UNIT($,.METRE.)
);
#11370=(
LENGTH_UNIT()
NAMED_UNIT(*)
SI_UNIT($,.METRE.)
);
#11371=(
LENGTH_UNIT()
NAMED_UNIT(*)
SI_UNIT($,.METRE.)
);
#11372=(
LENGTH_UNIT()
NAMED_UNIT(*)
SI_UNIT($,.METRE.)
);
#11373=(
LENGTH_UNIT()
NAMED_UNIT(*)
SI_UNIT($,.METRE.)
);
#11374=(
LENGTH_UNIT()
NAMED_UNIT(*)
SI_UNIT($,.METRE.)
);
#11375=PRODUCT_DEFINITION_SHAPE('','',#11389);
#11376=PRODUCT_DEFINITION_SHAPE('','',#11390);
#11377=PRODUCT_DEFINITION_SHAPE('','',#11391);
#11378=PRODUCT_DEFINITION_SHAPE('','',#11392);
#11379=PRODUCT_DEFINITION_SHAPE('','',#11393);
#11380=PRODUCT_DEFINITION_SHAPE('','',#11394);
#11381=PRODUCT_DEFINITION_SHAPE('','',#11395);
#11382=PRODUCT_DEFINITION_SHAPE('','',#11396);
#11383=PRODUCT_DEFINITION_SHAPE('','',#11397);
#11384=PRODUCT_DEFINITION_SHAPE('','',#11398);
#11385=PRODUCT_DEFINITION_SHAPE('','',#11399);
#11386=PRODUCT_DEFINITION_SHAPE('','',#11400);
#11387=PRODUCT_DEFINITION_SHAPE('','',#11401);
#11388=PRODUCT_DEFINITION_SHAPE('','',#11402);
#11389=PRODUCT_DEFINITION('','',#11417,#11403);
#11390=PRODUCT_DEFINITION('','',#11418,#11404);
#11391=PRODUCT_DEFINITION('','',#11419,#11405);
#11392=PRODUCT_DEFINITION('','',#11420,#11406);
#11393=PRODUCT_DEFINITION('','',#11421,#11407);
#11394=PRODUCT_DEFINITION('','',#11422,#11408);
#11395=PRODUCT_DEFINITION('','',#11423,#11409);
#11396=PRODUCT_DEFINITION('','',#11424,#11410);
#11397=PRODUCT_DEFINITION('','',#11425,#11411);
#11398=PRODUCT_DEFINITION('','',#11426,#11412);
#11399=PRODUCT_DEFINITION('','',#11427,#11413);
#11400=PRODUCT_DEFINITION('','',#11428,#11414);
#11401=PRODUCT_DEFINITION('','',#11429,#11415);
#11402=PRODUCT_DEFINITION('','',#11430,#11416);
#11403=PRODUCT_DEFINITION_CONTEXT('',#11501,'design');
#11404=PRODUCT_DEFINITION_CONTEXT('',#11502,'design');
#11405=PRODUCT_DEFINITION_CONTEXT('',#11503,'design');
#11406=PRODUCT_DEFINITION_CONTEXT('',#11504,'design');
#11407=PRODUCT_DEFINITION_CONTEXT('',#11505,'design');
#11408=PRODUCT_DEFINITION_CONTEXT('',#11506,'design');
#11409=PRODUCT_DEFINITION_CONTEXT('',#11507,'design');
#11410=PRODUCT_DEFINITION_CONTEXT('',#11508,'design');
#11411=PRODUCT_DEFINITION_CONTEXT('',#11509,'design');
#11412=PRODUCT_DEFINITION_CONTEXT('',#11510,'design');
#11413=PRODUCT_DEFINITION_CONTEXT('',#11511,'design');
#11414=PRODUCT_DEFINITION_CONTEXT('',#11512,'design');
#11415=PRODUCT_DEFINITION_CONTEXT('',#11513,'design');
#11416=PRODUCT_DEFINITION_CONTEXT('',#11514,'design');
#11417=PRODUCT_DEFINITION_FORMATION_WITH_SPECIFIED_SOURCE('','',#11445,
 .NOT_KNOWN.);
#11418=PRODUCT_DEFINITION_FORMATION_WITH_SPECIFIED_SOURCE('','',#11446,
 .NOT_KNOWN.);
#11419=PRODUCT_DEFINITION_FORMATION_WITH_SPECIFIED_SOURCE('','',#11447,
 .NOT_KNOWN.);
#11420=PRODUCT_DEFINITION_FORMATION_WITH_SPECIFIED_SOURCE('','',#11448,
 .NOT_KNOWN.);
#11421=PRODUCT_DEFINITION_FORMATION_WITH_SPECIFIED_SOURCE('','',#11449,
 .NOT_KNOWN.);
#11422=PRODUCT_DEFINITION_FORMATION_WITH_SPECIFIED_SOURCE('','',#11450,
 .NOT_KNOWN.);
#11423=PRODUCT_DEFINITION_FORMATION_WITH_SPECIFIED_SOURCE('','',#11451,
 .NOT_KNOWN.);
#11424=PRODUCT_DEFINITION_FORMATION_WITH_SPECIFIED_SOURCE('','',#11452,
 .NOT_KNOWN.);
#11425=PRODUCT_DEFINITION_FORMATION_WITH_SPECIFIED_SOURCE('','',#11453,
 .NOT_KNOWN.);
#11426=PRODUCT_DEFINITION_FORMATION_WITH_SPECIFIED_SOURCE('','',#11454,
 .NOT_KNOWN.);
#11427=PRODUCT_DEFINITION_FORMATION_WITH_SPECIFIED_SOURCE('','',#11455,
 .NOT_KNOWN.);
#11428=PRODUCT_DEFINITION_FORMATION_WITH_SPECIFIED_SOURCE('','',#11456,
 .NOT_KNOWN.);
#11429=PRODUCT_DEFINITION_FORMATION_WITH_SPECIFIED_SOURCE('','',#11457,
 .NOT_KNOWN.);
#11430=PRODUCT_DEFINITION_FORMATION_WITH_SPECIFIED_SOURCE('','',#11458,
 .NOT_KNOWN.);
#11431=PRODUCT_RELATED_PRODUCT_CATEGORY('','',(#11445));
#11432=PRODUCT_RELATED_PRODUCT_CATEGORY('','',(#11446));
#11433=PRODUCT_RELATED_PRODUCT_CATEGORY('','',(#11447));
#11434=PRODUCT_RELATED_PRODUCT_CATEGORY('','',(#11448));
#11435=PRODUCT_RELATED_PRODUCT_CATEGORY('','',(#11449));
#11436=PRODUCT_RELATED_PRODUCT_CATEGORY('','',(#11450));
#11437=PRODUCT_RELATED_PRODUCT_CATEGORY('','',(#11451));
#11438=PRODUCT_RELATED_PRODUCT_CATEGORY('','',(#11452));
#11439=PRODUCT_RELATED_PRODUCT_CATEGORY('','',(#11453));
#11440=PRODUCT_RELATED_PRODUCT_CATEGORY('','',(#11454));
#11441=PRODUCT_RELATED_PRODUCT_CATEGORY('','',(#11455));
#11442=PRODUCT_RELATED_PRODUCT_CATEGORY('','',(#11456));
#11443=PRODUCT_RELATED_PRODUCT_CATEGORY('','',(#11457));
#11444=PRODUCT_RELATED_PRODUCT_CATEGORY('','',(#11458));
#11445=PRODUCT('upper_ring','upper_ring','upper_ring',(#11473));
#11446=PRODUCT('fin_can','fin_can','fin_can',(#11474));
#11447=PRODUCT('sat_section','sat_section','sat_section',(#11475));
#11448=PRODUCT('mid_ring','mid_ring','mid_ring',(#11476));
#11449=PRODUCT('motor','motor','motor',(#11477));
#11450=PRODUCT('transition','transition','transition',(#11478));
#11451=PRODUCT('motor_housing','motor_housing','motor_housing',(#11479));
#11452=PRODUCT('nosecone','nosecone','nosecone',(#11480));
#11453=PRODUCT('bottom_recovery','bottom_recovery','bottom_recovery',(#11481));
#11454=PRODUCT('lower_ring','lower_ring','lower_ring',(#11482));
#11455=PRODUCT('bulk_head','bulk_head','bulk_head',(#11483));
#11456=PRODUCT('servo','servo','servo',(#11484));
#11457=PRODUCT('sat','sat','sat',(#11485));
#11458=PRODUCT('top_recovery','top_recovery','top_recovery',(#11486));
#11459=PRODUCT_CATEGORY('','');
#11460=PRODUCT_CATEGORY('','');
#11461=PRODUCT_CATEGORY('','');
#11462=PRODUCT_CATEGORY('','');
#11463=PRODUCT_CATEGORY('','');
#11464=PRODUCT_CATEGORY('','');
#11465=PRODUCT_CATEGORY('','');
#11466=PRODUCT_CATEGORY('','');
#11467=PRODUCT_CATEGORY('','');
#11468=PRODUCT_CATEGORY('','');
#11469=PRODUCT_CATEGORY('','');
#11470=PRODUCT_CATEGORY('','');
#11471=PRODUCT_CATEGORY('','');
#11472=PRODUCT_CATEGORY('','');
#11473=PRODUCT_CONTEXT('',#11501,'mechanical');
#11474=PRODUCT_CONTEXT('',#11502,'mechanical');
#11475=PRODUCT_CONTEXT('',#11503,'mechanical');
#11476=PRODUCT_CONTEXT('',#11504,'mechanical');
#11477=PRODUCT_CONTEXT('',#11505,'mechanical');
#11478=PRODUCT_CONTEXT('',#11506,'mechanical');
#11479=PRODUCT_CONTEXT('',#11507,'mechanical');
#11480=PRODUCT_CONTEXT('',#11508,'mechanical');
#11481=PRODUCT_CONTEXT('',#11509,'mechanical');
#11482=PRODUCT_CONTEXT('',#11510,'mechanical');
#11483=PRODUCT_CONTEXT('',#11511,'mechanical');
#11484=PRODUCT_CONTEXT('',#11512,'mechanical');
#11485=PRODUCT_CONTEXT('',#11513,'mechanical');
#11486=PRODUCT_CONTEXT('',#11514,'mechanical');
#11487=APPLICATION_PROTOCOL_DEFINITION('international standard',
'ap242_managed_model_based_3d_engineering',2020,#11501);
#11488=APPLICATION_PROTOCOL_DEFINITION('international standard',
'ap242_managed_model_based_3d_engineering',2020,#11502);
#11489=APPLICATION_PROTOCOL_DEFINITION('international standard',
'ap242_managed_model_based_3d_engineering',2020,#11503);
#11490=APPLICATION_PROTOCOL_DEFINITION('international standard',
'ap242_managed_model_based_3d_engineering',2020,#11504);
#11491=APPLICATION_PROTOCOL_DEFINITION('international standard',
'ap242_managed_model_based_3d_engineering',2020,#11505);
#11492=APPLICATION_PROTOCOL_DEFINITION('international standard',
'ap242_managed_model_based_3d_engineering',2020,#11506);
#11493=APPLICATION_PROTOCOL_DEFINITION('international standard',
'ap242_managed_model_based_3d_engineering',2020,#11507);
#11494=APPLICATION_PROTOCOL_DEFINITION('international standard',
'ap242_managed_model_based_3d_engineering',2020,#11508);
#11495=APPLICATION_PROTOCOL_DEFINITION('international standard',
'ap242_managed_model_based_3d_engineering',2020,#11509);
#11496=APPLICATION_PROTOCOL_DEFINITION('international standard',
'ap242_managed_model_based_3d_engineering',2020,#11510);
#11497=APPLICATION_PROTOCOL_DEFINITION('international standard',
'ap242_managed_model_based_3d_engineering',2020,#11511);
#11498=APPLICATION_PROTOCOL_DEFINITION('international standard',
'ap242_managed_model_based_3d_engineering',2020,#11512);
#11499=APPLICATION_PROTOCOL_DEFINITION('international standard',
'ap242_managed_model_based_3d_engineering',2020,#11513);
#11500=APPLICATION_PROTOCOL_DEFINITION('international standard',
'ap242_managed_model_based_3d_engineering',2020,#11514);
#11501=APPLICATION_CONTEXT('managed model based 3d engineering');
#11502=APPLICATION_CONTEXT('managed model based 3d engineering');
#11503=APPLICATION_CONTEXT('managed model based 3d engineering');
#11504=APPLICATION_CONTEXT('managed model based 3d engineering');
#11505=APPLICATION_CONTEXT('managed model based 3d engineering');
#11506=APPLICATION_CONTEXT('managed model based 3d engineering');
#11507=APPLICATION_CONTEXT('managed model based 3d engineering');
#11508=APPLICATION_CONTEXT('managed model based 3d engineering');
#11509=APPLICATION_CONTEXT('managed model based 3d engineering');
#11510=APPLICATION_CONTEXT('managed model based 3d engineering');
#11511=APPLICATION_CONTEXT('managed model based 3d engineering');
#11512=APPLICATION_CONTEXT('managed model based 3d engineering');
#11513=APPLICATION_CONTEXT('managed model based 3d engineering');
#11514=APPLICATION_CONTEXT('managed model based 3d engineering');
ENDSEC;
END-ISO-10303-21;
